transaction_id,decision
TXN-2026-00000,allow
TXN-2026-00001,allow
TXN-2026-00002,allow
TXN-2026-00003,allow
TXN-2026-00004,review
TXN-2026-00005,allow
TXN-2026-00006,allow
TXN-2026-00007,allow
TXN-2026-00008,allow
TXN-2026-00009,allow
TXN-2026-00010,block
TXN-2026-00011,block
TXN-2026-00012,allow
TXN-2026-00013,allow
TXN-2026-00014,allow
TXN-2026-00015,allow
TXN-2026-00016,allow
TXN-2026-00017,allow
TXN-2026-00018,allow
TXN-2026-00019,allow
TXN-2026-00020,allow
TXN-2026-00021,allow
TXN-2026-00022,allow
TXN-2026-00023,allow
TXN-2026-00024,allow
TXN-2026-00025,allow
TXN-2026-00026,allow
TXN-2026-00027,allow
TXN-2026-00028,allow
TXN-2026-00029,review
TXN-2026-00030,allow
TXN-2026-00031,allow
TXN-2026-00032,allow
TXN-2026-00033,block
TXN-2026-00034,allow
TXN-2026-00035,allow
TXN-2026-00036,allow
TXN-2026-00037,allow
TXN-2026-00038,allow
TXN-2026-00039,allow
TXN-2026-00040,review
TXN-2026-00041,allow
TXN-2026-00042,allow
TXN-2026-00043,block
TXN-2026-00044,allow
TXN-2026-00045,review
TXN-2026-00046,allow
TXN-2026-00047,allow
TXN-2026-00048,allow
TXN-2026-00049,allow
TXN-2026-00050,allow
TXN-2026-00051,allow
TXN-2026-00052,allow
TXN-2026-00053,block
TXN-2026-00054,allow
TXN-2026-00055,allow
TXN-2026-00056,allow
TXN-2026-00057,allow
TXN-2026-00058,block
TXN-2026-00059,allow
TXN-2026-00060,allow
TXN-2026-00061,allow
TXN-2026-00062,allow
TXN-2026-00063,allow
TXN-2026-00064,allow
TXN-2026-00065,allow
TXN-2026-00066,allow
TXN-2026-00067,block
TXN-2026-00068,allow
TXN-2026-00069,allow
TXN-2026-00070,allow
TXN-2026-00071,allow
TXN-2026-00072,allow
TXN-2026-00073,allow
TXN-2026-00074,allow
TXN-2026-00075,allow
TXN-2026-00076,allow
TXN-2026-00077,allow
TXN-2026-00078,block
TXN-2026-00079,allow
TXN-2026-00080,allow
TXN-2026-00081,allow
TXN-2026-00082,allow
TXN-2026-00083,block
TXN-2026-00084,allow
TXN-2026-00085,allow
TXN-2026-00086,allow
TXN-2026-00087,allow
TXN-2026-00088,allow
TXN-2026-00089,allow
TXN-2026-00090,allow
TXN-2026-00091,allow
TXN-2026-00092,review
TXN-2026-00093,allow
TXN-2026-00094,allow
TXN-2026-00095,allow
TXN-2026-00096,allow
TXN-2026-00097,block
TXN-2026-00098,allow
TXN-2026-00099,allow
TXN-2026-00100,review
TXN-2026-00101,allow
TXN-2026-00102,allow
TXN-2026-00103,allow
TXN-2026-00104,allow
TXN-2026-00105,review
TXN-2026-00106,allow
TXN-2026-00107,allow
TXN-2026-00108,allow
TXN-2026-00109,allow
TXN-2026-00110,allow
TXN-2026-00111,allow
TXN-2026-00112,allow
TXN-2026-00113,allow
TXN-2026-00114,allow
TXN-2026-00115,allow
TXN-2026-00116,allow
TXN-2026-00117,allow
TXN-2026-00118,allow
TXN-2026-00119,allow
TXN-2026-00120,allow
TXN-2026-00121,allow
TXN-2026-00122,allow
TXN-2026-00123,block
TXN-2026-00124,allow
TXN-2026-00125,allow
TXN-2026-00126,allow
TXN-2026-00127,allow
TXN-2026-00128,allow
TXN-2026-00129,allow
TXN-2026-00130,allow
TXN-2026-00131,allow
TXN-2026-00132,allow
TXN-2026-00133,allow
TXN-2026-00134,allow
TXN-2026-00135,allow
TXN-2026-00136,allow
TXN-2026-00137,allow
TXN-2026-00138,allow
TXN-2026-00139,allow
TXN-2026-00140,allow
TXN-2026-00141,allow
TXN-2026-00142,allow
TXN-2026-00143,block
TXN-2026-00144,allow
TXN-2026-00145,allow
TXN-2026-00146,allow
TXN-2026-00147,allow
TXN-2026-00148,allow
TXN-2026-00149,allow
TXN-2026-00150,allow
TXN-2026-00151,allow
TXN-2026-00152,allow
TXN-2026-00153,allow
TXN-2026-00154,allow
TXN-2026-00155,allow
TXN-2026-00156,allow
TXN-2026-00157,allow
TXN-2026-00158,allow
TXN-2026-00159,allow
TXN-2026-00160,allow
TXN-2026-00161,allow
TXN-2026-00162,allow
TXN-2026-00163,allow
TXN-2026-00164,allow
TXN-2026-00165,review
TXN-2026-00166,allow
TXN-2026-00167,allow
TXN-2026-00168,allow
TXN-2026-00169,allow
TXN-2026-00170,allow
TXN-2026-00171,allow
TXN-2026-00172,allow
TXN-2026-00173,block
TXN-2026-00174,allow
TXN-2026-00175,allow
TXN-2026-00176,allow
TXN-2026-00177,allow
TXN-2026-00178,allow
TXN-2026-00179,allow
TXN-2026-00180,allow
TXN-2026-00181,allow
TXN-2026-00182,allow
TXN-2026-00183,allow
TXN-2026-00184,allow
TXN-2026-00185,allow
TXN-2026-00186,allow
TXN-2026-00187,block
TXN-2026-00188,allow
TXN-2026-00189,block
TXN-2026-00190,allow
TXN-2026-00191,allow
TXN-2026-00192,allow
TXN-2026-00193,allow
TXN-2026-00194,allow
TXN-2026-00195,allow
TXN-2026-00196,block
TXN-2026-00197,allow
TXN-2026-00198,allow
TXN-2026-00199,allow
TXN-2026-00200,allow
TXN-2026-00201,allow
TXN-2026-00202,allow
TXN-2026-00203,allow
TXN-2026-00204,allow
TXN-2026-00205,allow
TXN-2026-00206,allow
TXN-2026-00207,allow
TXN-2026-00208,allow
TXN-2026-00209,allow
TXN-2026-00210,allow
TXN-2026-00211,allow
TXN-2026-00212,allow
TXN-2026-00213,allow
TXN-2026-00214,allow
TXN-2026-00215,allow
TXN-2026-00216,allow
TXN-2026-00217,allow
TXN-2026-00218,allow
TXN-2026-00219,allow
TXN-2026-00220,review
TXN-2026-00221,allow
TXN-2026-00222,allow
TXN-2026-00223,block
TXN-2026-00224,allow
TXN-2026-00225,allow
TXN-2026-00226,allow
TXN-2026-00227,allow
TXN-2026-00228,review
TXN-2026-00229,allow
TXN-2026-00230,allow
TXN-2026-00231,allow
TXN-2026-00232,allow
TXN-2026-00233,allow
TXN-2026-00234,allow
TXN-2026-00235,allow
TXN-2026-00236,allow
TXN-2026-00237,block
TXN-2026-00238,allow
TXN-2026-00239,allow
TXN-2026-00240,allow
TXN-2026-00241,allow
TXN-2026-00242,allow
TXN-2026-00243,allow
TXN-2026-00244,allow
TXN-2026-00245,allow
TXN-2026-00246,allow
TXN-2026-00247,allow
TXN-2026-00248,allow
TXN-2026-00249,allow
TXN-2026-00250,allow
TXN-2026-00251,block
TXN-2026-00252,allow
TXN-2026-00253,allow
TXN-2026-00254,allow
TXN-2026-00255,allow
TXN-2026-00256,allow
TXN-2026-00257,allow
TXN-2026-00258,allow
TXN-2026-00259,allow
TXN-2026-00260,block
TXN-2026-00261,allow
TXN-2026-00262,allow
TXN-2026-00263,allow
TXN-2026-00264,review
TXN-2026-00265,allow
TXN-2026-00266,allow
TXN-2026-00267,block
TXN-2026-00268,allow
TXN-2026-00269,allow
TXN-2026-00270,allow
TXN-2026-00271,allow
TXN-2026-00272,allow
TXN-2026-00273,block
TXN-2026-00274,allow
TXN-2026-00275,allow
TXN-2026-00276,allow
TXN-2026-00277,allow
TXN-2026-00278,block
TXN-2026-00279,allow
TXN-2026-00280,allow
TXN-2026-00281,review
TXN-2026-00282,block
TXN-2026-00283,allow
TXN-2026-00284,allow
TXN-2026-00285,allow
TXN-2026-00286,allow
TXN-2026-00287,allow
TXN-2026-00288,allow
TXN-2026-00289,allow
TXN-2026-00290,allow
TXN-2026-00291,allow
TXN-2026-00292,allow
TXN-2026-00293,allow
TXN-2026-00294,allow
TXN-2026-00295,block
TXN-2026-00296,allow
TXN-2026-00297,allow
TXN-2026-00298,allow
TXN-2026-00299,block
TXN-2026-00300,allow
TXN-2026-00301,allow
TXN-2026-00302,allow
TXN-2026-00303,allow
TXN-2026-00304,allow
TXN-2026-00305,allow
TXN-2026-00306,allow
TXN-2026-00307,allow
TXN-2026-00308,allow
TXN-2026-00309,allow
TXN-2026-00310,allow
TXN-2026-00311,review
TXN-2026-00312,allow
TXN-2026-00313,allow
TXN-2026-00314,allow
TXN-2026-00315,allow
TXN-2026-00316,allow
TXN-2026-00317,review
TXN-2026-00318,allow
TXN-2026-00319,allow
TXN-2026-00320,allow
TXN-2026-00321,allow
TXN-2026-00322,allow
TXN-2026-00323,allow
TXN-2026-00324,allow
TXN-2026-00325,allow
TXN-2026-00326,allow
TXN-2026-00327,block
TXN-2026-00328,allow
TXN-2026-00329,block
TXN-2026-00330,allow
TXN-2026-00331,allow
TXN-2026-00332,allow
TXN-2026-00333,allow
TXN-2026-00334,allow
TXN-2026-00335,allow
TXN-2026-00336,allow
TXN-2026-00337,allow
TXN-2026-00338,allow
TXN-2026-00339,allow
TXN-2026-00340,allow
TXN-2026-00341,allow
TXN-2026-00342,allow
TXN-2026-00343,allow
TXN-2026-00344,allow
TXN-2026-00345,allow
TXN-2026-00346,allow
TXN-2026-00347,block
TXN-2026-00348,allow
TXN-2026-00349,allow
TXN-2026-00350,allow
TXN-2026-00351,block
TXN-2026-00352,allow
TXN-2026-00353,allow
TXN-2026-00354,allow
TXN-2026-00355,allow
TXN-2026-00356,allow
TXN-2026-00357,allow
TXN-2026-00358,allow
TXN-2026-00359,allow
TXN-2026-00360,allow
TXN-2026-00361,allow
TXN-2026-00362,allow
TXN-2026-00363,allow
TXN-2026-00364,allow
TXN-2026-00365,allow
TXN-2026-00366,allow
TXN-2026-00367,allow
TXN-2026-00368,allow
TXN-2026-00369,allow
TXN-2026-00370,allow
TXN-2026-00371,allow
TXN-2026-00372,allow
TXN-2026-00373,allow
TXN-2026-00374,allow
TXN-2026-00375,allow
TXN-2026-00376,allow
TXN-2026-00377,allow
TXN-2026-00378,allow
TXN-2026-00379,allow
TXN-2026-00380,allow
TXN-2026-00381,allow
TXN-2026-00382,allow
TXN-2026-00383,allow
TXN-2026-00384,allow
TXN-2026-00385,allow
TXN-2026-00386,allow
TXN-2026-00387,allow
TXN-2026-00388,block
TXN-2026-00389,allow
TXN-2026-00390,allow
TXN-2026-00391,allow
TXN-2026-00392,review
TXN-2026-00393,review
TXN-2026-00394,review
TXN-2026-00395,allow
TXN-2026-00396,allow
TXN-2026-00397,allow
TXN-2026-00398,allow
TXN-2026-00399,allow
TXN-2026-00400,allow
TXN-2026-00401,allow
TXN-2026-00402,block
TXN-2026-00403,allow
TXN-2026-00404,block
TXN-2026-00405,allow
TXN-2026-00406,allow
TXN-2026-00407,allow
TXN-2026-00408,allow
TXN-2026-00409,allow
TXN-2026-00410,review
TXN-2026-00411,allow
TXN-2026-00412,allow
TXN-2026-00413,allow
TXN-2026-00414,allow
TXN-2026-00415,allow
TXN-2026-00416,allow
TXN-2026-00417,allow
TXN-2026-00418,allow
TXN-2026-00419,allow
TXN-2026-00420,allow
TXN-2026-00421,allow
TXN-2026-00422,allow
TXN-2026-00423,allow
TXN-2026-00424,allow
TXN-2026-00425,allow
TXN-2026-00426,allow
TXN-2026-00427,allow
TXN-2026-00428,allow
TXN-2026-00429,block
TXN-2026-00430,allow
TXN-2026-00431,allow
TXN-2026-00432,allow
TXN-2026-00433,allow
TXN-2026-00434,allow
TXN-2026-00435,allow
TXN-2026-00436,review
TXN-2026-00437,allow
TXN-2026-00438,allow
TXN-2026-00439,allow
TXN-2026-00440,allow
TXN-2026-00441,block
TXN-2026-00442,allow
TXN-2026-00443,allow
TXN-2026-00444,review
TXN-2026-00445,allow
TXN-2026-00446,allow
TXN-2026-00447,allow
TXN-2026-00448,allow
TXN-2026-00449,allow
TXN-2026-00450,block
TXN-2026-00451,allow
TXN-2026-00452,allow
TXN-2026-00453,allow
TXN-2026-00454,review
TXN-2026-00455,allow
TXN-2026-00456,allow
TXN-2026-00457,allow
TXN-2026-00458,allow
TXN-2026-00459,allow
TXN-2026-00460,allow
TXN-2026-00461,allow
TXN-2026-00462,allow
TXN-2026-00463,allow
TXN-2026-00464,allow
TXN-2026-00465,block
TXN-2026-00466,allow
TXN-2026-00467,allow
TXN-2026-00468,allow
TXN-2026-00469,allow
TXN-2026-00470,allow
TXN-2026-00471,block
TXN-2026-00472,allow
TXN-2026-00473,allow
TXN-2026-00474,allow
TXN-2026-00475,allow
TXN-2026-00476,allow
TXN-2026-00477,review
TXN-2026-00478,allow
TXN-2026-00479,allow
TXN-2026-00480,allow
TXN-2026-00481,allow
TXN-2026-00482,allow
TXN-2026-00483,review
TXN-2026-00484,review
TXN-2026-00485,allow
TXN-2026-00486,allow
TXN-2026-00487,allow
TXN-2026-00488,allow
TXN-2026-00489,allow
TXN-2026-00490,allow
TXN-2026-00491,allow
TXN-2026-00492,allow
TXN-2026-00493,allow
TXN-2026-00494,allow
TXN-2026-00495,allow
TXN-2026-00496,allow
TXN-2026-00497,allow
TXN-2026-00498,review
TXN-2026-00499,allow
TXN-2026-00500,allow
TXN-2026-00501,allow
TXN-2026-00502,allow
TXN-2026-00503,allow
TXN-2026-00504,allow
TXN-2026-00505,allow
TXN-2026-00506,allow
TXN-2026-00507,allow
TXN-2026-00508,review
TXN-2026-00509,allow
TXN-2026-00510,allow
TXN-2026-00511,allow
TXN-2026-00512,allow
TXN-2026-00513,allow
TXN-2026-00514,allow
TXN-2026-00515,allow
TXN-2026-00516,allow
TXN-2026-00517,allow
TXN-2026-00518,review
TXN-2026-00519,allow
TXN-2026-00520,block
TXN-2026-00521,allow
TXN-2026-00522,allow
TXN-2026-00523,allow
TXN-2026-00524,allow
TXN-2026-00525,allow
TXN-2026-00526,allow
TXN-2026-00527,allow
TXN-2026-00528,allow
TXN-2026-00529,block
TXN-2026-00530,review
TXN-2026-00531,allow
TXN-2026-00532,allow
TXN-2026-00533,allow
TXN-2026-00534,allow
TXN-2026-00535,allow
TXN-2026-00536,allow
TXN-2026-00537,block
TXN-2026-00538,allow
TXN-2026-00539,allow
TXN-2026-00540,allow
TXN-2026-00541,allow
TXN-2026-00542,allow
TXN-2026-00543,allow
TXN-2026-00544,allow
TXN-2026-00545,allow
TXN-2026-00546,allow
TXN-2026-00547,allow
TXN-2026-00548,allow
TXN-2026-00549,allow
TXN-2026-00550,allow
TXN-2026-00551,allow
TXN-2026-00552,allow
TXN-2026-00553,allow
TXN-2026-00554,allow
TXN-2026-00555,allow
TXN-2026-00556,allow
TXN-2026-00557,allow
TXN-2026-00558,allow
TXN-2026-00559,allow
TXN-2026-00560,allow
TXN-2026-00561,block
TXN-2026-00562,allow
TXN-2026-00563,review
TXN-2026-00564,allow
TXN-2026-00565,allow
TXN-2026-00566,allow
TXN-2026-00567,allow
TXN-2026-00568,allow
TXN-2026-00569,allow
TXN-2026-00570,allow
TXN-2026-00571,allow
TXN-2026-00572,allow
TXN-2026-00573,block
TXN-2026-00574,block
TXN-2026-00575,allow
TXN-2026-00576,allow
TXN-2026-00577,allow
TXN-2026-00578,review
TXN-2026-00579,allow
TXN-2026-00580,review
TXN-2026-00581,allow
TXN-2026-00582,allow
TXN-2026-00583,allow
TXN-2026-00584,allow
TXN-2026-00585,block
TXN-2026-00586,review
TXN-2026-00587,review
TXN-2026-00588,allow
TXN-2026-00589,review
TXN-2026-00590,block
TXN-2026-00591,allow
TXN-2026-00592,allow
TXN-2026-00593,review
TXN-2026-00594,allow
TXN-2026-00595,allow
TXN-2026-00596,allow
TXN-2026-00597,block
TXN-2026-00598,allow
TXN-2026-00599,allow
TXN-2026-00600,allow
TXN-2026-00601,allow
TXN-2026-00602,block
TXN-2026-00603,allow
TXN-2026-00604,allow
TXN-2026-00605,allow
TXN-2026-00606,review
TXN-2026-00607,review
TXN-2026-00608,block
TXN-2026-00609,review
TXN-2026-00610,allow
TXN-2026-00611,allow
TXN-2026-00612,block
TXN-2026-00613,allow
TXN-2026-00614,allow
TXN-2026-00615,allow
TXN-2026-00616,allow
TXN-2026-00617,allow
TXN-2026-00618,allow
TXN-2026-00619,allow
TXN-2026-00620,allow
TXN-2026-00621,allow
TXN-2026-00622,allow
TXN-2026-00623,allow
TXN-2026-00624,allow
TXN-2026-00625,allow
TXN-2026-00626,allow
TXN-2026-00627,allow
TXN-2026-00628,allow
TXN-2026-00629,review
TXN-2026-00630,allow
TXN-2026-00631,allow
TXN-2026-00632,allow
TXN-2026-00633,allow
TXN-2026-00634,allow
TXN-2026-00635,allow
TXN-2026-00636,block
TXN-2026-00637,allow
TXN-2026-00638,review
TXN-2026-00639,allow
TXN-2026-00640,allow
TXN-2026-00641,block
TXN-2026-00642,allow
TXN-2026-00643,allow
TXN-2026-00644,allow
TXN-2026-00645,allow
TXN-2026-00646,allow
TXN-2026-00647,allow
TXN-2026-00648,allow
TXN-2026-00649,allow
TXN-2026-00650,allow
TXN-2026-00651,allow
TXN-2026-00652,allow
TXN-2026-00653,allow
TXN-2026-00654,allow
TXN-2026-00655,allow
TXN-2026-00656,allow
TXN-2026-00657,allow
TXN-2026-00658,allow
TXN-2026-00659,allow
TXN-2026-00660,allow
TXN-2026-00661,allow
TXN-2026-00662,allow
TXN-2026-00663,allow
TXN-2026-00664,allow
TXN-2026-00665,allow
TXN-2026-00666,review
TXN-2026-00667,allow
TXN-2026-00668,allow
TXN-2026-00669,allow
TXN-2026-00670,allow
TXN-2026-00671,allow
TXN-2026-00672,allow
TXN-2026-00673,allow
TXN-2026-00674,allow
TXN-2026-00675,allow
TXN-2026-00676,allow
TXN-2026-00677,allow
TXN-2026-00678,allow
TXN-2026-00679,allow
TXN-2026-00680,allow
TXN-2026-00681,allow
TXN-2026-00682,allow
TXN-2026-00683,allow
TXN-2026-00684,allow
TXN-2026-00685,allow
TXN-2026-00686,allow
TXN-2026-00687,allow
TXN-2026-00688,review
TXN-2026-00689,allow
TXN-2026-00690,allow
TXN-2026-00691,block
TXN-2026-00692,allow
TXN-2026-00693,allow
TXN-2026-00694,allow
TXN-2026-00695,allow
TXN-2026-00696,allow
TXN-2026-00697,allow
TXN-2026-00698,allow
TXN-2026-00699,allow
TXN-2026-00700,allow
TXN-2026-00701,allow
TXN-2026-00702,allow
TXN-2026-00703,block
TXN-2026-00704,allow
TXN-2026-00705,allow
TXN-2026-00706,allow
TXN-2026-00707,allow
TXN-2026-00708,block
TXN-2026-00709,allow
TXN-2026-00710,allow
TXN-2026-00711,allow
TXN-2026-00712,allow
TXN-2026-00713,allow
TXN-2026-00714,allow
TXN-2026-00715,allow
TXN-2026-00716,allow
TXN-2026-00717,allow
TXN-2026-00718,allow
TXN-2026-00719,allow
TXN-2026-00720,allow
TXN-2026-00721,allow
TXN-2026-00722,allow
TXN-2026-00723,allow
TXN-2026-00724,allow
TXN-2026-00725,allow
TXN-2026-00726,allow
TXN-2026-00727,allow
TXN-2026-00728,allow
TXN-2026-00729,block
TXN-2026-00730,allow
TXN-2026-00731,allow
TXN-2026-00732,allow
TXN-2026-00733,allow
TXN-2026-00734,allow
TXN-2026-00735,allow
TXN-2026-00736,review
TXN-2026-00737,block
TXN-2026-00738,allow
TXN-2026-00739,block
TXN-2026-00740,allow
TXN-2026-00741,review
TXN-2026-00742,allow
TXN-2026-00743,allow
TXN-2026-00744,review
TXN-2026-00745,allow
TXN-2026-00746,allow
TXN-2026-00747,allow
TXN-2026-00748,allow
TXN-2026-00749,allow
TXN-2026-00750,allow
TXN-2026-00751,allow
TXN-2026-00752,allow
TXN-2026-00753,review
TXN-2026-00754,allow
TXN-2026-00755,allow
TXN-2026-00756,allow
TXN-2026-00757,review
TXN-2026-00758,review
TXN-2026-00759,allow
TXN-2026-00760,allow
TXN-2026-00761,allow
TXN-2026-00762,allow
TXN-2026-00763,allow
TXN-2026-00764,allow
TXN-2026-00765,allow
TXN-2026-00766,allow
TXN-2026-00767,allow
TXN-2026-00768,allow
TXN-2026-00769,allow
TXN-2026-00770,allow
TXN-2026-00771,allow
TXN-2026-00772,allow
TXN-2026-00773,allow
TXN-2026-00774,allow
TXN-2026-00775,allow
TXN-2026-00776,allow
TXN-2026-00777,allow
TXN-2026-00778,allow
TXN-2026-00779,allow
TXN-2026-00780,allow
TXN-2026-00781,block
TXN-2026-00782,allow
TXN-2026-00783,allow
TXN-2026-00784,allow
TXN-2026-00785,allow
TXN-2026-00786,allow
TXN-2026-00787,allow
TXN-2026-00788,block
TXN-2026-00789,block
TXN-2026-00790,allow
TXN-2026-00791,allow
TXN-2026-00792,allow
TXN-2026-00793,allow
TXN-2026-00794,review
TXN-2026-00795,allow
TXN-2026-00796,allow
TXN-2026-00797,allow
TXN-2026-00798,allow
TXN-2026-00799,allow
TXN-2026-00800,review
TXN-2026-00801,allow
TXN-2026-00802,allow
TXN-2026-00803,allow
TXN-2026-00804,allow
TXN-2026-00805,allow
TXN-2026-00806,allow
TXN-2026-00807,allow
TXN-2026-00808,allow
TXN-2026-00809,allow
TXN-2026-00810,allow
TXN-2026-00811,allow
TXN-2026-00812,review
TXN-2026-00813,allow
TXN-2026-00814,allow
TXN-2026-00815,allow
TXN-2026-00816,allow
TXN-2026-00817,allow
TXN-2026-00818,allow
TXN-2026-00819,allow
TXN-2026-00820,allow
TXN-2026-00821,allow
TXN-2026-00822,allow
TXN-2026-00823,allow
TXN-2026-00824,allow
TXN-2026-00825,allow
TXN-2026-00826,allow
TXN-2026-00827,allow
TXN-2026-00828,allow
TXN-2026-00829,review
TXN-2026-00830,allow
TXN-2026-00831,allow
TXN-2026-00832,allow
TXN-2026-00833,allow
TXN-2026-00834,allow
TXN-2026-00835,allow
TXN-2026-00836,allow
TXN-2026-00837,allow
TXN-2026-00838,allow
TXN-2026-00839,allow
TXN-2026-00840,allow
TXN-2026-00841,allow
TXN-2026-00842,allow
TXN-2026-00843,allow
TXN-2026-00844,allow
TXN-2026-00845,allow
TXN-2026-00846,review
TXN-2026-00847,allow
TXN-2026-00848,allow
TXN-2026-00849,allow
TXN-2026-00850,allow
TXN-2026-00851,allow
TXN-2026-00852,review
TXN-2026-00853,allow
TXN-2026-00854,allow
TXN-2026-00855,allow
TXN-2026-00856,allow
TXN-2026-00857,allow
TXN-2026-00858,allow
TXN-2026-00859,block
TXN-2026-00860,allow
TXN-2026-00861,allow
TXN-2026-00862,allow
TXN-2026-00863,allow
TXN-2026-00864,allow
TXN-2026-00865,allow
TXN-2026-00866,allow
TXN-2026-00867,review
TXN-2026-00868,allow
TXN-2026-00869,allow
TXN-2026-00870,allow
TXN-2026-00871,allow
TXN-2026-00872,allow
TXN-2026-00873,allow
TXN-2026-00874,block
TXN-2026-00875,allow
TXN-2026-00876,allow
TXN-2026-00877,allow
TXN-2026-00878,allow
TXN-2026-00879,review
TXN-2026-00880,allow
TXN-2026-00881,allow
TXN-2026-00882,review
TXN-2026-00883,allow
TXN-2026-00884,allow
TXN-2026-00885,review
TXN-2026-00886,allow
TXN-2026-00887,block
TXN-2026-00888,block
TXN-2026-00889,allow
TXN-2026-00890,allow
TXN-2026-00891,block
TXN-2026-00892,allow
TXN-2026-00893,allow
TXN-2026-00894,allow
TXN-2026-00895,allow
TXN-2026-00896,allow
TXN-2026-00897,allow
TXN-2026-00898,allow
TXN-2026-00899,allow
TXN-2026-00900,allow
TXN-2026-00901,allow
TXN-2026-00902,allow
TXN-2026-00903,allow
TXN-2026-00904,allow
TXN-2026-00905,allow
TXN-2026-00906,allow
TXN-2026-00907,allow
TXN-2026-00908,review
TXN-2026-00909,allow
TXN-2026-00910,allow
TXN-2026-00911,allow
TXN-2026-00912,allow
TXN-2026-00913,allow
TXN-2026-00914,allow
TXN-2026-00915,allow
TXN-2026-00916,allow
TXN-2026-00917,allow
TXN-2026-00918,allow
TXN-2026-00919,allow
TXN-2026-00920,allow
TXN-2026-00921,allow
TXN-2026-00922,allow
TXN-2026-00923,allow
TXN-2026-00924,allow
TXN-2026-00925,allow
TXN-2026-00926,allow
TXN-2026-00927,allow
TXN-2026-00928,allow
TXN-2026-00929,allow
TXN-2026-00930,allow
TXN-2026-00931,allow
TXN-2026-00932,allow
TXN-2026-00933,allow
TXN-2026-00934,allow
TXN-2026-00935,allow
TXN-2026-00936,allow
TXN-2026-00937,allow
TXN-2026-00938,allow
TXN-2026-00939,allow
TXN-2026-00940,allow
TXN-2026-00941,allow
TXN-2026-00942,allow
TXN-2026-00943,allow
TXN-2026-00944,allow
TXN-2026-00945,allow
TXN-2026-00946,allow
TXN-2026-00947,allow
TXN-2026-00948,allow
TXN-2026-00949,allow
TXN-2026-00950,allow
TXN-2026-00951,review
TXN-2026-00952,allow
TXN-2026-00953,allow
TXN-2026-00954,allow
TXN-2026-00955,allow
TXN-2026-00956,review
TXN-2026-00957,allow
TXN-2026-00958,allow
TXN-2026-00959,allow
TXN-2026-00960,allow
TXN-2026-00961,allow
TXN-2026-00962,allow
TXN-2026-00963,allow
TXN-2026-00964,allow
TXN-2026-00965,allow
TXN-2026-00966,block
TXN-2026-00967,allow
TXN-2026-00968,allow
TXN-2026-00969,allow
TXN-2026-00970,allow
TXN-2026-00971,allow
TXN-2026-00972,allow
TXN-2026-00973,allow
TXN-2026-00974,allow
TXN-2026-00975,allow
TXN-2026-00976,review
TXN-2026-00977,allow
TXN-2026-00978,allow
TXN-2026-00979,allow
TXN-2026-00980,block
TXN-2026-00981,allow
TXN-2026-00982,allow
TXN-2026-00983,allow
TXN-2026-00984,allow
TXN-2026-00985,allow
TXN-2026-00986,allow
TXN-2026-00987,allow
TXN-2026-00988,allow
TXN-2026-00989,allow
TXN-2026-00990,review
TXN-2026-00991,allow
TXN-2026-00992,allow
TXN-2026-00993,block
TXN-2026-00994,review
TXN-2026-00995,allow
TXN-2026-00996,allow
TXN-2026-00997,allow
TXN-2026-00998,allow
TXN-2026-00999,allow
TXN-2026-01000,allow
TXN-2026-01001,block
TXN-2026-01002,allow
TXN-2026-01003,allow
TXN-2026-01004,block
TXN-2026-01005,allow
TXN-2026-01006,allow
TXN-2026-01007,allow
TXN-2026-01008,allow
TXN-2026-01009,allow
TXN-2026-01010,allow
TXN-2026-01011,allow
TXN-2026-01012,review
TXN-2026-01013,allow
TXN-2026-01014,allow
TXN-2026-01015,allow
TXN-2026-01016,allow
TXN-2026-01017,allow
TXN-2026-01018,allow
TXN-2026-01019,review
TXN-2026-01020,allow
TXN-2026-01021,allow
TXN-2026-01022,allow
TXN-2026-01023,allow
TXN-2026-01024,allow
TXN-2026-01025,allow
TXN-2026-01026,allow
TXN-2026-01027,review
TXN-2026-01028,allow
TXN-2026-01029,allow
TXN-2026-01030,allow
TXN-2026-01031,allow
TXN-2026-01032,allow
TXN-2026-01033,allow
TXN-2026-01034,review
TXN-2026-01035,allow
TXN-2026-01036,review
TXN-2026-01037,allow
TXN-2026-01038,allow
TXN-2026-01039,allow
TXN-2026-01040,allow
TXN-2026-01041,allow
TXN-2026-01042,allow
TXN-2026-01043,allow
TXN-2026-01044,block
TXN-2026-01045,allow
TXN-2026-01046,review
TXN-2026-01047,allow
TXN-2026-01048,allow
TXN-2026-01049,allow
TXN-2026-01050,allow
TXN-2026-01051,allow
TXN-2026-01052,allow
TXN-2026-01053,allow
TXN-2026-01054,allow
TXN-2026-01055,allow
TXN-2026-01056,allow
TXN-2026-01057,block
TXN-2026-01058,review
TXN-2026-01059,allow
TXN-2026-01060,allow
TXN-2026-01061,allow
TXN-2026-01062,allow
TXN-2026-01063,allow
TXN-2026-01064,block
TXN-2026-01065,allow
TXN-2026-01066,allow
TXN-2026-01067,allow
TXN-2026-01068,allow
TXN-2026-01069,allow
TXN-2026-01070,allow
TXN-2026-01071,allow
TXN-2026-01072,allow
TXN-2026-01073,allow
TXN-2026-01074,allow
TXN-2026-01075,allow
TXN-2026-01076,block
TXN-2026-01077,allow
TXN-2026-01078,allow
TXN-2026-01079,allow
TXN-2026-01080,allow
TXN-2026-01081,allow
TXN-2026-01082,allow
TXN-2026-01083,allow
TXN-2026-01084,allow
TXN-2026-01085,allow
TXN-2026-01086,allow
TXN-2026-01087,review
TXN-2026-01088,allow
TXN-2026-01089,allow
TXN-2026-01090,allow
TXN-2026-01091,allow
TXN-2026-01092,review
TXN-2026-01093,allow
TXN-2026-01094,allow
TXN-2026-01095,allow
TXN-2026-01096,allow
TXN-2026-01097,allow
TXN-2026-01098,allow
TXN-2026-01099,allow
TXN-2026-01100,block
TXN-2026-01101,allow
TXN-2026-01102,allow
TXN-2026-01103,review
TXN-2026-01104,review
TXN-2026-01105,allow
TXN-2026-01106,allow
TXN-2026-01107,allow
TXN-2026-01108,allow
TXN-2026-01109,block
TXN-2026-01110,allow
TXN-2026-01111,allow
TXN-2026-01112,allow
TXN-2026-01113,allow
TXN-2026-01114,allow
TXN-2026-01115,allow
TXN-2026-01116,allow
TXN-2026-01117,allow
TXN-2026-01118,allow
TXN-2026-01119,allow
TXN-2026-01120,review
TXN-2026-01121,allow
TXN-2026-01122,allow
TXN-2026-01123,allow
TXN-2026-01124,allow
TXN-2026-01125,allow
TXN-2026-01126,allow
TXN-2026-01127,allow
TXN-2026-01128,allow
TXN-2026-01129,allow
TXN-2026-01130,allow
TXN-2026-01131,allow
TXN-2026-01132,allow
TXN-2026-01133,allow
TXN-2026-01134,allow
TXN-2026-01135,allow
TXN-2026-01136,allow
TXN-2026-01137,allow
TXN-2026-01138,allow
TXN-2026-01139,allow
TXN-2026-01140,block
TXN-2026-01141,allow
TXN-2026-01142,allow
TXN-2026-01143,allow
TXN-2026-01144,block
TXN-2026-01145,allow
TXN-2026-01146,allow
TXN-2026-01147,allow
TXN-2026-01148,review
TXN-2026-01149,review
TXN-2026-01150,allow
TXN-2026-01151,allow
TXN-2026-01152,block
TXN-2026-01153,allow
TXN-2026-01154,allow
TXN-2026-01155,allow
TXN-2026-01156,allow
TXN-2026-01157,allow
TXN-2026-01158,allow
TXN-2026-01159,review
TXN-2026-01160,allow
TXN-2026-01161,allow
TXN-2026-01162,allow
TXN-2026-01163,allow
TXN-2026-01164,allow
TXN-2026-01165,allow
TXN-2026-01166,review
TXN-2026-01167,allow
TXN-2026-01168,allow
TXN-2026-01169,allow
TXN-2026-01170,allow
TXN-2026-01171,review
TXN-2026-01172,allow
TXN-2026-01173,review
TXN-2026-01174,review
TXN-2026-01175,allow
TXN-2026-01176,allow
TXN-2026-01177,allow
TXN-2026-01178,allow
TXN-2026-01179,allow
TXN-2026-01180,allow
TXN-2026-01181,allow
TXN-2026-01182,allow
TXN-2026-01183,allow
TXN-2026-01184,block
TXN-2026-01185,allow
TXN-2026-01186,block
TXN-2026-01187,allow
TXN-2026-01188,allow
TXN-2026-01189,allow
TXN-2026-01190,allow
TXN-2026-01191,allow
TXN-2026-01192,allow
TXN-2026-01193,allow
TXN-2026-01194,review
TXN-2026-01195,allow
TXN-2026-01196,allow
TXN-2026-01197,allow
TXN-2026-01198,allow
TXN-2026-01199,allow
TXN-2026-01200,allow
TXN-2026-01201,allow
TXN-2026-01202,allow
TXN-2026-01203,allow
TXN-2026-01204,allow
TXN-2026-01205,block
TXN-2026-01206,allow
TXN-2026-01207,allow
TXN-2026-01208,allow
TXN-2026-01209,allow
TXN-2026-01210,allow
TXN-2026-01211,allow
TXN-2026-01212,allow
TXN-2026-01213,review
TXN-2026-01214,allow
TXN-2026-01215,allow
TXN-2026-01216,allow
TXN-2026-01217,review
TXN-2026-01218,allow
TXN-2026-01219,allow
TXN-2026-01220,allow
TXN-2026-01221,allow
TXN-2026-01222,allow
TXN-2026-01223,allow
TXN-2026-01224,allow
TXN-2026-01225,block
TXN-2026-01226,allow
TXN-2026-01227,allow
TXN-2026-01228,allow
TXN-2026-01229,allow
TXN-2026-01230,allow
TXN-2026-01231,allow
TXN-2026-01232,allow
TXN-2026-01233,allow
TXN-2026-01234,allow
TXN-2026-01235,allow
TXN-2026-01236,allow
TXN-2026-01237,allow
TXN-2026-01238,allow
TXN-2026-01239,allow
TXN-2026-01240,allow
TXN-2026-01241,allow
TXN-2026-01242,allow
TXN-2026-01243,allow
TXN-2026-01244,allow
TXN-2026-01245,allow
TXN-2026-01246,allow
TXN-2026-01247,allow
TXN-2026-01248,allow
TXN-2026-01249,allow
TXN-2026-01250,allow
TXN-2026-01251,review
TXN-2026-01252,allow
TXN-2026-01253,allow
TXN-2026-01254,allow
TXN-2026-01255,allow
TXN-2026-01256,allow
TXN-2026-01257,allow
TXN-2026-01258,allow
TXN-2026-01259,allow
TXN-2026-01260,allow
TXN-2026-01261,allow
TXN-2026-01262,allow
TXN-2026-01263,allow
TXN-2026-01264,allow
TXN-2026-01265,allow
TXN-2026-01266,allow
TXN-2026-01267,allow
TXN-2026-01268,allow
TXN-2026-01269,allow
TXN-2026-01270,allow
TXN-2026-01271,allow
TXN-2026-01272,allow
TXN-2026-01273,allow
TXN-2026-01274,allow
TXN-2026-01275,allow
TXN-2026-01276,allow
TXN-2026-01277,allow
TXN-2026-01278,review
TXN-2026-01279,allow
TXN-2026-01280,allow
TXN-2026-01281,allow
TXN-2026-01282,allow
TXN-2026-01283,allow
TXN-2026-01284,allow
TXN-2026-01285,allow
TXN-2026-01286,allow
TXN-2026-01287,allow
TXN-2026-01288,review
TXN-2026-01289,allow
TXN-2026-01290,allow
TXN-2026-01291,allow
TXN-2026-01292,allow
TXN-2026-01293,review
TXN-2026-01294,allow
TXN-2026-01295,allow
TXN-2026-01296,review
TXN-2026-01297,allow
TXN-2026-01298,allow
TXN-2026-01299,allow
TXN-2026-01300,allow
TXN-2026-01301,allow
TXN-2026-01302,allow
TXN-2026-01303,allow
TXN-2026-01304,allow
TXN-2026-01305,allow
TXN-2026-01306,allow
TXN-2026-01307,allow
TXN-2026-01308,allow
TXN-2026-01309,block
TXN-2026-01310,allow
TXN-2026-01311,block
TXN-2026-01312,allow
TXN-2026-01313,block
TXN-2026-01314,allow
TXN-2026-01315,allow
TXN-2026-01316,allow
TXN-2026-01317,allow
TXN-2026-01318,allow
TXN-2026-01319,allow
TXN-2026-01320,review
TXN-2026-01321,allow
TXN-2026-01322,allow
TXN-2026-01323,allow
TXN-2026-01324,block
TXN-2026-01325,allow
TXN-2026-01326,allow
TXN-2026-01327,allow
TXN-2026-01328,allow
TXN-2026-01329,allow
TXN-2026-01330,allow
TXN-2026-01331,allow
TXN-2026-01332,allow
TXN-2026-01333,allow
TXN-2026-01334,allow
TXN-2026-01335,allow
TXN-2026-01336,allow
TXN-2026-01337,allow
TXN-2026-01338,allow
TXN-2026-01339,allow
TXN-2026-01340,allow
TXN-2026-01341,allow
TXN-2026-01342,allow
TXN-2026-01343,allow
TXN-2026-01344,allow
TXN-2026-01345,allow
TXN-2026-01346,allow
TXN-2026-01347,block
TXN-2026-01348,allow
TXN-2026-01349,allow
TXN-2026-01350,allow
TXN-2026-01351,allow
TXN-2026-01352,allow
TXN-2026-01353,allow
TXN-2026-01354,allow
TXN-2026-01355,allow
TXN-2026-01356,allow
TXN-2026-01357,allow
TXN-2026-01358,allow
TXN-2026-01359,allow
TXN-2026-01360,block
TXN-2026-01361,allow
TXN-2026-01362,block
TXN-2026-01363,allow
TXN-2026-01364,allow
TXN-2026-01365,allow
TXN-2026-01366,allow
TXN-2026-01367,allow
TXN-2026-01368,allow
TXN-2026-01369,allow
TXN-2026-01370,allow
TXN-2026-01371,allow
TXN-2026-01372,block
TXN-2026-01373,allow
TXN-2026-01374,allow
TXN-2026-01375,allow
TXN-2026-01376,allow
TXN-2026-01377,allow
TXN-2026-01378,allow
TXN-2026-01379,allow
TXN-2026-01380,review
TXN-2026-01381,review
TXN-2026-01382,allow
TXN-2026-01383,block
TXN-2026-01384,allow
TXN-2026-01385,allow
TXN-2026-01386,allow
TXN-2026-01387,allow
TXN-2026-01388,allow
TXN-2026-01389,allow
TXN-2026-01390,allow
TXN-2026-01391,allow
TXN-2026-01392,allow
TXN-2026-01393,block
TXN-2026-01394,allow
TXN-2026-01395,allow
TXN-2026-01396,allow
TXN-2026-01397,allow
TXN-2026-01398,allow
TXN-2026-01399,allow
TXN-2026-01400,allow
TXN-2026-01401,allow
TXN-2026-01402,block
TXN-2026-01403,allow
TXN-2026-01404,allow
TXN-2026-01405,allow
TXN-2026-01406,block
TXN-2026-01407,allow
TXN-2026-01408,block
TXN-2026-01409,allow
TXN-2026-01410,review
TXN-2026-01411,allow
TXN-2026-01412,allow
TXN-2026-01413,allow
TXN-2026-01414,allow
TXN-2026-01415,allow
TXN-2026-01416,allow
TXN-2026-01417,allow
TXN-2026-01418,allow
TXN-2026-01419,allow
TXN-2026-01420,allow
TXN-2026-01421,allow
TXN-2026-01422,allow
TXN-2026-01423,review
TXN-2026-01424,review
TXN-2026-01425,allow
TXN-2026-01426,allow
TXN-2026-01427,allow
TXN-2026-01428,allow
TXN-2026-01429,allow
TXN-2026-01430,allow
TXN-2026-01431,allow
TXN-2026-01432,allow
TXN-2026-01433,allow
TXN-2026-01434,allow
TXN-2026-01435,allow
TXN-2026-01436,allow
TXN-2026-01437,allow
TXN-2026-01438,allow
TXN-2026-01439,review
TXN-2026-01440,allow
TXN-2026-01441,allow
TXN-2026-01442,allow
TXN-2026-01443,allow
TXN-2026-01444,allow
TXN-2026-01445,allow
TXN-2026-01446,allow
TXN-2026-01447,allow
TXN-2026-01448,allow
TXN-2026-01449,allow
TXN-2026-01450,allow
TXN-2026-01451,allow
TXN-2026-01452,allow
TXN-2026-01453,allow
TXN-2026-01454,allow
TXN-2026-01455,allow
TXN-2026-01456,allow
TXN-2026-01457,allow
TXN-2026-01458,allow
TXN-2026-01459,allow
TXN-2026-01460,allow
TXN-2026-01461,block
TXN-2026-01462,allow
TXN-2026-01463,allow
TXN-2026-01464,allow
TXN-2026-01465,allow
TXN-2026-01466,review
TXN-2026-01467,allow
TXN-2026-01468,allow
TXN-2026-01469,allow
TXN-2026-01470,allow
TXN-2026-01471,allow
TXN-2026-01472,allow
TXN-2026-01473,allow
TXN-2026-01474,allow
TXN-2026-01475,allow
TXN-2026-01476,allow
TXN-2026-01477,allow
TXN-2026-01478,allow
TXN-2026-01479,allow
TXN-2026-01480,allow
TXN-2026-01481,allow
TXN-2026-01482,allow
TXN-2026-01483,allow
TXN-2026-01484,allow
TXN-2026-01485,allow
TXN-2026-01486,allow
TXN-2026-01487,allow
TXN-2026-01488,allow
TXN-2026-01489,allow
TXN-2026-01490,allow
TXN-2026-01491,allow
TXN-2026-01492,allow
TXN-2026-01493,block
TXN-2026-01494,allow
TXN-2026-01495,allow
TXN-2026-01496,allow
TXN-2026-01497,review
TXN-2026-01498,allow
TXN-2026-01499,allow
TXN-2026-01500,allow
TXN-2026-01501,allow
TXN-2026-01502,allow
TXN-2026-01503,allow
TXN-2026-01504,allow
TXN-2026-01505,allow
TXN-2026-01506,allow
TXN-2026-01507,allow
TXN-2026-01508,allow
TXN-2026-01509,allow
TXN-2026-01510,allow
TXN-2026-01511,allow
TXN-2026-01512,allow
TXN-2026-01513,allow
TXN-2026-01514,allow
TXN-2026-01515,allow
TXN-2026-01516,block
TXN-2026-01517,allow
TXN-2026-01518,review
TXN-2026-01519,allow
TXN-2026-01520,allow
TXN-2026-01521,allow
TXN-2026-01522,allow
TXN-2026-01523,allow
TXN-2026-01524,allow
TXN-2026-01525,allow
TXN-2026-01526,allow
TXN-2026-01527,review
TXN-2026-01528,allow
TXN-2026-01529,allow
TXN-2026-01530,allow
TXN-2026-01531,review
TXN-2026-01532,allow
TXN-2026-01533,allow
TXN-2026-01534,allow
TXN-2026-01535,allow
TXN-2026-01536,allow
TXN-2026-01537,allow
TXN-2026-01538,allow
TXN-2026-01539,allow
TXN-2026-01540,allow
TXN-2026-01541,allow
TXN-2026-01542,allow
TXN-2026-01543,allow
TXN-2026-01544,allow
TXN-2026-01545,block
TXN-2026-01546,review
TXN-2026-01547,review
TXN-2026-01548,block
TXN-2026-01549,review
TXN-2026-01550,allow
TXN-2026-01551,allow
TXN-2026-01552,allow
TXN-2026-01553,allow
TXN-2026-01554,allow
TXN-2026-01555,review
TXN-2026-01556,allow
TXN-2026-01557,allow
TXN-2026-01558,allow
TXN-2026-01559,allow
TXN-2026-01560,allow
TXN-2026-01561,allow
TXN-2026-01562,allow
TXN-2026-01563,allow
TXN-2026-01564,allow
TXN-2026-01565,allow
TXN-2026-01566,allow
TXN-2026-01567,allow
TXN-2026-01568,review
TXN-2026-01569,allow
TXN-2026-01570,allow
TXN-2026-01571,allow
TXN-2026-01572,allow
TXN-2026-01573,allow
TXN-2026-01574,allow
TXN-2026-01575,allow
TXN-2026-01576,allow
TXN-2026-01577,allow
TXN-2026-01578,allow
TXN-2026-01579,allow
TXN-2026-01580,allow
TXN-2026-01581,allow
TXN-2026-01582,allow
TXN-2026-01583,allow
TXN-2026-01584,allow
TXN-2026-01585,allow
TXN-2026-01586,allow
TXN-2026-01587,allow
TXN-2026-01588,allow
TXN-2026-01589,allow
TXN-2026-01590,allow
TXN-2026-01591,block
TXN-2026-01592,allow
TXN-2026-01593,allow
TXN-2026-01594,allow
TXN-2026-01595,allow
TXN-2026-01596,allow
TXN-2026-01597,allow
TXN-2026-01598,allow
TXN-2026-01599,allow
TXN-2026-01600,allow
TXN-2026-01601,allow
TXN-2026-01602,allow
TXN-2026-01603,allow
TXN-2026-01604,allow
TXN-2026-01605,allow
TXN-2026-01606,review
TXN-2026-01607,allow
TXN-2026-01608,allow
TXN-2026-01609,allow
TXN-2026-01610,allow
TXN-2026-01611,allow
TXN-2026-01612,allow
TXN-2026-01613,allow
TXN-2026-01614,allow
TXN-2026-01615,allow
TXN-2026-01616,allow
TXN-2026-01617,allow
TXN-2026-01618,allow
TXN-2026-01619,allow
TXN-2026-01620,allow
TXN-2026-01621,allow
TXN-2026-01622,allow
TXN-2026-01623,allow
TXN-2026-01624,allow
TXN-2026-01625,review
TXN-2026-01626,allow
TXN-2026-01627,allow
TXN-2026-01628,allow
TXN-2026-01629,allow
TXN-2026-01630,allow
TXN-2026-01631,block
TXN-2026-01632,allow
TXN-2026-01633,block
TXN-2026-01634,allow
TXN-2026-01635,block
TXN-2026-01636,allow
TXN-2026-01637,allow
TXN-2026-01638,allow
TXN-2026-01639,allow
TXN-2026-01640,allow
TXN-2026-01641,allow
TXN-2026-01642,allow
TXN-2026-01643,allow
TXN-2026-01644,review
TXN-2026-01645,allow
TXN-2026-01646,allow
TXN-2026-01647,allow
TXN-2026-01648,allow
TXN-2026-01649,allow
TXN-2026-01650,allow
TXN-2026-01651,allow
TXN-2026-01652,allow
TXN-2026-01653,allow
TXN-2026-01654,allow
TXN-2026-01655,allow
TXN-2026-01656,allow
TXN-2026-01657,allow
TXN-2026-01658,allow
TXN-2026-01659,allow
TXN-2026-01660,allow
TXN-2026-01661,allow
TXN-2026-01662,allow
TXN-2026-01663,allow
TXN-2026-01664,allow
TXN-2026-01665,allow
TXN-2026-01666,allow
TXN-2026-01667,allow
TXN-2026-01668,allow
TXN-2026-01669,allow
TXN-2026-01670,block
TXN-2026-01671,allow
TXN-2026-01672,allow
TXN-2026-01673,allow
TXN-2026-01674,allow
TXN-2026-01675,allow
TXN-2026-01676,allow
TXN-2026-01677,allow
TXN-2026-01678,allow
TXN-2026-01679,allow
TXN-2026-01680,allow
TXN-2026-01681,review
TXN-2026-01682,review
TXN-2026-01683,allow
TXN-2026-01684,allow
TXN-2026-01685,allow
TXN-2026-01686,allow
TXN-2026-01687,block
TXN-2026-01688,allow
TXN-2026-01689,allow
TXN-2026-01690,allow
TXN-2026-01691,review
TXN-2026-01692,review
TXN-2026-01693,review
TXN-2026-01694,allow
TXN-2026-01695,allow
TXN-2026-01696,allow
TXN-2026-01697,allow
TXN-2026-01698,allow
TXN-2026-01699,allow
TXN-2026-01700,allow
TXN-2026-01701,review
TXN-2026-01702,allow
TXN-2026-01703,allow
TXN-2026-01704,allow
TXN-2026-01705,allow
TXN-2026-01706,allow
TXN-2026-01707,review
TXN-2026-01708,allow
TXN-2026-01709,allow
TXN-2026-01710,allow
TXN-2026-01711,allow
TXN-2026-01712,allow
TXN-2026-01713,allow
TXN-2026-01714,allow
TXN-2026-01715,allow
TXN-2026-01716,allow
TXN-2026-01717,allow
TXN-2026-01718,allow
TXN-2026-01719,review
TXN-2026-01720,allow
TXN-2026-01721,allow
TXN-2026-01722,allow
TXN-2026-01723,review
TXN-2026-01724,allow
TXN-2026-01725,allow
TXN-2026-01726,allow
TXN-2026-01727,allow
TXN-2026-01728,review
TXN-2026-01729,review
TXN-2026-01730,allow
TXN-2026-01731,allow
TXN-2026-01732,allow
TXN-2026-01733,allow
TXN-2026-01734,allow
TXN-2026-01735,allow
TXN-2026-01736,block
TXN-2026-01737,allow
TXN-2026-01738,allow
TXN-2026-01739,allow
TXN-2026-01740,allow
TXN-2026-01741,allow
TXN-2026-01742,allow
TXN-2026-01743,allow
TXN-2026-01744,allow
TXN-2026-01745,allow
TXN-2026-01746,block
TXN-2026-01747,allow
TXN-2026-01748,allow
TXN-2026-01749,allow
TXN-2026-01750,allow
TXN-2026-01751,allow
TXN-2026-01752,block
TXN-2026-01753,allow
TXN-2026-01754,allow
TXN-2026-01755,allow
TXN-2026-01756,allow
TXN-2026-01757,review
TXN-2026-01758,allow
TXN-2026-01759,allow
TXN-2026-01760,allow
TXN-2026-01761,allow
TXN-2026-01762,allow
TXN-2026-01763,allow
TXN-2026-01764,allow
TXN-2026-01765,allow
TXN-2026-01766,allow
TXN-2026-01767,allow
TXN-2026-01768,block
TXN-2026-01769,allow
TXN-2026-01770,allow
TXN-2026-01771,block
TXN-2026-01772,allow
TXN-2026-01773,allow
TXN-2026-01774,allow
TXN-2026-01775,allow
TXN-2026-01776,allow
TXN-2026-01777,allow
TXN-2026-01778,allow
TXN-2026-01779,block
TXN-2026-01780,allow
TXN-2026-01781,allow
TXN-2026-01782,review
TXN-2026-01783,allow
TXN-2026-01784,allow
TXN-2026-01785,allow
TXN-2026-01786,allow
TXN-2026-01787,allow
TXN-2026-01788,allow
TXN-2026-01789,allow
TXN-2026-01790,allow
TXN-2026-01791,allow
TXN-2026-01792,allow
TXN-2026-01793,block
TXN-2026-01794,allow
TXN-2026-01795,allow
TXN-2026-01796,block
TXN-2026-01797,allow
TXN-2026-01798,allow
TXN-2026-01799,allow
TXN-2026-01800,allow
TXN-2026-01801,allow
TXN-2026-01802,block
TXN-2026-01803,allow
TXN-2026-01804,allow
TXN-2026-01805,block
TXN-2026-01806,allow
TXN-2026-01807,allow
TXN-2026-01808,allow
TXN-2026-01809,allow
TXN-2026-01810,allow
TXN-2026-01811,allow
TXN-2026-01812,review
TXN-2026-01813,allow
TXN-2026-01814,allow
TXN-2026-01815,allow
TXN-2026-01816,allow
TXN-2026-01817,review
TXN-2026-01818,allow
TXN-2026-01819,allow
TXN-2026-01820,allow
TXN-2026-01821,allow
TXN-2026-01822,allow
TXN-2026-01823,allow
TXN-2026-01824,allow
TXN-2026-01825,allow
TXN-2026-01826,allow
TXN-2026-01827,allow
TXN-2026-01828,review
TXN-2026-01829,allow
TXN-2026-01830,allow
TXN-2026-01831,allow
TXN-2026-01832,allow
TXN-2026-01833,review
TXN-2026-01834,allow
TXN-2026-01835,allow
TXN-2026-01836,block
TXN-2026-01837,allow
TXN-2026-01838,allow
TXN-2026-01839,allow
TXN-2026-01840,allow
TXN-2026-01841,allow
TXN-2026-01842,block
TXN-2026-01843,allow
TXN-2026-01844,allow
TXN-2026-01845,allow
TXN-2026-01846,block
TXN-2026-01847,allow
TXN-2026-01848,allow
TXN-2026-01849,allow
TXN-2026-01850,review
TXN-2026-01851,allow
TXN-2026-01852,allow
TXN-2026-01853,allow
TXN-2026-01854,block
TXN-2026-01855,allow
TXN-2026-01856,allow
TXN-2026-01857,review
TXN-2026-01858,allow
TXN-2026-01859,allow
TXN-2026-01860,allow
TXN-2026-01861,allow
TXN-2026-01862,block
TXN-2026-01863,block
TXN-2026-01864,allow
TXN-2026-01865,block
TXN-2026-01866,allow
TXN-2026-01867,allow
TXN-2026-01868,allow
TXN-2026-01869,allow
TXN-2026-01870,allow
TXN-2026-01871,block
TXN-2026-01872,allow
TXN-2026-01873,allow
TXN-2026-01874,allow
TXN-2026-01875,allow
TXN-2026-01876,review
TXN-2026-01877,allow
TXN-2026-01878,allow
TXN-2026-01879,allow
TXN-2026-01880,allow
TXN-2026-01881,allow
TXN-2026-01882,block
TXN-2026-01883,allow
TXN-2026-01884,allow
TXN-2026-01885,allow
TXN-2026-01886,review
TXN-2026-01887,allow
TXN-2026-01888,allow
TXN-2026-01889,block
TXN-2026-01890,allow
TXN-2026-01891,allow
TXN-2026-01892,allow
TXN-2026-01893,allow
TXN-2026-01894,allow
TXN-2026-01895,allow
TXN-2026-01896,allow
TXN-2026-01897,allow
TXN-2026-01898,allow
TXN-2026-01899,allow
TXN-2026-01900,allow
TXN-2026-01901,block
TXN-2026-01902,allow
TXN-2026-01903,allow
TXN-2026-01904,allow
TXN-2026-01905,block
TXN-2026-01906,allow
TXN-2026-01907,allow
TXN-2026-01908,allow
TXN-2026-01909,allow
TXN-2026-01910,review
TXN-2026-01911,allow
TXN-2026-01912,allow
TXN-2026-01913,allow
TXN-2026-01914,allow
TXN-2026-01915,allow
TXN-2026-01916,allow
TXN-2026-01917,allow
TXN-2026-01918,allow
TXN-2026-01919,allow
TXN-2026-01920,allow
TXN-2026-01921,allow
TXN-2026-01922,allow
TXN-2026-01923,allow
TXN-2026-01924,allow
TXN-2026-01925,allow
TXN-2026-01926,allow
TXN-2026-01927,allow
TXN-2026-01928,allow
TXN-2026-01929,allow
TXN-2026-01930,allow
TXN-2026-01931,allow
TXN-2026-01932,allow
TXN-2026-01933,review
TXN-2026-01934,allow
TXN-2026-01935,allow
TXN-2026-01936,allow
TXN-2026-01937,allow
TXN-2026-01938,review
TXN-2026-01939,allow
TXN-2026-01940,allow
TXN-2026-01941,review
TXN-2026-01942,review
TXN-2026-01943,allow
TXN-2026-01944,allow
TXN-2026-01945,allow
TXN-2026-01946,allow
TXN-2026-01947,allow
TXN-2026-01948,review
TXN-2026-01949,allow
TXN-2026-01950,allow
TXN-2026-01951,allow
TXN-2026-01952,allow
TXN-2026-01953,allow
TXN-2026-01954,allow
TXN-2026-01955,allow
TXN-2026-01956,allow
TXN-2026-01957,allow
TXN-2026-01958,allow
TXN-2026-01959,allow
TXN-2026-01960,allow
TXN-2026-01961,allow
TXN-2026-01962,allow
TXN-2026-01963,allow
TXN-2026-01964,allow
TXN-2026-01965,allow
TXN-2026-01966,block
TXN-2026-01967,allow
TXN-2026-01968,allow
TXN-2026-01969,allow
TXN-2026-01970,allow
TXN-2026-01971,allow
TXN-2026-01972,allow
TXN-2026-01973,allow
TXN-2026-01974,block
TXN-2026-01975,allow
TXN-2026-01976,allow
TXN-2026-01977,allow
TXN-2026-01978,allow
TXN-2026-01979,allow
TXN-2026-01980,allow
TXN-2026-01981,allow
TXN-2026-01982,allow
TXN-2026-01983,allow
TXN-2026-01984,allow
TXN-2026-01985,allow
TXN-2026-01986,allow
TXN-2026-01987,allow
TXN-2026-01988,allow
TXN-2026-01989,review
TXN-2026-01990,allow
TXN-2026-01991,allow
TXN-2026-01992,allow
TXN-2026-01993,allow
TXN-2026-01994,allow
TXN-2026-01995,allow
TXN-2026-01996,allow
TXN-2026-01997,allow
TXN-2026-01998,allow
TXN-2026-01999,allow
TXN-2026-02000,allow
TXN-2026-02001,allow
TXN-2026-02002,allow
TXN-2026-02003,allow
TXN-2026-02004,allow
TXN-2026-02005,allow
TXN-2026-02006,allow
TXN-2026-02007,allow
TXN-2026-02008,allow
TXN-2026-02009,allow
TXN-2026-02010,allow
TXN-2026-02011,allow
TXN-2026-02012,allow
TXN-2026-02013,allow
TXN-2026-02014,allow
TXN-2026-02015,allow
TXN-2026-02016,allow
TXN-2026-02017,allow
TXN-2026-02018,allow
TXN-2026-02019,allow
TXN-2026-02020,allow
TXN-2026-02021,allow
TXN-2026-02022,allow
TXN-2026-02023,allow
TXN-2026-02024,allow
TXN-2026-02025,allow
TXN-2026-02026,allow
TXN-2026-02027,allow
TXN-2026-02028,allow
TXN-2026-02029,allow
TXN-2026-02030,allow
TXN-2026-02031,allow
TXN-2026-02032,allow
TXN-2026-02033,allow
TXN-2026-02034,allow
TXN-2026-02035,allow
TXN-2026-02036,review
TXN-2026-02037,allow
TXN-2026-02038,allow
TXN-2026-02039,allow
TXN-2026-02040,allow
TXN-2026-02041,allow
TXN-2026-02042,allow
TXN-2026-02043,allow
TXN-2026-02044,allow
TXN-2026-02045,allow
TXN-2026-02046,allow
TXN-2026-02047,allow
TXN-2026-02048,allow
TXN-2026-02049,allow
TXN-2026-02050,allow
TXN-2026-02051,allow
TXN-2026-02052,allow
TXN-2026-02053,allow
TXN-2026-02054,allow
TXN-2026-02055,allow
TXN-2026-02056,allow
TXN-2026-02057,allow
TXN-2026-02058,allow
TXN-2026-02059,allow
TXN-2026-02060,allow
TXN-2026-02061,allow
TXN-2026-02062,allow
TXN-2026-02063,allow
TXN-2026-02064,review
TXN-2026-02065,allow
TXN-2026-02066,review
TXN-2026-02067,allow
TXN-2026-02068,block
TXN-2026-02069,allow
TXN-2026-02070,allow
TXN-2026-02071,allow
TXN-2026-02072,allow
TXN-2026-02073,allow
TXN-2026-02074,allow
TXN-2026-02075,review
TXN-2026-02076,allow
TXN-2026-02077,review
TXN-2026-02078,block
TXN-2026-02079,allow
TXN-2026-02080,allow
TXN-2026-02081,allow
TXN-2026-02082,allow
TXN-2026-02083,allow
TXN-2026-02084,allow
TXN-2026-02085,review
TXN-2026-02086,allow
TXN-2026-02087,allow
TXN-2026-02088,review
TXN-2026-02089,allow
TXN-2026-02090,review
TXN-2026-02091,allow
TXN-2026-02092,allow
TXN-2026-02093,allow
TXN-2026-02094,allow
TXN-2026-02095,allow
TXN-2026-02096,allow
TXN-2026-02097,allow
TXN-2026-02098,review
TXN-2026-02099,allow
TXN-2026-02100,allow
TXN-2026-02101,allow
TXN-2026-02102,review
TXN-2026-02103,allow
TXN-2026-02104,allow
TXN-2026-02105,allow
TXN-2026-02106,allow
TXN-2026-02107,allow
TXN-2026-02108,block
TXN-2026-02109,allow
TXN-2026-02110,allow
TXN-2026-02111,allow
TXN-2026-02112,allow
TXN-2026-02113,allow
TXN-2026-02114,allow
TXN-2026-02115,allow
TXN-2026-02116,allow
TXN-2026-02117,allow
TXN-2026-02118,allow
TXN-2026-02119,allow
TXN-2026-02120,allow
TXN-2026-02121,block
TXN-2026-02122,allow
TXN-2026-02123,allow
TXN-2026-02124,allow
TXN-2026-02125,allow
TXN-2026-02126,allow
TXN-2026-02127,block
TXN-2026-02128,allow
TXN-2026-02129,allow
TXN-2026-02130,allow
TXN-2026-02131,allow
TXN-2026-02132,allow
TXN-2026-02133,allow
TXN-2026-02134,allow
TXN-2026-02135,allow
TXN-2026-02136,allow
TXN-2026-02137,block
TXN-2026-02138,allow
TXN-2026-02139,allow
TXN-2026-02140,allow
TXN-2026-02141,allow
TXN-2026-02142,allow
TXN-2026-02143,allow
TXN-2026-02144,allow
TXN-2026-02145,allow
TXN-2026-02146,allow
TXN-2026-02147,allow
TXN-2026-02148,allow
TXN-2026-02149,allow
TXN-2026-02150,allow
TXN-2026-02151,review
TXN-2026-02152,allow
TXN-2026-02153,allow
TXN-2026-02154,allow
TXN-2026-02155,allow
TXN-2026-02156,allow
TXN-2026-02157,allow
TXN-2026-02158,allow
TXN-2026-02159,allow
TXN-2026-02160,allow
TXN-2026-02161,allow
TXN-2026-02162,allow
TXN-2026-02163,allow
TXN-2026-02164,allow
TXN-2026-02165,allow
TXN-2026-02166,allow
TXN-2026-02167,allow
TXN-2026-02168,allow
TXN-2026-02169,allow
TXN-2026-02170,allow
TXN-2026-02171,allow
TXN-2026-02172,allow
TXN-2026-02173,allow
TXN-2026-02174,allow
TXN-2026-02175,review
TXN-2026-02176,allow
TXN-2026-02177,allow
TXN-2026-02178,allow
TXN-2026-02179,allow
TXN-2026-02180,allow
TXN-2026-02181,review
TXN-2026-02182,allow
TXN-2026-02183,allow
TXN-2026-02184,allow
TXN-2026-02185,block
TXN-2026-02186,allow
TXN-2026-02187,allow
TXN-2026-02188,allow
TXN-2026-02189,allow
TXN-2026-02190,allow
TXN-2026-02191,allow
TXN-2026-02192,allow
TXN-2026-02193,allow
TXN-2026-02194,review
TXN-2026-02195,allow
TXN-2026-02196,allow
TXN-2026-02197,allow
TXN-2026-02198,allow
TXN-2026-02199,allow
TXN-2026-02200,allow
TXN-2026-02201,allow
TXN-2026-02202,block
TXN-2026-02203,allow
TXN-2026-02204,allow
TXN-2026-02205,allow
TXN-2026-02206,allow
TXN-2026-02207,allow
TXN-2026-02208,allow
TXN-2026-02209,allow
TXN-2026-02210,allow
TXN-2026-02211,allow
TXN-2026-02212,allow
TXN-2026-02213,allow
TXN-2026-02214,allow
TXN-2026-02215,block
TXN-2026-02216,allow
TXN-2026-02217,allow
TXN-2026-02218,allow
TXN-2026-02219,allow
TXN-2026-02220,allow
TXN-2026-02221,allow
TXN-2026-02222,allow
TXN-2026-02223,allow
TXN-2026-02224,allow
TXN-2026-02225,allow
TXN-2026-02226,review
TXN-2026-02227,allow
TXN-2026-02228,allow
TXN-2026-02229,allow
TXN-2026-02230,allow
TXN-2026-02231,allow
TXN-2026-02232,allow
TXN-2026-02233,allow
TXN-2026-02234,allow
TXN-2026-02235,allow
TXN-2026-02236,allow
TXN-2026-02237,allow
TXN-2026-02238,allow
TXN-2026-02239,allow
TXN-2026-02240,allow
TXN-2026-02241,allow
TXN-2026-02242,allow
TXN-2026-02243,allow
TXN-2026-02244,allow
TXN-2026-02245,allow
TXN-2026-02246,allow
TXN-2026-02247,allow
TXN-2026-02248,block
TXN-2026-02249,allow
TXN-2026-02250,allow
TXN-2026-02251,block
TXN-2026-02252,allow
TXN-2026-02253,allow
TXN-2026-02254,allow
TXN-2026-02255,allow
TXN-2026-02256,allow
TXN-2026-02257,allow
TXN-2026-02258,allow
TXN-2026-02259,allow
TXN-2026-02260,allow
TXN-2026-02261,allow
TXN-2026-02262,allow
TXN-2026-02263,block
TXN-2026-02264,allow
TXN-2026-02265,allow
TXN-2026-02266,allow
TXN-2026-02267,allow
TXN-2026-02268,allow
TXN-2026-02269,allow
TXN-2026-02270,allow
TXN-2026-02271,block
TXN-2026-02272,allow
TXN-2026-02273,review
TXN-2026-02274,allow
TXN-2026-02275,allow
TXN-2026-02276,allow
TXN-2026-02277,allow
TXN-2026-02278,allow
TXN-2026-02279,allow
TXN-2026-02280,allow
TXN-2026-02281,allow
TXN-2026-02282,allow
TXN-2026-02283,allow
TXN-2026-02284,review
TXN-2026-02285,allow
TXN-2026-02286,allow
TXN-2026-02287,allow
TXN-2026-02288,review
TXN-2026-02289,allow
TXN-2026-02290,allow
TXN-2026-02291,allow
TXN-2026-02292,block
TXN-2026-02293,allow
TXN-2026-02294,allow
TXN-2026-02295,allow
TXN-2026-02296,review
TXN-2026-02297,allow
TXN-2026-02298,allow
TXN-2026-02299,allow
TXN-2026-02300,allow
TXN-2026-02301,allow
TXN-2026-02302,allow
TXN-2026-02303,review
TXN-2026-02304,allow
TXN-2026-02305,allow
TXN-2026-02306,allow
TXN-2026-02307,allow
TXN-2026-02308,allow
TXN-2026-02309,allow
TXN-2026-02310,allow
TXN-2026-02311,allow
TXN-2026-02312,allow
TXN-2026-02313,allow
TXN-2026-02314,allow
TXN-2026-02315,review
TXN-2026-02316,allow
TXN-2026-02317,allow
TXN-2026-02318,block
TXN-2026-02319,allow
TXN-2026-02320,allow
TXN-2026-02321,allow
TXN-2026-02322,allow
TXN-2026-02323,allow
TXN-2026-02324,allow
TXN-2026-02325,allow
TXN-2026-02326,allow
TXN-2026-02327,allow
TXN-2026-02328,allow
TXN-2026-02329,allow
TXN-2026-02330,allow
TXN-2026-02331,block
TXN-2026-02332,allow
TXN-2026-02333,allow
TXN-2026-02334,allow
TXN-2026-02335,review
TXN-2026-02336,allow
TXN-2026-02337,block
TXN-2026-02338,allow
TXN-2026-02339,allow
TXN-2026-02340,block
TXN-2026-02341,allow
TXN-2026-02342,allow
TXN-2026-02343,allow
TXN-2026-02344,allow
TXN-2026-02345,allow
TXN-2026-02346,allow
TXN-2026-02347,allow
TXN-2026-02348,allow
TXN-2026-02349,block
TXN-2026-02350,allow
TXN-2026-02351,allow
TXN-2026-02352,allow
TXN-2026-02353,allow
TXN-2026-02354,review
TXN-2026-02355,allow
TXN-2026-02356,allow
TXN-2026-02357,allow
TXN-2026-02358,allow
TXN-2026-02359,allow
TXN-2026-02360,block
TXN-2026-02361,allow
TXN-2026-02362,allow
TXN-2026-02363,allow
TXN-2026-02364,allow
TXN-2026-02365,allow
TXN-2026-02366,allow
TXN-2026-02367,allow
TXN-2026-02368,allow
TXN-2026-02369,allow
TXN-2026-02370,allow
TXN-2026-02371,allow
TXN-2026-02372,allow
TXN-2026-02373,allow
TXN-2026-02374,allow
TXN-2026-02375,allow
TXN-2026-02376,allow
TXN-2026-02377,allow
TXN-2026-02378,allow
TXN-2026-02379,allow
TXN-2026-02380,allow
TXN-2026-02381,allow
TXN-2026-02382,allow
TXN-2026-02383,block
TXN-2026-02384,allow
TXN-2026-02385,allow
TXN-2026-02386,allow
TXN-2026-02387,allow
TXN-2026-02388,allow
TXN-2026-02389,allow
TXN-2026-02390,allow
TXN-2026-02391,allow
TXN-2026-02392,allow
TXN-2026-02393,allow
TXN-2026-02394,block
TXN-2026-02395,allow
TXN-2026-02396,allow
TXN-2026-02397,allow
TXN-2026-02398,allow
TXN-2026-02399,allow
TXN-2026-02400,allow
TXN-2026-02401,block
TXN-2026-02402,allow
TXN-2026-02403,block
TXN-2026-02404,allow
TXN-2026-02405,allow
TXN-2026-02406,review
TXN-2026-02407,allow
TXN-2026-02408,allow
TXN-2026-02409,allow
TXN-2026-02410,allow
TXN-2026-02411,allow
TXN-2026-02412,block
TXN-2026-02413,allow
TXN-2026-02414,allow
TXN-2026-02415,allow
TXN-2026-02416,allow
TXN-2026-02417,allow
TXN-2026-02418,allow
TXN-2026-02419,allow
TXN-2026-02420,allow
TXN-2026-02421,allow
TXN-2026-02422,allow
TXN-2026-02423,allow
TXN-2026-02424,allow
TXN-2026-02425,allow
TXN-2026-02426,allow
TXN-2026-02427,allow
TXN-2026-02428,allow
TXN-2026-02429,allow
TXN-2026-02430,review
TXN-2026-02431,block
TXN-2026-02432,allow
TXN-2026-02433,allow
TXN-2026-02434,allow
TXN-2026-02435,review
TXN-2026-02436,allow
TXN-2026-02437,allow
TXN-2026-02438,allow
TXN-2026-02439,allow
TXN-2026-02440,allow
TXN-2026-02441,allow
TXN-2026-02442,allow
TXN-2026-02443,allow
TXN-2026-02444,allow
TXN-2026-02445,allow
TXN-2026-02446,allow
TXN-2026-02447,allow
TXN-2026-02448,allow
TXN-2026-02449,review
TXN-2026-02450,allow
TXN-2026-02451,block
TXN-2026-02452,allow
TXN-2026-02453,allow
TXN-2026-02454,allow
TXN-2026-02455,allow
TXN-2026-02456,allow
TXN-2026-02457,allow
TXN-2026-02458,allow
TXN-2026-02459,allow
TXN-2026-02460,allow
TXN-2026-02461,block
TXN-2026-02462,allow
TXN-2026-02463,allow
TXN-2026-02464,allow
TXN-2026-02465,allow
TXN-2026-02466,allow
TXN-2026-02467,allow
TXN-2026-02468,allow
TXN-2026-02469,review
TXN-2026-02470,allow
TXN-2026-02471,allow
TXN-2026-02472,allow
TXN-2026-02473,allow
TXN-2026-02474,allow
TXN-2026-02475,allow
TXN-2026-02476,allow
TXN-2026-02477,review
TXN-2026-02478,allow
TXN-2026-02479,allow
TXN-2026-02480,allow
TXN-2026-02481,allow
TXN-2026-02482,allow
TXN-2026-02483,allow
TXN-2026-02484,allow
TXN-2026-02485,allow
TXN-2026-02486,allow
TXN-2026-02487,allow
TXN-2026-02488,allow
TXN-2026-02489,allow
TXN-2026-02490,allow
TXN-2026-02491,allow
TXN-2026-02492,allow
TXN-2026-02493,allow
TXN-2026-02494,allow
TXN-2026-02495,review
TXN-2026-02496,allow
TXN-2026-02497,allow
TXN-2026-02498,allow
TXN-2026-02499,allow
TXN-2026-02500,block
TXN-2026-02501,allow
TXN-2026-02502,allow
TXN-2026-02503,allow
TXN-2026-02504,allow
TXN-2026-02505,allow
TXN-2026-02506,allow
TXN-2026-02507,allow
TXN-2026-02508,allow
TXN-2026-02509,allow
TXN-2026-02510,allow
TXN-2026-02511,allow
TXN-2026-02512,allow
TXN-2026-02513,allow
TXN-2026-02514,review
TXN-2026-02515,allow
TXN-2026-02516,allow
TXN-2026-02517,allow
TXN-2026-02518,block
TXN-2026-02519,allow
TXN-2026-02520,allow
TXN-2026-02521,allow
TXN-2026-02522,allow
TXN-2026-02523,allow
TXN-2026-02524,allow
TXN-2026-02525,allow
TXN-2026-02526,allow
TXN-2026-02527,allow
TXN-2026-02528,allow
TXN-2026-02529,allow
TXN-2026-02530,allow
TXN-2026-02531,allow
TXN-2026-02532,allow
TXN-2026-02533,allow
TXN-2026-02534,allow
TXN-2026-02535,allow
TXN-2026-02536,allow
TXN-2026-02537,allow
TXN-2026-02538,allow
TXN-2026-02539,allow
TXN-2026-02540,allow
TXN-2026-02541,allow
TXN-2026-02542,review
TXN-2026-02543,allow
TXN-2026-02544,allow
TXN-2026-02545,allow
TXN-2026-02546,allow
TXN-2026-02547,allow
TXN-2026-02548,block
TXN-2026-02549,allow
TXN-2026-02550,allow
TXN-2026-02551,allow
TXN-2026-02552,allow
TXN-2026-02553,allow
TXN-2026-02554,allow
TXN-2026-02555,allow
TXN-2026-02556,allow
TXN-2026-02557,allow
TXN-2026-02558,review
TXN-2026-02559,allow
TXN-2026-02560,allow
TXN-2026-02561,allow
TXN-2026-02562,allow
TXN-2026-02563,allow
TXN-2026-02564,allow
TXN-2026-02565,allow
TXN-2026-02566,review
TXN-2026-02567,allow
TXN-2026-02568,block
TXN-2026-02569,allow
TXN-2026-02570,block
TXN-2026-02571,allow
TXN-2026-02572,allow
TXN-2026-02573,allow
TXN-2026-02574,allow
TXN-2026-02575,allow
TXN-2026-02576,allow
TXN-2026-02577,allow
TXN-2026-02578,allow
TXN-2026-02579,review
TXN-2026-02580,allow
TXN-2026-02581,allow
TXN-2026-02582,allow
TXN-2026-02583,allow
TXN-2026-02584,block
TXN-2026-02585,allow
TXN-2026-02586,allow
TXN-2026-02587,allow
TXN-2026-02588,block
TXN-2026-02589,allow
TXN-2026-02590,allow
TXN-2026-02591,allow
TXN-2026-02592,allow
TXN-2026-02593,allow
TXN-2026-02594,allow
TXN-2026-02595,allow
TXN-2026-02596,allow
TXN-2026-02597,allow
TXN-2026-02598,allow
TXN-2026-02599,allow
TXN-2026-02600,review
TXN-2026-02601,allow
TXN-2026-02602,allow
TXN-2026-02603,allow
TXN-2026-02604,allow
TXN-2026-02605,allow
TXN-2026-02606,allow
TXN-2026-02607,allow
TXN-2026-02608,allow
TXN-2026-02609,review
TXN-2026-02610,allow
TXN-2026-02611,allow
TXN-2026-02612,review
TXN-2026-02613,allow
TXN-2026-02614,allow
TXN-2026-02615,allow
TXN-2026-02616,allow
TXN-2026-02617,allow
TXN-2026-02618,review
TXN-2026-02619,allow
TXN-2026-02620,allow
TXN-2026-02621,allow
TXN-2026-02622,allow
TXN-2026-02623,block
TXN-2026-02624,allow
TXN-2026-02625,allow
TXN-2026-02626,allow
TXN-2026-02627,allow
TXN-2026-02628,allow
TXN-2026-02629,allow
TXN-2026-02630,allow
TXN-2026-02631,allow
TXN-2026-02632,allow
TXN-2026-02633,allow
TXN-2026-02634,review
TXN-2026-02635,allow
TXN-2026-02636,allow
TXN-2026-02637,allow
TXN-2026-02638,allow
TXN-2026-02639,allow
TXN-2026-02640,allow
TXN-2026-02641,allow
TXN-2026-02642,allow
TXN-2026-02643,allow
TXN-2026-02644,allow
TXN-2026-02645,allow
TXN-2026-02646,allow
TXN-2026-02647,allow
TXN-2026-02648,allow
TXN-2026-02649,allow
TXN-2026-02650,allow
TXN-2026-02651,allow
TXN-2026-02652,allow
TXN-2026-02653,allow
TXN-2026-02654,review
TXN-2026-02655,allow
TXN-2026-02656,allow
TXN-2026-02657,allow
TXN-2026-02658,review
TXN-2026-02659,allow
TXN-2026-02660,allow
TXN-2026-02661,allow
TXN-2026-02662,allow
TXN-2026-02663,allow
TXN-2026-02664,allow
TXN-2026-02665,allow
TXN-2026-02666,allow
TXN-2026-02667,allow
TXN-2026-02668,allow
TXN-2026-02669,allow
TXN-2026-02670,allow
TXN-2026-02671,allow
TXN-2026-02672,allow
TXN-2026-02673,allow
TXN-2026-02674,allow
TXN-2026-02675,allow
TXN-2026-02676,allow
TXN-2026-02677,allow
TXN-2026-02678,allow
TXN-2026-02679,block
TXN-2026-02680,allow
TXN-2026-02681,review
TXN-2026-02682,allow
TXN-2026-02683,allow
TXN-2026-02684,allow
TXN-2026-02685,allow
TXN-2026-02686,allow
TXN-2026-02687,allow
TXN-2026-02688,allow
TXN-2026-02689,allow
TXN-2026-02690,allow
TXN-2026-02691,allow
TXN-2026-02692,allow
TXN-2026-02693,allow
TXN-2026-02694,allow
TXN-2026-02695,allow
TXN-2026-02696,allow
TXN-2026-02697,allow
TXN-2026-02698,review
TXN-2026-02699,review
TXN-2026-02700,block
TXN-2026-02701,allow
TXN-2026-02702,review
TXN-2026-02703,allow
TXN-2026-02704,allow
TXN-2026-02705,allow
TXN-2026-02706,allow
TXN-2026-02707,allow
TXN-2026-02708,allow
TXN-2026-02709,allow
TXN-2026-02710,allow
TXN-2026-02711,allow
TXN-2026-02712,allow
TXN-2026-02713,allow
TXN-2026-02714,allow
TXN-2026-02715,allow
TXN-2026-02716,allow
TXN-2026-02717,allow
TXN-2026-02718,allow
TXN-2026-02719,allow
TXN-2026-02720,allow
TXN-2026-02721,allow
TXN-2026-02722,allow
TXN-2026-02723,allow
TXN-2026-02724,allow
TXN-2026-02725,block
TXN-2026-02726,allow
TXN-2026-02727,allow
TXN-2026-02728,block
TXN-2026-02729,allow
TXN-2026-02730,allow
TXN-2026-02731,allow
TXN-2026-02732,allow
TXN-2026-02733,allow
TXN-2026-02734,allow
TXN-2026-02735,allow
TXN-2026-02736,allow
TXN-2026-02737,allow
TXN-2026-02738,allow
TXN-2026-02739,allow
TXN-2026-02740,allow
TXN-2026-02741,allow
TXN-2026-02742,allow
TXN-2026-02743,review
TXN-2026-02744,allow
TXN-2026-02745,review
TXN-2026-02746,allow
TXN-2026-02747,allow
TXN-2026-02748,allow
TXN-2026-02749,allow
TXN-2026-02750,allow
TXN-2026-02751,allow
TXN-2026-02752,allow
TXN-2026-02753,allow
TXN-2026-02754,allow
TXN-2026-02755,allow
TXN-2026-02756,allow
TXN-2026-02757,review
TXN-2026-02758,allow
TXN-2026-02759,allow
TXN-2026-02760,allow
TXN-2026-02761,allow
TXN-2026-02762,block
TXN-2026-02763,allow
TXN-2026-02764,allow
TXN-2026-02765,allow
TXN-2026-02766,allow
TXN-2026-02767,allow
TXN-2026-02768,allow
TXN-2026-02769,allow
TXN-2026-02770,allow
TXN-2026-02771,allow
TXN-2026-02772,allow
TXN-2026-02773,review
TXN-2026-02774,allow
TXN-2026-02775,allow
TXN-2026-02776,allow
TXN-2026-02777,allow
TXN-2026-02778,block
TXN-2026-02779,allow
TXN-2026-02780,allow
TXN-2026-02781,allow
TXN-2026-02782,allow
TXN-2026-02783,block
TXN-2026-02784,allow
TXN-2026-02785,allow
TXN-2026-02786,allow
TXN-2026-02787,allow
TXN-2026-02788,allow
TXN-2026-02789,allow
TXN-2026-02790,allow
TXN-2026-02791,allow
TXN-2026-02792,allow
TXN-2026-02793,allow
TXN-2026-02794,allow
TXN-2026-02795,allow
TXN-2026-02796,allow
TXN-2026-02797,block
TXN-2026-02798,allow
TXN-2026-02799,allow
TXN-2026-02800,allow
TXN-2026-02801,allow
TXN-2026-02802,allow
TXN-2026-02803,allow
TXN-2026-02804,allow
TXN-2026-02805,review
TXN-2026-02806,allow
TXN-2026-02807,allow
TXN-2026-02808,allow
TXN-2026-02809,allow
TXN-2026-02810,allow
TXN-2026-02811,allow
TXN-2026-02812,allow
TXN-2026-02813,allow
TXN-2026-02814,allow
TXN-2026-02815,allow
TXN-2026-02816,allow
TXN-2026-02817,allow
TXN-2026-02818,allow
TXN-2026-02819,allow
TXN-2026-02820,allow
TXN-2026-02821,review
TXN-2026-02822,allow
TXN-2026-02823,allow
TXN-2026-02824,allow
TXN-2026-02825,allow
TXN-2026-02826,block
TXN-2026-02827,allow
TXN-2026-02828,allow
TXN-2026-02829,allow
TXN-2026-02830,allow
TXN-2026-02831,allow
TXN-2026-02832,allow
TXN-2026-02833,allow
TXN-2026-02834,allow
TXN-2026-02835,allow
TXN-2026-02836,allow
TXN-2026-02837,allow
TXN-2026-02838,allow
TXN-2026-02839,allow
TXN-2026-02840,review
TXN-2026-02841,allow
TXN-2026-02842,allow
TXN-2026-02843,allow
TXN-2026-02844,allow
TXN-2026-02845,allow
TXN-2026-02846,allow
TXN-2026-02847,allow
TXN-2026-02848,allow
TXN-2026-02849,allow
TXN-2026-02850,allow
TXN-2026-02851,allow
TXN-2026-02852,allow
TXN-2026-02853,allow
TXN-2026-02854,allow
TXN-2026-02855,review
TXN-2026-02856,allow
TXN-2026-02857,allow
TXN-2026-02858,allow
TXN-2026-02859,allow
TXN-2026-02860,allow
TXN-2026-02861,allow
TXN-2026-02862,allow
TXN-2026-02863,block
TXN-2026-02864,allow
TXN-2026-02865,allow
TXN-2026-02866,allow
TXN-2026-02867,allow
TXN-2026-02868,allow
TXN-2026-02869,allow
TXN-2026-02870,allow
TXN-2026-02871,allow
TXN-2026-02872,allow
TXN-2026-02873,allow
TXN-2026-02874,allow
TXN-2026-02875,allow
TXN-2026-02876,allow
TXN-2026-02877,allow
TXN-2026-02878,allow
TXN-2026-02879,allow
TXN-2026-02880,allow
TXN-2026-02881,allow
TXN-2026-02882,allow
TXN-2026-02883,allow
TXN-2026-02884,allow
TXN-2026-02885,allow
TXN-2026-02886,allow
TXN-2026-02887,block
TXN-2026-02888,review
TXN-2026-02889,allow
TXN-2026-02890,allow
TXN-2026-02891,allow
TXN-2026-02892,allow
TXN-2026-02893,allow
TXN-2026-02894,allow
TXN-2026-02895,allow
TXN-2026-02896,allow
TXN-2026-02897,allow
TXN-2026-02898,allow
TXN-2026-02899,allow
TXN-2026-02900,allow
TXN-2026-02901,allow
TXN-2026-02902,allow
TXN-2026-02903,allow
TXN-2026-02904,allow
TXN-2026-02905,allow
TXN-2026-02906,allow
TXN-2026-02907,allow
TXN-2026-02908,allow
TXN-2026-02909,allow
TXN-2026-02910,allow
TXN-2026-02911,allow
TXN-2026-02912,allow
TXN-2026-02913,allow
TXN-2026-02914,allow
TXN-2026-02915,allow
TXN-2026-02916,allow
TXN-2026-02917,allow
TXN-2026-02918,allow
TXN-2026-02919,allow
TXN-2026-02920,allow
TXN-2026-02921,allow
TXN-2026-02922,review
TXN-2026-02923,block
TXN-2026-02924,allow
TXN-2026-02925,allow
TXN-2026-02926,allow
TXN-2026-02927,allow
TXN-2026-02928,allow
TXN-2026-02929,allow
TXN-2026-02930,allow
TXN-2026-02931,allow
TXN-2026-02932,block
TXN-2026-02933,allow
TXN-2026-02934,allow
TXN-2026-02935,allow
TXN-2026-02936,allow
TXN-2026-02937,allow
TXN-2026-02938,allow
TXN-2026-02939,review
TXN-2026-02940,allow
TXN-2026-02941,allow
TXN-2026-02942,allow
TXN-2026-02943,allow
TXN-2026-02944,allow
TXN-2026-02945,allow
TXN-2026-02946,allow
TXN-2026-02947,allow
TXN-2026-02948,review
TXN-2026-02949,block
TXN-2026-02950,allow
TXN-2026-02951,allow
TXN-2026-02952,allow
TXN-2026-02953,allow
TXN-2026-02954,allow
TXN-2026-02955,allow
TXN-2026-02956,allow
TXN-2026-02957,allow
TXN-2026-02958,allow
TXN-2026-02959,block
TXN-2026-02960,allow
TXN-2026-02961,allow
TXN-2026-02962,block
TXN-2026-02963,allow
TXN-2026-02964,allow
TXN-2026-02965,allow
TXN-2026-02966,allow
TXN-2026-02967,allow
TXN-2026-02968,allow
TXN-2026-02969,allow
TXN-2026-02970,allow
TXN-2026-02971,allow
TXN-2026-02972,allow
TXN-2026-02973,allow
TXN-2026-02974,allow
TXN-2026-02975,allow
TXN-2026-02976,review
TXN-2026-02977,block
TXN-2026-02978,allow
TXN-2026-02979,allow
TXN-2026-02980,allow
TXN-2026-02981,allow
TXN-2026-02982,allow
TXN-2026-02983,allow
TXN-2026-02984,allow
TXN-2026-02985,allow
TXN-2026-02986,allow
TXN-2026-02987,allow
TXN-2026-02988,allow
TXN-2026-02989,allow
TXN-2026-02990,block
TXN-2026-02991,allow
TXN-2026-02992,allow
TXN-2026-02993,allow
TXN-2026-02994,allow
TXN-2026-02995,allow
TXN-2026-02996,allow
TXN-2026-02997,allow
TXN-2026-02998,allow
TXN-2026-02999,allow
TXN-2026-03000,allow
TXN-2026-03001,allow
TXN-2026-03002,allow
TXN-2026-03003,allow
TXN-2026-03004,allow
TXN-2026-03005,allow
TXN-2026-03006,allow
TXN-2026-03007,allow
TXN-2026-03008,allow
TXN-2026-03009,block
TXN-2026-03010,allow
TXN-2026-03011,allow
TXN-2026-03012,allow
TXN-2026-03013,allow
TXN-2026-03014,allow
TXN-2026-03015,allow
TXN-2026-03016,review
TXN-2026-03017,block
TXN-2026-03018,allow
TXN-2026-03019,allow
TXN-2026-03020,allow
TXN-2026-03021,allow
TXN-2026-03022,allow
TXN-2026-03023,review
TXN-2026-03024,allow
TXN-2026-03025,allow
TXN-2026-03026,allow
TXN-2026-03027,allow
TXN-2026-03028,allow
TXN-2026-03029,allow
TXN-2026-03030,allow
TXN-2026-03031,allow
TXN-2026-03032,allow
TXN-2026-03033,block
TXN-2026-03034,allow
TXN-2026-03035,allow
TXN-2026-03036,allow
TXN-2026-03037,allow
TXN-2026-03038,allow
TXN-2026-03039,allow
TXN-2026-03040,allow
TXN-2026-03041,allow
TXN-2026-03042,allow
TXN-2026-03043,allow
TXN-2026-03044,allow
TXN-2026-03045,allow
TXN-2026-03046,allow
TXN-2026-03047,allow
TXN-2026-03048,allow
TXN-2026-03049,allow
TXN-2026-03050,allow
TXN-2026-03051,allow
TXN-2026-03052,allow
TXN-2026-03053,allow
TXN-2026-03054,review
TXN-2026-03055,block
TXN-2026-03056,allow
TXN-2026-03057,review
TXN-2026-03058,allow
TXN-2026-03059,allow
TXN-2026-03060,allow
TXN-2026-03061,allow
TXN-2026-03062,allow
TXN-2026-03063,allow
TXN-2026-03064,allow
TXN-2026-03065,allow
TXN-2026-03066,allow
TXN-2026-03067,allow
TXN-2026-03068,allow
TXN-2026-03069,allow
TXN-2026-03070,allow
TXN-2026-03071,allow
TXN-2026-03072,allow
TXN-2026-03073,allow
TXN-2026-03074,allow
TXN-2026-03075,allow
TXN-2026-03076,allow
TXN-2026-03077,allow
TXN-2026-03078,allow
TXN-2026-03079,allow
TXN-2026-03080,allow
TXN-2026-03081,allow
TXN-2026-03082,allow
TXN-2026-03083,allow
TXN-2026-03084,allow
TXN-2026-03085,allow
TXN-2026-03086,allow
TXN-2026-03087,allow
TXN-2026-03088,allow
TXN-2026-03089,allow
TXN-2026-03090,allow
TXN-2026-03091,allow
TXN-2026-03092,allow
TXN-2026-03093,allow
TXN-2026-03094,allow
TXN-2026-03095,allow
TXN-2026-03096,allow
TXN-2026-03097,allow
TXN-2026-03098,allow
TXN-2026-03099,allow
TXN-2026-03100,allow
TXN-2026-03101,allow
TXN-2026-03102,allow
TXN-2026-03103,block
TXN-2026-03104,allow
TXN-2026-03105,allow
TXN-2026-03106,allow
TXN-2026-03107,allow
TXN-2026-03108,allow
TXN-2026-03109,allow
TXN-2026-03110,allow
TXN-2026-03111,allow
TXN-2026-03112,allow
TXN-2026-03113,allow
TXN-2026-03114,allow
TXN-2026-03115,allow
TXN-2026-03116,allow
TXN-2026-03117,allow
TXN-2026-03118,allow
TXN-2026-03119,review
TXN-2026-03120,allow
TXN-2026-03121,allow
TXN-2026-03122,block
TXN-2026-03123,allow
TXN-2026-03124,allow
TXN-2026-03125,allow
TXN-2026-03126,allow
TXN-2026-03127,review
TXN-2026-03128,allow
TXN-2026-03129,allow
TXN-2026-03130,allow
TXN-2026-03131,allow
TXN-2026-03132,allow
TXN-2026-03133,review
TXN-2026-03134,allow
TXN-2026-03135,allow
TXN-2026-03136,allow
TXN-2026-03137,allow
TXN-2026-03138,allow
TXN-2026-03139,allow
TXN-2026-03140,allow
TXN-2026-03141,allow
TXN-2026-03142,allow
TXN-2026-03143,allow
TXN-2026-03144,allow
TXN-2026-03145,allow
TXN-2026-03146,block
TXN-2026-03147,allow
TXN-2026-03148,allow
TXN-2026-03149,allow
TXN-2026-03150,allow
TXN-2026-03151,block
TXN-2026-03152,allow
TXN-2026-03153,allow
TXN-2026-03154,allow
TXN-2026-03155,allow
TXN-2026-03156,allow
TXN-2026-03157,allow
TXN-2026-03158,allow
TXN-2026-03159,allow
TXN-2026-03160,allow
TXN-2026-03161,allow
TXN-2026-03162,allow
TXN-2026-03163,allow
TXN-2026-03164,review
TXN-2026-03165,allow
TXN-2026-03166,allow
TXN-2026-03167,allow
TXN-2026-03168,allow
TXN-2026-03169,allow
TXN-2026-03170,allow
TXN-2026-03171,block
TXN-2026-03172,allow
TXN-2026-03173,review
TXN-2026-03174,allow
TXN-2026-03175,allow
TXN-2026-03176,allow
TXN-2026-03177,block
TXN-2026-03178,allow
TXN-2026-03179,allow
TXN-2026-03180,allow
TXN-2026-03181,allow
TXN-2026-03182,allow
TXN-2026-03183,allow
TXN-2026-03184,allow
TXN-2026-03185,allow
TXN-2026-03186,allow
TXN-2026-03187,allow
TXN-2026-03188,allow
TXN-2026-03189,allow
TXN-2026-03190,allow
TXN-2026-03191,allow
TXN-2026-03192,allow
TXN-2026-03193,allow
TXN-2026-03194,allow
TXN-2026-03195,allow
TXN-2026-03196,review
TXN-2026-03197,allow
TXN-2026-03198,allow
TXN-2026-03199,allow
TXN-2026-03200,allow
TXN-2026-03201,allow
TXN-2026-03202,allow
TXN-2026-03203,allow
TXN-2026-03204,allow
TXN-2026-03205,allow
TXN-2026-03206,allow
TXN-2026-03207,allow
TXN-2026-03208,allow
TXN-2026-03209,block
TXN-2026-03210,allow
TXN-2026-03211,allow
TXN-2026-03212,block
TXN-2026-03213,allow
TXN-2026-03214,allow
TXN-2026-03215,allow
TXN-2026-03216,allow
TXN-2026-03217,allow
TXN-2026-03218,allow
TXN-2026-03219,allow
TXN-2026-03220,allow
TXN-2026-03221,allow
TXN-2026-03222,allow
TXN-2026-03223,review
TXN-2026-03224,allow
TXN-2026-03225,block
TXN-2026-03226,allow
TXN-2026-03227,allow
TXN-2026-03228,allow
TXN-2026-03229,allow
TXN-2026-03230,allow
TXN-2026-03231,allow
TXN-2026-03232,allow
TXN-2026-03233,allow
TXN-2026-03234,allow
TXN-2026-03235,allow
TXN-2026-03236,allow
TXN-2026-03237,allow
TXN-2026-03238,allow
TXN-2026-03239,allow
TXN-2026-03240,allow
TXN-2026-03241,block
TXN-2026-03242,allow
TXN-2026-03243,allow
TXN-2026-03244,allow
TXN-2026-03245,allow
TXN-2026-03246,allow
TXN-2026-03247,review
TXN-2026-03248,allow
TXN-2026-03249,allow
TXN-2026-03250,allow
TXN-2026-03251,allow
TXN-2026-03252,allow
TXN-2026-03253,allow
TXN-2026-03254,allow
TXN-2026-03255,allow
TXN-2026-03256,allow
TXN-2026-03257,allow
TXN-2026-03258,allow
TXN-2026-03259,block
TXN-2026-03260,allow
TXN-2026-03261,allow
TXN-2026-03262,allow
TXN-2026-03263,allow
TXN-2026-03264,review
TXN-2026-03265,allow
TXN-2026-03266,allow
TXN-2026-03267,allow
TXN-2026-03268,allow
TXN-2026-03269,allow
TXN-2026-03270,allow
TXN-2026-03271,allow
TXN-2026-03272,allow
TXN-2026-03273,allow
TXN-2026-03274,allow
TXN-2026-03275,allow
TXN-2026-03276,allow
TXN-2026-03277,allow
TXN-2026-03278,allow
TXN-2026-03279,allow
TXN-2026-03280,allow
TXN-2026-03281,block
TXN-2026-03282,allow
TXN-2026-03283,allow
TXN-2026-03284,block
TXN-2026-03285,allow
TXN-2026-03286,allow
TXN-2026-03287,allow
TXN-2026-03288,allow
TXN-2026-03289,allow
TXN-2026-03290,allow
TXN-2026-03291,allow
TXN-2026-03292,block
TXN-2026-03293,allow
TXN-2026-03294,allow
TXN-2026-03295,allow
TXN-2026-03296,allow
TXN-2026-03297,allow
TXN-2026-03298,allow
TXN-2026-03299,allow
TXN-2026-03300,review
TXN-2026-03301,allow
TXN-2026-03302,allow
TXN-2026-03303,allow
TXN-2026-03304,block
TXN-2026-03305,allow
TXN-2026-03306,allow
TXN-2026-03307,allow
TXN-2026-03308,allow
TXN-2026-03309,allow
TXN-2026-03310,allow
TXN-2026-03311,review
TXN-2026-03312,block
TXN-2026-03313,allow
TXN-2026-03314,allow
TXN-2026-03315,allow
TXN-2026-03316,allow
TXN-2026-03317,allow
TXN-2026-03318,review
TXN-2026-03319,allow
TXN-2026-03320,allow
TXN-2026-03321,allow
TXN-2026-03322,allow
TXN-2026-03323,allow
TXN-2026-03324,allow
TXN-2026-03325,allow
TXN-2026-03326,allow
TXN-2026-03327,allow
TXN-2026-03328,review
TXN-2026-03329,allow
TXN-2026-03330,allow
TXN-2026-03331,allow
TXN-2026-03332,allow
TXN-2026-03333,allow
TXN-2026-03334,allow
TXN-2026-03335,allow
TXN-2026-03336,block
TXN-2026-03337,allow
TXN-2026-03338,allow
TXN-2026-03339,allow
TXN-2026-03340,allow
TXN-2026-03341,allow
TXN-2026-03342,allow
TXN-2026-03343,allow
TXN-2026-03344,allow
TXN-2026-03345,allow
TXN-2026-03346,allow
TXN-2026-03347,allow
TXN-2026-03348,allow
TXN-2026-03349,allow
TXN-2026-03350,allow
TXN-2026-03351,allow
TXN-2026-03352,allow
TXN-2026-03353,allow
TXN-2026-03354,block
TXN-2026-03355,review
TXN-2026-03356,allow
TXN-2026-03357,allow
TXN-2026-03358,allow
TXN-2026-03359,allow
TXN-2026-03360,review
TXN-2026-03361,allow
TXN-2026-03362,allow
TXN-2026-03363,allow
TXN-2026-03364,allow
TXN-2026-03365,block
TXN-2026-03366,allow
TXN-2026-03367,allow
TXN-2026-03368,allow
TXN-2026-03369,allow
TXN-2026-03370,allow
TXN-2026-03371,allow
TXN-2026-03372,allow
TXN-2026-03373,allow
TXN-2026-03374,allow
TXN-2026-03375,block
TXN-2026-03376,allow
TXN-2026-03377,review
TXN-2026-03378,allow
TXN-2026-03379,allow
TXN-2026-03380,allow
TXN-2026-03381,review
TXN-2026-03382,allow
TXN-2026-03383,allow
TXN-2026-03384,allow
TXN-2026-03385,allow
TXN-2026-03386,review
TXN-2026-03387,allow
TXN-2026-03388,allow
TXN-2026-03389,allow
TXN-2026-03390,allow
TXN-2026-03391,allow
TXN-2026-03392,allow
TXN-2026-03393,allow
TXN-2026-03394,block
TXN-2026-03395,allow
TXN-2026-03396,allow
TXN-2026-03397,allow
TXN-2026-03398,review
TXN-2026-03399,allow
TXN-2026-03400,allow
TXN-2026-03401,allow
TXN-2026-03402,allow
TXN-2026-03403,allow
TXN-2026-03404,allow
TXN-2026-03405,allow
TXN-2026-03406,review
TXN-2026-03407,allow
TXN-2026-03408,allow
TXN-2026-03409,allow
TXN-2026-03410,allow
TXN-2026-03411,block
TXN-2026-03412,review
TXN-2026-03413,allow
TXN-2026-03414,allow
TXN-2026-03415,allow
TXN-2026-03416,allow
TXN-2026-03417,review
TXN-2026-03418,allow
TXN-2026-03419,review
TXN-2026-03420,allow
TXN-2026-03421,allow
TXN-2026-03422,allow
TXN-2026-03423,allow
TXN-2026-03424,allow
TXN-2026-03425,allow
TXN-2026-03426,allow
TXN-2026-03427,allow
TXN-2026-03428,allow
TXN-2026-03429,allow
TXN-2026-03430,allow
TXN-2026-03431,block
TXN-2026-03432,allow
TXN-2026-03433,allow
TXN-2026-03434,allow
TXN-2026-03435,allow
TXN-2026-03436,allow
TXN-2026-03437,allow
TXN-2026-03438,allow
TXN-2026-03439,allow
TXN-2026-03440,allow
TXN-2026-03441,allow
TXN-2026-03442,review
TXN-2026-03443,allow
TXN-2026-03444,allow
TXN-2026-03445,allow
TXN-2026-03446,allow
TXN-2026-03447,allow
TXN-2026-03448,block
TXN-2026-03449,allow
TXN-2026-03450,allow
TXN-2026-03451,allow
TXN-2026-03452,allow
TXN-2026-03453,allow
TXN-2026-03454,allow
TXN-2026-03455,allow
TXN-2026-03456,allow
TXN-2026-03457,allow
TXN-2026-03458,allow
TXN-2026-03459,allow
TXN-2026-03460,block
TXN-2026-03461,allow
TXN-2026-03462,block
TXN-2026-03463,allow
TXN-2026-03464,review
TXN-2026-03465,allow
TXN-2026-03466,allow
TXN-2026-03467,allow
TXN-2026-03468,review
TXN-2026-03469,allow
TXN-2026-03470,review
TXN-2026-03471,allow
TXN-2026-03472,allow
TXN-2026-03473,allow
TXN-2026-03474,review
TXN-2026-03475,allow
TXN-2026-03476,allow
TXN-2026-03477,allow
TXN-2026-03478,allow
TXN-2026-03479,review
TXN-2026-03480,allow
TXN-2026-03481,allow
TXN-2026-03482,allow
TXN-2026-03483,review
TXN-2026-03484,allow
TXN-2026-03485,allow
TXN-2026-03486,allow
TXN-2026-03487,allow
TXN-2026-03488,allow
TXN-2026-03489,allow
TXN-2026-03490,allow
TXN-2026-03491,allow
TXN-2026-03492,allow
TXN-2026-03493,allow
TXN-2026-03494,allow
TXN-2026-03495,allow
TXN-2026-03496,review
TXN-2026-03497,allow
TXN-2026-03498,allow
TXN-2026-03499,block
TXN-2026-03500,allow
TXN-2026-03501,review
TXN-2026-03502,allow
TXN-2026-03503,allow
TXN-2026-03504,allow
TXN-2026-03505,block
TXN-2026-03506,allow
TXN-2026-03507,allow
TXN-2026-03508,allow
TXN-2026-03509,allow
TXN-2026-03510,allow
TXN-2026-03511,allow
TXN-2026-03512,allow
TXN-2026-03513,allow
TXN-2026-03514,block
TXN-2026-03515,allow
TXN-2026-03516,allow
TXN-2026-03517,block
TXN-2026-03518,allow
TXN-2026-03519,allow
TXN-2026-03520,allow
TXN-2026-03521,allow
TXN-2026-03522,review
TXN-2026-03523,allow
TXN-2026-03524,review
TXN-2026-03525,allow
TXN-2026-03526,review
TXN-2026-03527,allow
TXN-2026-03528,allow
TXN-2026-03529,allow
TXN-2026-03530,allow
TXN-2026-03531,allow
TXN-2026-03532,allow
TXN-2026-03533,allow
TXN-2026-03534,allow
TXN-2026-03535,allow
TXN-2026-03536,allow
TXN-2026-03537,review
TXN-2026-03538,allow
TXN-2026-03539,allow
TXN-2026-03540,allow
TXN-2026-03541,allow
TXN-2026-03542,allow
TXN-2026-03543,allow
TXN-2026-03544,allow
TXN-2026-03545,allow
TXN-2026-03546,allow
TXN-2026-03547,allow
TXN-2026-03548,block
TXN-2026-03549,allow
TXN-2026-03550,allow
TXN-2026-03551,allow
TXN-2026-03552,allow
TXN-2026-03553,allow
TXN-2026-03554,allow
TXN-2026-03555,allow
TXN-2026-03556,allow
TXN-2026-03557,allow
TXN-2026-03558,allow
TXN-2026-03559,allow
TXN-2026-03560,allow
TXN-2026-03561,allow
TXN-2026-03562,allow
TXN-2026-03563,allow
TXN-2026-03564,block
TXN-2026-03565,allow
TXN-2026-03566,allow
TXN-2026-03567,review
TXN-2026-03568,allow
TXN-2026-03569,allow
TXN-2026-03570,allow
TXN-2026-03571,allow
TXN-2026-03572,allow
TXN-2026-03573,allow
TXN-2026-03574,allow
TXN-2026-03575,allow
TXN-2026-03576,allow
TXN-2026-03577,allow
TXN-2026-03578,review
TXN-2026-03579,allow
TXN-2026-03580,allow
TXN-2026-03581,block
TXN-2026-03582,allow
TXN-2026-03583,allow
TXN-2026-03584,allow
TXN-2026-03585,allow
TXN-2026-03586,allow
TXN-2026-03587,allow
TXN-2026-03588,allow
TXN-2026-03589,review
TXN-2026-03590,allow
TXN-2026-03591,allow
TXN-2026-03592,allow
TXN-2026-03593,allow
TXN-2026-03594,allow
TXN-2026-03595,allow
TXN-2026-03596,allow
TXN-2026-03597,allow
TXN-2026-03598,allow
TXN-2026-03599,allow
TXN-2026-03600,allow
TXN-2026-03601,allow
TXN-2026-03602,allow
TXN-2026-03603,allow
TXN-2026-03604,allow
TXN-2026-03605,allow
TXN-2026-03606,allow
TXN-2026-03607,allow
TXN-2026-03608,allow
TXN-2026-03609,block
TXN-2026-03610,allow
TXN-2026-03611,allow
TXN-2026-03612,allow
TXN-2026-03613,allow
TXN-2026-03614,allow
TXN-2026-03615,allow
TXN-2026-03616,allow
TXN-2026-03617,allow
TXN-2026-03618,allow
TXN-2026-03619,allow
TXN-2026-03620,block
TXN-2026-03621,allow
TXN-2026-03622,allow
TXN-2026-03623,allow
TXN-2026-03624,allow
TXN-2026-03625,allow
TXN-2026-03626,allow
TXN-2026-03627,allow
TXN-2026-03628,block
TXN-2026-03629,allow
TXN-2026-03630,review
TXN-2026-03631,allow
TXN-2026-03632,review
TXN-2026-03633,allow
TXN-2026-03634,allow
TXN-2026-03635,allow
TXN-2026-03636,allow
TXN-2026-03637,allow
TXN-2026-03638,block
TXN-2026-03639,allow
TXN-2026-03640,allow
TXN-2026-03641,allow
TXN-2026-03642,allow
TXN-2026-03643,allow
TXN-2026-03644,block
TXN-2026-03645,allow
TXN-2026-03646,allow
TXN-2026-03647,allow
TXN-2026-03648,allow
TXN-2026-03649,allow
TXN-2026-03650,allow
TXN-2026-03651,allow
TXN-2026-03652,allow
TXN-2026-03653,allow
TXN-2026-03654,allow
TXN-2026-03655,allow
TXN-2026-03656,block
TXN-2026-03657,block
TXN-2026-03658,allow
TXN-2026-03659,allow
TXN-2026-03660,allow
TXN-2026-03661,allow
TXN-2026-03662,allow
TXN-2026-03663,review
TXN-2026-03664,allow
TXN-2026-03665,allow
TXN-2026-03666,allow
TXN-2026-03667,allow
TXN-2026-03668,allow
TXN-2026-03669,allow
TXN-2026-03670,allow
TXN-2026-03671,allow
TXN-2026-03672,review
TXN-2026-03673,block
TXN-2026-03674,allow
TXN-2026-03675,allow
TXN-2026-03676,review
TXN-2026-03677,allow
TXN-2026-03678,block
TXN-2026-03679,allow
TXN-2026-03680,allow
TXN-2026-03681,allow
TXN-2026-03682,allow
TXN-2026-03683,allow
TXN-2026-03684,allow
TXN-2026-03685,allow
TXN-2026-03686,allow
TXN-2026-03687,allow
TXN-2026-03688,block
TXN-2026-03689,block
TXN-2026-03690,allow
TXN-2026-03691,allow
TXN-2026-03692,allow
TXN-2026-03693,allow
TXN-2026-03694,allow
TXN-2026-03695,allow
TXN-2026-03696,allow
TXN-2026-03697,allow
TXN-2026-03698,allow
TXN-2026-03699,allow
TXN-2026-03700,allow
TXN-2026-03701,allow
TXN-2026-03702,allow
TXN-2026-03703,allow
TXN-2026-03704,allow
TXN-2026-03705,allow
TXN-2026-03706,allow
TXN-2026-03707,allow
TXN-2026-03708,allow
TXN-2026-03709,block
TXN-2026-03710,allow
TXN-2026-03711,allow
TXN-2026-03712,allow
TXN-2026-03713,allow
TXN-2026-03714,allow
TXN-2026-03715,allow
TXN-2026-03716,allow
TXN-2026-03717,allow
TXN-2026-03718,allow
TXN-2026-03719,allow
TXN-2026-03720,allow
TXN-2026-03721,allow
TXN-2026-03722,allow
TXN-2026-03723,review
TXN-2026-03724,allow
TXN-2026-03725,allow
TXN-2026-03726,allow
TXN-2026-03727,allow
TXN-2026-03728,allow
TXN-2026-03729,allow
TXN-2026-03730,allow
TXN-2026-03731,allow
TXN-2026-03732,allow
TXN-2026-03733,allow
TXN-2026-03734,allow
TXN-2026-03735,allow
TXN-2026-03736,block
TXN-2026-03737,allow
TXN-2026-03738,allow
TXN-2026-03739,allow
TXN-2026-03740,allow
TXN-2026-03741,allow
TXN-2026-03742,allow
TXN-2026-03743,allow
TXN-2026-03744,allow
TXN-2026-03745,allow
TXN-2026-03746,allow
TXN-2026-03747,allow
TXN-2026-03748,allow
TXN-2026-03749,allow
TXN-2026-03750,allow
TXN-2026-03751,allow
TXN-2026-03752,allow
TXN-2026-03753,allow
TXN-2026-03754,allow
TXN-2026-03755,block
TXN-2026-03756,allow
TXN-2026-03757,allow
TXN-2026-03758,allow
TXN-2026-03759,allow
TXN-2026-03760,allow
TXN-2026-03761,allow
TXN-2026-03762,allow
TXN-2026-03763,allow
TXN-2026-03764,review
TXN-2026-03765,allow
TXN-2026-03766,allow
TXN-2026-03767,allow
TXN-2026-03768,block
TXN-2026-03769,allow
TXN-2026-03770,review
TXN-2026-03771,allow
TXN-2026-03772,allow
TXN-2026-03773,allow
TXN-2026-03774,allow
TXN-2026-03775,allow
TXN-2026-03776,allow
TXN-2026-03777,allow
TXN-2026-03778,allow
TXN-2026-03779,allow
TXN-2026-03780,allow
TXN-2026-03781,allow
TXN-2026-03782,allow
TXN-2026-03783,allow
TXN-2026-03784,block
TXN-2026-03785,allow
TXN-2026-03786,allow
TXN-2026-03787,allow
TXN-2026-03788,allow
TXN-2026-03789,allow
TXN-2026-03790,allow
TXN-2026-03791,allow
TXN-2026-03792,allow
TXN-2026-03793,allow
TXN-2026-03794,allow
TXN-2026-03795,allow
TXN-2026-03796,allow
TXN-2026-03797,allow
TXN-2026-03798,allow
TXN-2026-03799,allow
TXN-2026-03800,allow
TXN-2026-03801,allow
TXN-2026-03802,allow
TXN-2026-03803,allow
TXN-2026-03804,block
TXN-2026-03805,allow
TXN-2026-03806,allow
TXN-2026-03807,allow
TXN-2026-03808,allow
TXN-2026-03809,allow
TXN-2026-03810,allow
TXN-2026-03811,allow
TXN-2026-03812,allow
TXN-2026-03813,block
TXN-2026-03814,review
TXN-2026-03815,allow
TXN-2026-03816,review
TXN-2026-03817,allow
TXN-2026-03818,allow
TXN-2026-03819,allow
TXN-2026-03820,allow
TXN-2026-03821,allow
TXN-2026-03822,allow
TXN-2026-03823,allow
TXN-2026-03824,allow
TXN-2026-03825,allow
TXN-2026-03826,allow
TXN-2026-03827,allow
TXN-2026-03828,allow
TXN-2026-03829,allow
TXN-2026-03830,allow
TXN-2026-03831,allow
TXN-2026-03832,allow
TXN-2026-03833,allow
TXN-2026-03834,block
TXN-2026-03835,allow
TXN-2026-03836,allow
TXN-2026-03837,allow
TXN-2026-03838,allow
TXN-2026-03839,allow
TXN-2026-03840,allow
TXN-2026-03841,review
TXN-2026-03842,allow
TXN-2026-03843,block
TXN-2026-03844,allow
TXN-2026-03845,allow
TXN-2026-03846,allow
TXN-2026-03847,allow
TXN-2026-03848,allow
TXN-2026-03849,allow
TXN-2026-03850,allow
TXN-2026-03851,block
TXN-2026-03852,allow
TXN-2026-03853,allow
TXN-2026-03854,allow
TXN-2026-03855,block
TXN-2026-03856,allow
TXN-2026-03857,block
TXN-2026-03858,allow
TXN-2026-03859,allow
TXN-2026-03860,allow
TXN-2026-03861,allow
TXN-2026-03862,allow
TXN-2026-03863,allow
TXN-2026-03864,allow
TXN-2026-03865,allow
TXN-2026-03866,allow
TXN-2026-03867,allow
TXN-2026-03868,allow
TXN-2026-03869,review
TXN-2026-03870,allow
TXN-2026-03871,allow
TXN-2026-03872,allow
TXN-2026-03873,block
TXN-2026-03874,allow
TXN-2026-03875,allow
TXN-2026-03876,allow
TXN-2026-03877,allow
TXN-2026-03878,allow
TXN-2026-03879,allow
TXN-2026-03880,allow
TXN-2026-03881,allow
TXN-2026-03882,allow
TXN-2026-03883,allow
TXN-2026-03884,allow
TXN-2026-03885,allow
TXN-2026-03886,allow
TXN-2026-03887,allow
TXN-2026-03888,allow
TXN-2026-03889,allow
TXN-2026-03890,allow
TXN-2026-03891,review
TXN-2026-03892,allow
TXN-2026-03893,allow
TXN-2026-03894,allow
TXN-2026-03895,allow
TXN-2026-03896,allow
TXN-2026-03897,allow
TXN-2026-03898,allow
TXN-2026-03899,allow
TXN-2026-03900,allow
TXN-2026-03901,allow
TXN-2026-03902,allow
TXN-2026-03903,allow
TXN-2026-03904,allow
TXN-2026-03905,allow
TXN-2026-03906,allow
TXN-2026-03907,review
TXN-2026-03908,allow
TXN-2026-03909,allow
TXN-2026-03910,allow
TXN-2026-03911,allow
TXN-2026-03912,block
TXN-2026-03913,allow
TXN-2026-03914,allow
TXN-2026-03915,allow
TXN-2026-03916,allow
TXN-2026-03917,allow
TXN-2026-03918,allow
TXN-2026-03919,allow
TXN-2026-03920,allow
TXN-2026-03921,allow
TXN-2026-03922,allow
TXN-2026-03923,allow
TXN-2026-03924,allow
TXN-2026-03925,allow
TXN-2026-03926,block
TXN-2026-03927,allow
TXN-2026-03928,allow
TXN-2026-03929,allow
TXN-2026-03930,allow
TXN-2026-03931,allow
TXN-2026-03932,allow
TXN-2026-03933,allow
TXN-2026-03934,allow
TXN-2026-03935,allow
TXN-2026-03936,allow
TXN-2026-03937,allow
TXN-2026-03938,allow
TXN-2026-03939,block
TXN-2026-03940,review
TXN-2026-03941,allow
TXN-2026-03942,allow
TXN-2026-03943,allow
TXN-2026-03944,allow
TXN-2026-03945,allow
TXN-2026-03946,allow
TXN-2026-03947,allow
TXN-2026-03948,block
TXN-2026-03949,allow
TXN-2026-03950,allow
TXN-2026-03951,allow
TXN-2026-03952,block
TXN-2026-03953,allow
TXN-2026-03954,block
TXN-2026-03955,allow
TXN-2026-03956,allow
TXN-2026-03957,allow
TXN-2026-03958,allow
TXN-2026-03959,allow
TXN-2026-03960,allow
TXN-2026-03961,allow
TXN-2026-03962,allow
TXN-2026-03963,allow
TXN-2026-03964,allow
TXN-2026-03965,allow
TXN-2026-03966,allow
TXN-2026-03967,allow
TXN-2026-03968,allow
TXN-2026-03969,allow
TXN-2026-03970,allow
TXN-2026-03971,allow
TXN-2026-03972,allow
TXN-2026-03973,allow
TXN-2026-03974,allow
TXN-2026-03975,allow
TXN-2026-03976,allow
TXN-2026-03977,allow
TXN-2026-03978,allow
TXN-2026-03979,allow
TXN-2026-03980,allow
TXN-2026-03981,allow
TXN-2026-03982,review
TXN-2026-03983,allow
TXN-2026-03984,allow
TXN-2026-03985,allow
TXN-2026-03986,allow
TXN-2026-03987,allow
TXN-2026-03988,allow
TXN-2026-03989,allow
TXN-2026-03990,allow
TXN-2026-03991,allow
TXN-2026-03992,allow
TXN-2026-03993,allow
TXN-2026-03994,allow
TXN-2026-03995,allow
TXN-2026-03996,allow
TXN-2026-03997,allow
TXN-2026-03998,block
TXN-2026-03999,allow
TXN-2026-04000,allow
TXN-2026-04001,allow
TXN-2026-04002,allow
TXN-2026-04003,allow
TXN-2026-04004,allow
TXN-2026-04005,allow
TXN-2026-04006,allow
TXN-2026-04007,allow
TXN-2026-04008,allow
TXN-2026-04009,allow
TXN-2026-04010,allow
TXN-2026-04011,allow
TXN-2026-04012,allow
TXN-2026-04013,allow
TXN-2026-04014,allow
TXN-2026-04015,allow
TXN-2026-04016,allow
TXN-2026-04017,allow
TXN-2026-04018,allow
TXN-2026-04019,allow
TXN-2026-04020,allow
TXN-2026-04021,allow
TXN-2026-04022,allow
TXN-2026-04023,allow
TXN-2026-04024,allow
TXN-2026-04025,allow
TXN-2026-04026,allow
TXN-2026-04027,allow
TXN-2026-04028,allow
TXN-2026-04029,allow
TXN-2026-04030,allow
TXN-2026-04031,allow
TXN-2026-04032,allow
TXN-2026-04033,allow
TXN-2026-04034,block
TXN-2026-04035,allow
TXN-2026-04036,allow
TXN-2026-04037,allow
TXN-2026-04038,allow
TXN-2026-04039,allow
TXN-2026-04040,allow
TXN-2026-04041,allow
TXN-2026-04042,allow
TXN-2026-04043,allow
TXN-2026-04044,allow
TXN-2026-04045,allow
TXN-2026-04046,allow
TXN-2026-04047,allow
TXN-2026-04048,block
TXN-2026-04049,allow
TXN-2026-04050,review
TXN-2026-04051,allow
TXN-2026-04052,allow
TXN-2026-04053,allow
TXN-2026-04054,allow
TXN-2026-04055,allow
TXN-2026-04056,allow
TXN-2026-04057,allow
TXN-2026-04058,allow
TXN-2026-04059,allow
TXN-2026-04060,allow
TXN-2026-04061,allow
TXN-2026-04062,allow
TXN-2026-04063,allow
TXN-2026-04064,allow
TXN-2026-04065,allow
TXN-2026-04066,block
TXN-2026-04067,allow
TXN-2026-04068,allow
TXN-2026-04069,allow
TXN-2026-04070,allow
TXN-2026-04071,allow
TXN-2026-04072,allow
TXN-2026-04073,allow
TXN-2026-04074,allow
TXN-2026-04075,allow
TXN-2026-04076,review
TXN-2026-04077,allow
TXN-2026-04078,allow
TXN-2026-04079,allow
TXN-2026-04080,allow
TXN-2026-04081,allow
TXN-2026-04082,allow
TXN-2026-04083,block
TXN-2026-04084,allow
TXN-2026-04085,allow
TXN-2026-04086,allow
TXN-2026-04087,allow
TXN-2026-04088,allow
TXN-2026-04089,allow
TXN-2026-04090,allow
TXN-2026-04091,allow
TXN-2026-04092,allow
TXN-2026-04093,block
TXN-2026-04094,allow
TXN-2026-04095,allow
TXN-2026-04096,allow
TXN-2026-04097,allow
TXN-2026-04098,allow
TXN-2026-04099,allow
TXN-2026-04100,review
TXN-2026-04101,allow
TXN-2026-04102,allow
TXN-2026-04103,allow
TXN-2026-04104,allow
TXN-2026-04105,review
TXN-2026-04106,allow
TXN-2026-04107,allow
TXN-2026-04108,allow
TXN-2026-04109,block
TXN-2026-04110,allow
TXN-2026-04111,allow
TXN-2026-04112,allow
TXN-2026-04113,allow
TXN-2026-04114,allow
TXN-2026-04115,allow
TXN-2026-04116,allow
TXN-2026-04117,allow
TXN-2026-04118,allow
TXN-2026-04119,allow
TXN-2026-04120,allow
TXN-2026-04121,allow
TXN-2026-04122,allow
TXN-2026-04123,allow
TXN-2026-04124,allow
TXN-2026-04125,allow
TXN-2026-04126,allow
TXN-2026-04127,allow
TXN-2026-04128,allow
TXN-2026-04129,allow
TXN-2026-04130,review
TXN-2026-04131,allow
TXN-2026-04132,allow
TXN-2026-04133,allow
TXN-2026-04134,allow
TXN-2026-04135,allow
TXN-2026-04136,review
TXN-2026-04137,allow
TXN-2026-04138,allow
TXN-2026-04139,allow
TXN-2026-04140,allow
TXN-2026-04141,allow
TXN-2026-04142,allow
TXN-2026-04143,allow
TXN-2026-04144,allow
TXN-2026-04145,allow
TXN-2026-04146,allow
TXN-2026-04147,allow
TXN-2026-04148,allow
TXN-2026-04149,allow
TXN-2026-04150,allow
TXN-2026-04151,allow
TXN-2026-04152,review
TXN-2026-04153,allow
TXN-2026-04154,allow
TXN-2026-04155,allow
TXN-2026-04156,allow
TXN-2026-04157,allow
TXN-2026-04158,allow
TXN-2026-04159,block
TXN-2026-04160,allow
TXN-2026-04161,allow
TXN-2026-04162,allow
TXN-2026-04163,allow
TXN-2026-04164,allow
TXN-2026-04165,allow
TXN-2026-04166,block
TXN-2026-04167,allow
TXN-2026-04168,review
TXN-2026-04169,allow
TXN-2026-04170,allow
TXN-2026-04171,allow
TXN-2026-04172,allow
TXN-2026-04173,block
TXN-2026-04174,block
TXN-2026-04175,allow
TXN-2026-04176,allow
TXN-2026-04177,allow
TXN-2026-04178,allow
TXN-2026-04179,allow
TXN-2026-04180,allow
TXN-2026-04181,allow
TXN-2026-04182,allow
TXN-2026-04183,allow
TXN-2026-04184,allow
TXN-2026-04185,allow
TXN-2026-04186,allow
TXN-2026-04187,review
TXN-2026-04188,allow
TXN-2026-04189,allow
TXN-2026-04190,block
TXN-2026-04191,allow
TXN-2026-04192,allow
TXN-2026-04193,allow
TXN-2026-04194,allow
TXN-2026-04195,allow
TXN-2026-04196,allow
TXN-2026-04197,block
TXN-2026-04198,allow
TXN-2026-04199,allow
TXN-2026-04200,block
TXN-2026-04201,allow
TXN-2026-04202,allow
TXN-2026-04203,allow
TXN-2026-04204,allow
TXN-2026-04205,review
TXN-2026-04206,review
TXN-2026-04207,block
TXN-2026-04208,allow
TXN-2026-04209,allow
TXN-2026-04210,allow
TXN-2026-04211,allow
TXN-2026-04212,review
TXN-2026-04213,allow
TXN-2026-04214,allow
TXN-2026-04215,allow
TXN-2026-04216,review
TXN-2026-04217,allow
TXN-2026-04218,review
TXN-2026-04219,allow
TXN-2026-04220,allow
TXN-2026-04221,block
TXN-2026-04222,allow
TXN-2026-04223,allow
TXN-2026-04224,allow
TXN-2026-04225,allow
TXN-2026-04226,block
TXN-2026-04227,allow
TXN-2026-04228,allow
TXN-2026-04229,allow
TXN-2026-04230,allow
TXN-2026-04231,allow
TXN-2026-04232,allow
TXN-2026-04233,allow
TXN-2026-04234,allow
TXN-2026-04235,allow
TXN-2026-04236,allow
TXN-2026-04237,allow
TXN-2026-04238,allow
TXN-2026-04239,allow
TXN-2026-04240,allow
TXN-2026-04241,allow
TXN-2026-04242,allow
TXN-2026-04243,allow
TXN-2026-04244,allow
TXN-2026-04245,allow
TXN-2026-04246,allow
TXN-2026-04247,allow
TXN-2026-04248,allow
TXN-2026-04249,allow
TXN-2026-04250,allow
TXN-2026-04251,allow
TXN-2026-04252,allow
TXN-2026-04253,block
TXN-2026-04254,review
TXN-2026-04255,allow
TXN-2026-04256,review
TXN-2026-04257,allow
TXN-2026-04258,block
TXN-2026-04259,allow
TXN-2026-04260,allow
TXN-2026-04261,allow
TXN-2026-04262,allow
TXN-2026-04263,allow
TXN-2026-04264,allow
TXN-2026-04265,allow
TXN-2026-04266,allow
TXN-2026-04267,allow
TXN-2026-04268,allow
TXN-2026-04269,block
TXN-2026-04270,allow
TXN-2026-04271,allow
TXN-2026-04272,allow
TXN-2026-04273,allow
TXN-2026-04274,block
TXN-2026-04275,allow
TXN-2026-04276,allow
TXN-2026-04277,allow
TXN-2026-04278,block
TXN-2026-04279,review
TXN-2026-04280,allow
TXN-2026-04281,allow
TXN-2026-04282,allow
TXN-2026-04283,allow
TXN-2026-04284,allow
TXN-2026-04285,allow
TXN-2026-04286,block
TXN-2026-04287,allow
TXN-2026-04288,allow
TXN-2026-04289,allow
TXN-2026-04290,allow
TXN-2026-04291,allow
TXN-2026-04292,allow
TXN-2026-04293,allow
TXN-2026-04294,review
TXN-2026-04295,allow
TXN-2026-04296,allow
TXN-2026-04297,allow
TXN-2026-04298,allow
TXN-2026-04299,allow
TXN-2026-04300,allow
TXN-2026-04301,allow
TXN-2026-04302,allow
TXN-2026-04303,allow
TXN-2026-04304,allow
TXN-2026-04305,allow
TXN-2026-04306,allow
TXN-2026-04307,allow
TXN-2026-04308,allow
TXN-2026-04309,allow
TXN-2026-04310,allow
TXN-2026-04311,allow
TXN-2026-04312,allow
TXN-2026-04313,allow
TXN-2026-04314,allow
TXN-2026-04315,block
TXN-2026-04316,allow
TXN-2026-04317,allow
TXN-2026-04318,allow
TXN-2026-04319,review
TXN-2026-04320,allow
TXN-2026-04321,allow
TXN-2026-04322,block
TXN-2026-04323,allow
TXN-2026-04324,review
TXN-2026-04325,allow
TXN-2026-04326,allow
TXN-2026-04327,review
TXN-2026-04328,allow
TXN-2026-04329,review
TXN-2026-04330,allow
TXN-2026-04331,allow
TXN-2026-04332,allow
TXN-2026-04333,allow
TXN-2026-04334,allow
TXN-2026-04335,block
TXN-2026-04336,review
TXN-2026-04337,allow
TXN-2026-04338,allow
TXN-2026-04339,allow
TXN-2026-04340,allow
TXN-2026-04341,allow
TXN-2026-04342,allow
TXN-2026-04343,allow
TXN-2026-04344,allow
TXN-2026-04345,allow
TXN-2026-04346,allow
TXN-2026-04347,allow
TXN-2026-04348,block
TXN-2026-04349,allow
TXN-2026-04350,allow
TXN-2026-04351,allow
TXN-2026-04352,block
TXN-2026-04353,allow
TXN-2026-04354,block
TXN-2026-04355,allow
TXN-2026-04356,allow
TXN-2026-04357,allow
TXN-2026-04358,allow
TXN-2026-04359,review
TXN-2026-04360,allow
TXN-2026-04361,block
TXN-2026-04362,allow
TXN-2026-04363,allow
TXN-2026-04364,allow
TXN-2026-04365,allow
TXN-2026-04366,allow
TXN-2026-04367,allow
TXN-2026-04368,allow
TXN-2026-04369,allow
TXN-2026-04370,allow
TXN-2026-04371,allow
TXN-2026-04372,allow
TXN-2026-04373,allow
TXN-2026-04374,allow
TXN-2026-04375,review
TXN-2026-04376,allow
TXN-2026-04377,allow
TXN-2026-04378,allow
TXN-2026-04379,allow
TXN-2026-04380,allow
TXN-2026-04381,allow
TXN-2026-04382,allow
TXN-2026-04383,allow
TXN-2026-04384,allow
TXN-2026-04385,allow
TXN-2026-04386,allow
TXN-2026-04387,allow
TXN-2026-04388,allow
TXN-2026-04389,allow
TXN-2026-04390,allow
TXN-2026-04391,allow
TXN-2026-04392,allow
TXN-2026-04393,allow
TXN-2026-04394,allow
TXN-2026-04395,allow
TXN-2026-04396,allow
TXN-2026-04397,block
TXN-2026-04398,allow
TXN-2026-04399,allow
TXN-2026-04400,allow
TXN-2026-04401,allow
TXN-2026-04402,block
TXN-2026-04403,allow
TXN-2026-04404,allow
TXN-2026-04405,allow
TXN-2026-04406,allow
TXN-2026-04407,allow
TXN-2026-04408,allow
TXN-2026-04409,allow
TXN-2026-04410,review
TXN-2026-04411,allow
TXN-2026-04412,allow
TXN-2026-04413,allow
TXN-2026-04414,allow
TXN-2026-04415,allow
TXN-2026-04416,allow
TXN-2026-04417,allow
TXN-2026-04418,allow
TXN-2026-04419,allow
TXN-2026-04420,allow
TXN-2026-04421,allow
TXN-2026-04422,allow
TXN-2026-04423,allow
TXN-2026-04424,block
TXN-2026-04425,review
TXN-2026-04426,allow
TXN-2026-04427,allow
TXN-2026-04428,allow
TXN-2026-04429,allow
TXN-2026-04430,allow
TXN-2026-04431,allow
TXN-2026-04432,allow
TXN-2026-04433,allow
TXN-2026-04434,review
TXN-2026-04435,allow
TXN-2026-04436,allow
TXN-2026-04437,allow
TXN-2026-04438,allow
TXN-2026-04439,allow
TXN-2026-04440,allow
TXN-2026-04441,allow
TXN-2026-04442,allow
TXN-2026-04443,review
TXN-2026-04444,allow
TXN-2026-04445,allow
TXN-2026-04446,allow
TXN-2026-04447,allow
TXN-2026-04448,allow
TXN-2026-04449,allow
TXN-2026-04450,allow
TXN-2026-04451,allow
TXN-2026-04452,allow
TXN-2026-04453,allow
TXN-2026-04454,allow
TXN-2026-04455,allow
TXN-2026-04456,allow
TXN-2026-04457,allow
TXN-2026-04458,allow
TXN-2026-04459,allow
TXN-2026-04460,allow
TXN-2026-04461,allow
TXN-2026-04462,allow
TXN-2026-04463,allow
TXN-2026-04464,allow
TXN-2026-04465,block
TXN-2026-04466,allow
TXN-2026-04467,allow
TXN-2026-04468,allow
TXN-2026-04469,review
TXN-2026-04470,review
TXN-2026-04471,allow
TXN-2026-04472,allow
TXN-2026-04473,allow
TXN-2026-04474,allow
TXN-2026-04475,allow
TXN-2026-04476,allow
TXN-2026-04477,allow
TXN-2026-04478,review
TXN-2026-04479,allow
TXN-2026-04480,allow
TXN-2026-04481,allow
TXN-2026-04482,allow
TXN-2026-04483,allow
TXN-2026-04484,allow
TXN-2026-04485,allow
TXN-2026-04486,allow
TXN-2026-04487,allow
TXN-2026-04488,allow
TXN-2026-04489,allow
TXN-2026-04490,allow
TXN-2026-04491,allow
TXN-2026-04492,allow
TXN-2026-04493,allow
TXN-2026-04494,allow
TXN-2026-04495,review
TXN-2026-04496,allow
TXN-2026-04497,allow
TXN-2026-04498,allow
TXN-2026-04499,allow
TXN-2026-04500,allow
TXN-2026-04501,allow
TXN-2026-04502,allow
TXN-2026-04503,allow
TXN-2026-04504,allow
TXN-2026-04505,allow
TXN-2026-04506,allow
TXN-2026-04507,allow
TXN-2026-04508,allow
TXN-2026-04509,allow
TXN-2026-04510,allow
TXN-2026-04511,allow
TXN-2026-04512,allow
TXN-2026-04513,block
TXN-2026-04514,review
TXN-2026-04515,review
TXN-2026-04516,allow
TXN-2026-04517,allow
TXN-2026-04518,allow
TXN-2026-04519,allow
TXN-2026-04520,allow
TXN-2026-04521,allow
TXN-2026-04522,block
TXN-2026-04523,allow
TXN-2026-04524,review
TXN-2026-04525,allow
TXN-2026-04526,allow
TXN-2026-04527,allow
TXN-2026-04528,allow
TXN-2026-04529,allow
TXN-2026-04530,allow
TXN-2026-04531,allow
TXN-2026-04532,allow
TXN-2026-04533,allow
TXN-2026-04534,allow
TXN-2026-04535,allow
TXN-2026-04536,allow
TXN-2026-04537,allow
TXN-2026-04538,allow
TXN-2026-04539,allow
TXN-2026-04540,allow
TXN-2026-04541,allow
TXN-2026-04542,allow
TXN-2026-04543,allow
TXN-2026-04544,allow
TXN-2026-04545,allow
TXN-2026-04546,allow
TXN-2026-04547,allow
TXN-2026-04548,allow
TXN-2026-04549,allow
TXN-2026-04550,allow
TXN-2026-04551,allow
TXN-2026-04552,allow
TXN-2026-04553,allow
TXN-2026-04554,allow
TXN-2026-04555,allow
TXN-2026-04556,allow
TXN-2026-04557,allow
TXN-2026-04558,allow
TXN-2026-04559,allow
TXN-2026-04560,allow
TXN-2026-04561,allow
TXN-2026-04562,allow
TXN-2026-04563,block
TXN-2026-04564,allow
TXN-2026-04565,allow
TXN-2026-04566,allow
TXN-2026-04567,allow
TXN-2026-04568,allow
TXN-2026-04569,allow
TXN-2026-04570,allow
TXN-2026-04571,allow
TXN-2026-04572,block
TXN-2026-04573,review
TXN-2026-04574,allow
TXN-2026-04575,allow
TXN-2026-04576,allow
TXN-2026-04577,allow
TXN-2026-04578,allow
TXN-2026-04579,allow
TXN-2026-04580,allow
TXN-2026-04581,allow
TXN-2026-04582,allow
TXN-2026-04583,allow
TXN-2026-04584,allow
TXN-2026-04585,block
TXN-2026-04586,allow
TXN-2026-04587,allow
TXN-2026-04588,allow
TXN-2026-04589,allow
TXN-2026-04590,allow
TXN-2026-04591,allow
TXN-2026-04592,allow
TXN-2026-04593,allow
TXN-2026-04594,allow
TXN-2026-04595,allow
TXN-2026-04596,allow
TXN-2026-04597,allow
TXN-2026-04598,allow
TXN-2026-04599,allow
TXN-2026-04600,allow
TXN-2026-04601,allow
TXN-2026-04602,block
TXN-2026-04603,allow
TXN-2026-04604,allow
TXN-2026-04605,allow
TXN-2026-04606,allow
TXN-2026-04607,allow
TXN-2026-04608,block
TXN-2026-04609,allow
TXN-2026-04610,allow
TXN-2026-04611,review
TXN-2026-04612,allow
TXN-2026-04613,allow
TXN-2026-04614,allow
TXN-2026-04615,allow
TXN-2026-04616,allow
TXN-2026-04617,allow
TXN-2026-04618,allow
TXN-2026-04619,allow
TXN-2026-04620,allow
TXN-2026-04621,allow
TXN-2026-04622,allow
TXN-2026-04623,allow
TXN-2026-04624,allow
TXN-2026-04625,allow
TXN-2026-04626,allow
TXN-2026-04627,allow
TXN-2026-04628,allow
TXN-2026-04629,allow
TXN-2026-04630,allow
TXN-2026-04631,allow
TXN-2026-04632,allow
TXN-2026-04633,allow
TXN-2026-04634,allow
TXN-2026-04635,allow
TXN-2026-04636,allow
TXN-2026-04637,allow
TXN-2026-04638,allow
TXN-2026-04639,allow
TXN-2026-04640,allow
TXN-2026-04641,allow
TXN-2026-04642,allow
TXN-2026-04643,allow
TXN-2026-04644,allow
TXN-2026-04645,allow
TXN-2026-04646,allow
TXN-2026-04647,allow
TXN-2026-04648,allow
TXN-2026-04649,allow
TXN-2026-04650,allow
TXN-2026-04651,allow
TXN-2026-04652,allow
TXN-2026-04653,allow
TXN-2026-04654,allow
TXN-2026-04655,allow
TXN-2026-04656,allow
TXN-2026-04657,allow
TXN-2026-04658,allow
TXN-2026-04659,allow
TXN-2026-04660,block
TXN-2026-04661,allow
TXN-2026-04662,review
TXN-2026-04663,allow
TXN-2026-04664,allow
TXN-2026-04665,allow
TXN-2026-04666,allow
TXN-2026-04667,allow
TXN-2026-04668,allow
TXN-2026-04669,allow
TXN-2026-04670,allow
TXN-2026-04671,allow
TXN-2026-04672,allow
TXN-2026-04673,allow
TXN-2026-04674,allow
TXN-2026-04675,allow
TXN-2026-04676,allow
TXN-2026-04677,allow
TXN-2026-04678,allow
TXN-2026-04679,allow
TXN-2026-04680,allow
TXN-2026-04681,review
TXN-2026-04682,allow
TXN-2026-04683,block
TXN-2026-04684,review
TXN-2026-04685,review
TXN-2026-04686,allow
TXN-2026-04687,allow
TXN-2026-04688,allow
TXN-2026-04689,allow
TXN-2026-04690,allow
TXN-2026-04691,allow
TXN-2026-04692,allow
TXN-2026-04693,allow
TXN-2026-04694,allow
TXN-2026-04695,allow
TXN-2026-04696,allow
TXN-2026-04697,allow
TXN-2026-04698,allow
TXN-2026-04699,allow
TXN-2026-04700,allow
TXN-2026-04701,allow
TXN-2026-04702,review
TXN-2026-04703,review
TXN-2026-04704,allow
TXN-2026-04705,allow
TXN-2026-04706,allow
TXN-2026-04707,allow
TXN-2026-04708,allow
TXN-2026-04709,allow
TXN-2026-04710,allow
TXN-2026-04711,allow
TXN-2026-04712,allow
TXN-2026-04713,block
TXN-2026-04714,allow
TXN-2026-04715,allow
TXN-2026-04716,allow
TXN-2026-04717,block
TXN-2026-04718,allow
TXN-2026-04719,allow
TXN-2026-04720,allow
TXN-2026-04721,allow
TXN-2026-04722,allow
TXN-2026-04723,review
TXN-2026-04724,allow
TXN-2026-04725,allow
TXN-2026-04726,allow
TXN-2026-04727,allow
TXN-2026-04728,review
TXN-2026-04729,allow
TXN-2026-04730,allow
TXN-2026-04731,allow
TXN-2026-04732,block
TXN-2026-04733,allow
TXN-2026-04734,allow
TXN-2026-04735,allow
TXN-2026-04736,allow
TXN-2026-04737,allow
TXN-2026-04738,allow
TXN-2026-04739,allow
TXN-2026-04740,allow
TXN-2026-04741,allow
TXN-2026-04742,allow
TXN-2026-04743,allow
TXN-2026-04744,allow
TXN-2026-04745,allow
TXN-2026-04746,allow
TXN-2026-04747,allow
TXN-2026-04748,allow
TXN-2026-04749,allow
TXN-2026-04750,allow
TXN-2026-04751,allow
TXN-2026-04752,allow
TXN-2026-04753,allow
TXN-2026-04754,block
TXN-2026-04755,allow
TXN-2026-04756,allow
TXN-2026-04757,allow
TXN-2026-04758,allow
TXN-2026-04759,allow
TXN-2026-04760,allow
TXN-2026-04761,allow
TXN-2026-04762,allow
TXN-2026-04763,allow
TXN-2026-04764,allow
TXN-2026-04765,allow
TXN-2026-04766,review
TXN-2026-04767,allow
TXN-2026-04768,allow
TXN-2026-04769,allow
TXN-2026-04770,review
TXN-2026-04771,allow
TXN-2026-04772,allow
TXN-2026-04773,allow
TXN-2026-04774,allow
TXN-2026-04775,allow
TXN-2026-04776,review
TXN-2026-04777,allow
TXN-2026-04778,allow
TXN-2026-04779,allow
TXN-2026-04780,allow
TXN-2026-04781,allow
TXN-2026-04782,block
TXN-2026-04783,allow
TXN-2026-04784,allow
TXN-2026-04785,allow
TXN-2026-04786,allow
TXN-2026-04787,allow
TXN-2026-04788,review
TXN-2026-04789,allow
TXN-2026-04790,allow
TXN-2026-04791,allow
TXN-2026-04792,allow
TXN-2026-04793,review
TXN-2026-04794,allow
TXN-2026-04795,allow
TXN-2026-04796,allow
TXN-2026-04797,review
TXN-2026-04798,review
TXN-2026-04799,allow
TXN-2026-04800,allow
TXN-2026-04801,allow
TXN-2026-04802,allow
TXN-2026-04803,allow
TXN-2026-04804,allow
TXN-2026-04805,allow
TXN-2026-04806,allow
TXN-2026-04807,allow
TXN-2026-04808,allow
TXN-2026-04809,allow
TXN-2026-04810,allow
TXN-2026-04811,allow
TXN-2026-04812,allow
TXN-2026-04813,allow
TXN-2026-04814,allow
TXN-2026-04815,allow
TXN-2026-04816,allow
TXN-2026-04817,review
TXN-2026-04818,allow
TXN-2026-04819,allow
TXN-2026-04820,review
TXN-2026-04821,allow
TXN-2026-04822,allow
TXN-2026-04823,allow
TXN-2026-04824,allow
TXN-2026-04825,allow
TXN-2026-04826,allow
TXN-2026-04827,allow
TXN-2026-04828,allow
TXN-2026-04829,allow
TXN-2026-04830,block
TXN-2026-04831,block
TXN-2026-04832,allow
TXN-2026-04833,allow
TXN-2026-04834,allow
TXN-2026-04835,allow
TXN-2026-04836,allow
TXN-2026-04837,allow
TXN-2026-04838,allow
TXN-2026-04839,allow
TXN-2026-04840,allow
TXN-2026-04841,allow
TXN-2026-04842,allow
TXN-2026-04843,block
TXN-2026-04844,allow
TXN-2026-04845,allow
TXN-2026-04846,allow
TXN-2026-04847,allow
TXN-2026-04848,block
TXN-2026-04849,allow
TXN-2026-04850,allow
TXN-2026-04851,allow
TXN-2026-04852,allow
TXN-2026-04853,allow
TXN-2026-04854,allow
TXN-2026-04855,allow
TXN-2026-04856,allow
TXN-2026-04857,allow
TXN-2026-04858,allow
TXN-2026-04859,allow
TXN-2026-04860,allow
TXN-2026-04861,allow
TXN-2026-04862,allow
TXN-2026-04863,allow
TXN-2026-04864,review
TXN-2026-04865,allow
TXN-2026-04866,allow
TXN-2026-04867,allow
TXN-2026-04868,allow
TXN-2026-04869,allow
TXN-2026-04870,allow
TXN-2026-04871,allow
TXN-2026-04872,allow
TXN-2026-04873,allow
TXN-2026-04874,allow
TXN-2026-04875,allow
TXN-2026-04876,allow
TXN-2026-04877,allow
TXN-2026-04878,allow
TXN-2026-04879,allow
TXN-2026-04880,allow
TXN-2026-04881,allow
TXN-2026-04882,allow
TXN-2026-04883,allow
TXN-2026-04884,allow
TXN-2026-04885,allow
TXN-2026-04886,allow
TXN-2026-04887,allow
TXN-2026-04888,allow
TXN-2026-04889,allow
TXN-2026-04890,allow
TXN-2026-04891,allow
TXN-2026-04892,allow
TXN-2026-04893,allow
TXN-2026-04894,allow
TXN-2026-04895,allow
TXN-2026-04896,allow
TXN-2026-04897,allow
TXN-2026-04898,allow
TXN-2026-04899,allow
TXN-2026-04900,allow
TXN-2026-04901,allow
TXN-2026-04902,block
TXN-2026-04903,review
TXN-2026-04904,allow
TXN-2026-04905,allow
TXN-2026-04906,allow
TXN-2026-04907,allow
TXN-2026-04908,allow
TXN-2026-04909,allow
TXN-2026-04910,allow
TXN-2026-04911,allow
TXN-2026-04912,allow
TXN-2026-04913,allow
TXN-2026-04914,allow
TXN-2026-04915,allow
TXN-2026-04916,allow
TXN-2026-04917,allow
TXN-2026-04918,allow
TXN-2026-04919,allow
TXN-2026-04920,review
TXN-2026-04921,allow
TXN-2026-04922,allow
TXN-2026-04923,allow
TXN-2026-04924,allow
TXN-2026-04925,allow
TXN-2026-04926,allow
TXN-2026-04927,allow
TXN-2026-04928,allow
TXN-2026-04929,allow
TXN-2026-04930,allow
TXN-2026-04931,allow
TXN-2026-04932,block
TXN-2026-04933,allow
TXN-2026-04934,allow
TXN-2026-04935,allow
TXN-2026-04936,allow
TXN-2026-04937,block
TXN-2026-04938,allow
TXN-2026-04939,allow
TXN-2026-04940,allow
TXN-2026-04941,allow
TXN-2026-04942,review
TXN-2026-04943,allow
TXN-2026-04944,allow
TXN-2026-04945,allow
TXN-2026-04946,allow
TXN-2026-04947,allow
TXN-2026-04948,allow
TXN-2026-04949,allow
TXN-2026-04950,allow
TXN-2026-04951,allow
TXN-2026-04952,allow
TXN-2026-04953,allow
TXN-2026-04954,allow
TXN-2026-04955,allow
TXN-2026-04956,allow
TXN-2026-04957,allow
TXN-2026-04958,allow
TXN-2026-04959,allow
TXN-2026-04960,allow
TXN-2026-04961,allow
TXN-2026-04962,allow
TXN-2026-04963,allow
TXN-2026-04964,allow
TXN-2026-04965,allow
TXN-2026-04966,allow
TXN-2026-04967,review
TXN-2026-04968,allow
TXN-2026-04969,allow
TXN-2026-04970,allow
TXN-2026-04971,allow
TXN-2026-04972,allow
TXN-2026-04973,allow
TXN-2026-04974,allow
TXN-2026-04975,allow
TXN-2026-04976,allow
TXN-2026-04977,allow
TXN-2026-04978,review
TXN-2026-04979,review
TXN-2026-04980,block
TXN-2026-04981,allow
TXN-2026-04982,allow
TXN-2026-04983,allow
TXN-2026-04984,allow
TXN-2026-04985,allow
TXN-2026-04986,block
TXN-2026-04987,allow
TXN-2026-04988,allow
TXN-2026-04989,block
TXN-2026-04990,allow
TXN-2026-04991,review
TXN-2026-04992,allow
TXN-2026-04993,allow
TXN-2026-04994,allow
TXN-2026-04995,allow
TXN-2026-04996,allow
TXN-2026-04997,allow
TXN-2026-04998,allow
TXN-2026-04999,allow
