transaction_id,amount_sar,channel,merchant_category,customer_id,timestamp,ip_country,device_type,is_fraud
TXN-2026-00000,42.67,pos,HEALTHCARE,CUST-0655,2026-07-18T03:43:47Z,SA,atm,0
TXN-2026-00001,288.54,pos,RESTAURANT,CUST-0617,2026-06-27T07:28:37Z,AE,mobile,0
TXN-2026-00002,86.99,ecom,PHARMACY,CUST-0164,2026-07-19T10:06:05Z,US,mobile,0
TXN-2026-00003,48.21,ecom,JEWELRY,CUST-0045,2026-07-11T19:56:55Z,EG,web,0
TXN-2026-00004,96.36,ecom,EDUCATION,CUST-0047,2026-06-15T03:24:17Z,GB,pos_terminal,0
TXN-2026-00005,80.26,transfer,UTILITIES,CUST-0719,2026-06-30T12:17:59Z,SA,pos_terminal,0
TXN-2026-00006,20.29,pos,HOME_GOODS,CUST-0795,2026-06-18T02:13:58Z,EG,web,0
TXN-2026-00007,24.78,pos,TRAVEL,CUST-0470,2026-06-17T23:37:27Z,US,pos_terminal,0
TXN-2026-00008,68.04,ecom,ELECTRONICS,CUST-0142,2026-07-14T13:38:04Z,US,atm,0
TXN-2026-00009,217.94,atm,GROCERY,CUST-0567,2026-07-27T17:48:17Z,EG,mobile,0
TXN-2026-00010,388.73,ecom,HEALTHCARE,CUST-0162,2026-07-03T05:32:58Z,SA,pos_terminal,1
TXN-2026-00011,1063.3,atm,JEWELRY,CUST-0383,2026-07-02T00:07:59Z,EG,pos_terminal,1
TXN-2026-00012,32.42,atm,ELECTRONICS,CUST-0247,2026-06-05T17:49:08Z,SA,atm,0
TXN-2026-00013,256.77,pos,RESTAURANT,CUST-0622,2026-06-26T21:41:23Z,GB,atm,0
TXN-2026-00014,91.51,pos,GROCERY,CUST-0231,2026-06-15T00:04:45Z,SA,web,0
TXN-2026-00015,69.43,pos,UTILITIES,CUST-0527,2026-07-17T18:36:30Z,SA,atm,0
TXN-2026-00016,58.81,pos,UTILITIES,CUST-0195,2026-06-30T23:03:43Z,SA,mobile,0
TXN-2026-00017,62.32,pos,JEWELRY,CUST-0255,2026-06-18T14:15:55Z,SA,atm,0
TXN-2026-00018,162.27,pos,UTILITIES,CUST-0564,2026-07-02T15:13:55Z,US,mobile,0
TXN-2026-00019,107.1,pos,HEALTHCARE,CUST-0466,2026-06-10T06:18:13Z,SA,mobile,0
TXN-2026-00020,76.44,pos,ENTERTAINMENT,CUST-0059,2026-06-11T01:32:05Z,SA,mobile,0
TXN-2026-00021,22.62,transfer,ONLINE_SERVICES,CUST-0123,2026-07-10T02:26:42Z,EG,pos_terminal,0
TXN-2026-00022,40.49,pos,FASHION,CUST-0734,2026-06-20T14:20:59Z,SA,mobile,0
TXN-2026-00023,110.79,ecom,JEWELRY,CUST-0076,2026-07-24T17:45:19Z,SA,pos_terminal,0
TXN-2026-00024,126.68,transfer,TRAVEL,CUST-0107,2026-06-19T19:13:45Z,EG,web,0
TXN-2026-00025,51.35,transfer,HOME_GOODS,CUST-0258,2026-06-17T05:47:28Z,US,mobile,0
TXN-2026-00026,18.39,transfer,JEWELRY,CUST-0708,2026-07-06T04:27:08Z,SA,pos_terminal,0
TXN-2026-00027,416.36,atm,RESTAURANT,CUST-0041,2026-06-23T17:56:55Z,US,web,0
TXN-2026-00028,330.23,atm,EDUCATION,CUST-0243,2026-07-21T22:06:24Z,SA,atm,0
TXN-2026-00029,62.67,atm,HOME_GOODS,CUST-0313,2026-07-26T02:49:17Z,EG,atm,0
TXN-2026-00030,44.86,pos,GROCERY,CUST-0550,2026-06-28T11:46:50Z,EG,atm,0
TXN-2026-00031,419.89,pos,GROCERY,CUST-0591,2026-07-17T23:47:42Z,SA,pos_terminal,0
TXN-2026-00032,7.31,transfer,ONLINE_SERVICES,CUST-0681,2026-07-17T09:32:19Z,US,pos_terminal,0
TXN-2026-00033,202.72,ecom,FUEL,CUST-0431,2026-07-06T00:19:18Z,SA,atm,0
TXN-2026-00034,105.78,ecom,ENTERTAINMENT,CUST-0622,2026-07-03T15:50:57Z,SA,mobile,0
TXN-2026-00035,71.84,atm,EDUCATION,CUST-0096,2026-07-22T06:09:01Z,SA,web,0
TXN-2026-00036,70.89,atm,ELECTRONICS,CUST-0626,2026-07-07T06:45:44Z,US,atm,0
TXN-2026-00037,40.79,atm,TELECOM,CUST-0769,2026-06-12T22:33:29Z,SA,web,0
TXN-2026-00038,128.73,ecom,EDUCATION,CUST-0125,2026-07-06T19:20:48Z,GB,atm,0
TXN-2026-00039,81.15,atm,ENTERTAINMENT,CUST-0762,2026-07-11T08:49:49Z,GB,web,0
TXN-2026-00040,78.79,ecom,RESTAURANT,CUST-0080,2026-07-05T02:08:09Z,SA,atm,1
TXN-2026-00041,60.32,pos,ENTERTAINMENT,CUST-0418,2026-06-27T12:57:49Z,SA,atm,0
TXN-2026-00042,40.24,pos,FUEL,CUST-0361,2026-07-05T19:57:14Z,GB,web,0
TXN-2026-00043,2105.77,ecom,FUEL,CUST-0685,2026-07-29T04:39:34Z,SA,atm,0
TXN-2026-00044,26.8,pos,UTILITIES,CUST-0679,2026-06-12T01:16:24Z,EG,web,0
TXN-2026-00045,60.55,atm,HOME_GOODS,CUST-0285,2026-07-01T00:47:34Z,SA,pos_terminal,0
TXN-2026-00046,7.64,atm,UTILITIES,CUST-0071,2026-07-10T04:15:08Z,GB,mobile,0
TXN-2026-00047,164.49,pos,ONLINE_SERVICES,CUST-0786,2026-06-08T05:19:06Z,SA,pos_terminal,0
TXN-2026-00048,18.25,pos,HEALTHCARE,CUST-0385,2026-07-24T20:15:06Z,AE,mobile,0
TXN-2026-00049,15.09,pos,PHARMACY,CUST-0546,2026-07-02T03:27:23Z,GB,web,0
TXN-2026-00050,15.45,ecom,UTILITIES,CUST-0752,2026-07-05T15:29:27Z,AE,pos_terminal,0
TXN-2026-00051,109.65,pos,ENTERTAINMENT,CUST-0462,2026-06-22T00:31:54Z,EG,web,0
TXN-2026-00052,53.01,atm,PHARMACY,CUST-0364,2026-07-27T08:35:00Z,SA,mobile,0
TXN-2026-00053,306.26,ecom,UTILITIES,CUST-0247,2026-06-02T02:18:14Z,US,web,1
TXN-2026-00054,81.58,pos,JEWELRY,CUST-0596,2026-07-18T17:21:22Z,GB,pos_terminal,0
TXN-2026-00055,7.95,pos,JEWELRY,CUST-0324,2026-06-18T23:37:48Z,AE,mobile,0
TXN-2026-00056,20.53,pos,TRAVEL,CUST-0304,2026-06-09T08:02:03Z,AE,web,0
TXN-2026-00057,139.64,ecom,ENTERTAINMENT,CUST-0013,2026-06-04T08:55:30Z,SA,mobile,0
TXN-2026-00058,175.97,ecom,UTILITIES,CUST-0076,2026-06-16T03:35:48Z,US,web,0
TXN-2026-00059,56.31,atm,FUEL,CUST-0305,2026-07-10T23:06:48Z,SA,web,0
TXN-2026-00060,82.79,pos,TRAVEL,CUST-0084,2026-06-27T14:44:38Z,GB,pos_terminal,0
TXN-2026-00061,147.9,pos,RESTAURANT,CUST-0465,2026-07-30T06:27:07Z,SA,web,0
TXN-2026-00062,288.2,pos,TRAVEL,CUST-0146,2026-07-23T18:58:18Z,GB,mobile,0
TXN-2026-00063,110.81,ecom,ENTERTAINMENT,CUST-0279,2026-07-27T13:47:20Z,AE,mobile,0
TXN-2026-00064,175.54,atm,ONLINE_SERVICES,CUST-0691,2026-07-19T21:52:17Z,SA,web,0
TXN-2026-00065,121.56,transfer,FUEL,CUST-0186,2026-06-06T15:22:26Z,EG,pos_terminal,0
TXN-2026-00066,71.86,pos,HEALTHCARE,CUST-0165,2026-06-26T17:02:29Z,SA,pos_terminal,0
TXN-2026-00067,284.42,atm,GROCERY,CUST-0527,2026-06-27T01:12:33Z,EG,atm,0
TXN-2026-00068,266.18,pos,FASHION,CUST-0779,2026-06-29T22:31:07Z,SA,web,0
TXN-2026-00069,313.22,pos,HOME_GOODS,CUST-0418,2026-06-08T20:53:09Z,GB,pos_terminal,0
TXN-2026-00070,86.22,pos,ENTERTAINMENT,CUST-0280,2026-07-29T19:32:47Z,SA,mobile,0
TXN-2026-00071,41.09,pos,GROCERY,CUST-0520,2026-07-08T18:42:31Z,SA,atm,0
TXN-2026-00072,85.67,pos,EDUCATION,CUST-0354,2026-06-21T06:44:15Z,US,web,0
TXN-2026-00073,724.61,ecom,EDUCATION,CUST-0485,2026-06-10T15:02:08Z,EG,mobile,0
TXN-2026-00074,54.99,pos,TELECOM,CUST-0451,2026-06-27T20:09:04Z,GB,pos_terminal,0
TXN-2026-00075,592.0,atm,HOME_GOODS,CUST-0337,2026-07-11T22:56:48Z,GB,mobile,0
TXN-2026-00076,88.29,ecom,TELECOM,CUST-0241,2026-06-06T13:06:48Z,SA,atm,0
TXN-2026-00077,92.84,atm,FASHION,CUST-0333,2026-06-16T16:26:36Z,SA,web,0
TXN-2026-00078,295.29,atm,ONLINE_SERVICES,CUST-0625,2026-07-08T04:14:29Z,AE,atm,0
TXN-2026-00079,132.06,ecom,TRAVEL,CUST-0295,2026-06-25T15:06:15Z,US,pos_terminal,0
TXN-2026-00080,111.23,pos,HOME_GOODS,CUST-0717,2026-07-07T21:49:47Z,SA,atm,0
TXN-2026-00081,77.11,ecom,PHARMACY,CUST-0236,2026-06-17T21:48:46Z,SA,mobile,0
TXN-2026-00082,56.51,pos,EDUCATION,CUST-0662,2026-07-17T04:05:58Z,AE,pos_terminal,0
TXN-2026-00083,290.9,atm,PHARMACY,CUST-0553,2026-07-24T05:16:58Z,GB,pos_terminal,0
TXN-2026-00084,44.25,atm,ENTERTAINMENT,CUST-0347,2026-06-01T08:34:07Z,GB,pos_terminal,0
TXN-2026-00085,137.59,transfer,ELECTRONICS,CUST-0654,2026-07-10T17:20:58Z,SA,mobile,0
TXN-2026-00086,101.37,transfer,FASHION,CUST-0476,2026-06-03T01:19:31Z,SA,mobile,0
TXN-2026-00087,332.41,ecom,HEALTHCARE,CUST-0380,2026-07-08T23:46:09Z,US,mobile,0
TXN-2026-00088,18.16,pos,FASHION,CUST-0631,2026-06-29T14:15:54Z,EG,mobile,0
TXN-2026-00089,27.72,pos,FUEL,CUST-0661,2026-07-11T19:01:03Z,EG,web,0
TXN-2026-00090,138.53,pos,HOME_GOODS,CUST-0579,2026-06-14T07:21:49Z,SA,mobile,0
TXN-2026-00091,24.96,pos,TRAVEL,CUST-0554,2026-07-21T07:37:20Z,SA,web,0
TXN-2026-00092,127.36,ecom,JEWELRY,CUST-0130,2026-07-08T03:28:32Z,SA,mobile,0
TXN-2026-00093,30.25,ecom,GROCERY,CUST-0309,2026-06-26T13:43:06Z,GB,atm,0
TXN-2026-00094,23.8,pos,TRAVEL,CUST-0083,2026-07-11T18:35:45Z,EG,atm,0
TXN-2026-00095,979.12,pos,EDUCATION,CUST-0620,2026-07-12T17:46:55Z,SA,atm,0
TXN-2026-00096,63.42,pos,HOME_GOODS,CUST-0234,2026-06-07T10:27:20Z,AE,pos_terminal,0
TXN-2026-00097,89.72,atm,ELECTRONICS,CUST-0094,2026-06-24T04:35:03Z,EG,mobile,0
TXN-2026-00098,37.97,transfer,FUEL,CUST-0682,2026-06-14T04:42:30Z,SA,mobile,0
TXN-2026-00099,109.43,ecom,EDUCATION,CUST-0286,2026-07-20T19:39:43Z,SA,pos_terminal,1
TXN-2026-00100,505.6,ecom,FASHION,CUST-0280,2026-06-12T04:36:42Z,US,mobile,1
TXN-2026-00101,117.97,ecom,FUEL,CUST-0765,2026-06-24T09:46:20Z,SA,mobile,0
TXN-2026-00102,35.95,ecom,UTILITIES,CUST-0773,2026-06-28T15:38:28Z,US,pos_terminal,0
TXN-2026-00103,106.86,pos,UTILITIES,CUST-0114,2026-06-20T01:14:25Z,SA,mobile,0
TXN-2026-00104,74.69,atm,EDUCATION,CUST-0217,2026-06-01T15:47:27Z,SA,web,0
TXN-2026-00105,69.9,atm,ELECTRONICS,CUST-0685,2026-06-28T00:29:58Z,SA,pos_terminal,0
TXN-2026-00106,61.83,pos,UTILITIES,CUST-0588,2026-06-02T10:10:51Z,GB,pos_terminal,0
TXN-2026-00107,55.41,pos,ELECTRONICS,CUST-0604,2026-06-22T07:21:49Z,SA,mobile,0
TXN-2026-00108,481.71,ecom,RESTAURANT,CUST-0117,2026-07-17T20:52:09Z,SA,mobile,0
TXN-2026-00109,141.85,atm,ELECTRONICS,CUST-0779,2026-07-19T18:28:43Z,EG,pos_terminal,0
TXN-2026-00110,88.85,ecom,UTILITIES,CUST-0070,2026-06-04T11:32:04Z,AE,atm,0
TXN-2026-00111,22.09,ecom,HOME_GOODS,CUST-0079,2026-06-25T14:37:35Z,SA,atm,0
TXN-2026-00112,220.83,ecom,PHARMACY,CUST-0586,2026-06-04T14:06:51Z,EG,mobile,0
TXN-2026-00113,77.56,transfer,JEWELRY,CUST-0449,2026-06-24T09:24:26Z,EG,mobile,0
TXN-2026-00114,16.87,pos,PHARMACY,CUST-0663,2026-07-13T19:55:09Z,EG,mobile,0
TXN-2026-00115,13.4,ecom,FUEL,CUST-0672,2026-06-06T09:35:24Z,EG,web,0
TXN-2026-00116,84.83,transfer,TELECOM,CUST-0757,2026-06-28T16:23:01Z,EG,pos_terminal,0
TXN-2026-00117,29.23,pos,TRAVEL,CUST-0498,2026-07-21T03:32:49Z,SA,pos_terminal,0
TXN-2026-00118,33.23,pos,FUEL,CUST-0633,2026-07-15T19:51:57Z,SA,atm,0
TXN-2026-00119,347.61,ecom,EDUCATION,CUST-0455,2026-07-05T07:19:51Z,GB,web,0
TXN-2026-00120,728.95,transfer,ENTERTAINMENT,CUST-0585,2026-07-03T16:26:10Z,SA,web,0
TXN-2026-00121,338.35,ecom,ELECTRONICS,CUST-0381,2026-06-08T09:05:48Z,SA,pos_terminal,0
TXN-2026-00122,295.41,pos,FUEL,CUST-0526,2026-06-26T16:23:15Z,US,mobile,0
TXN-2026-00123,660.55,ecom,EDUCATION,CUST-0732,2026-07-24T04:48:45Z,GB,atm,0
TXN-2026-00124,299.15,pos,RESTAURANT,CUST-0082,2026-07-17T19:33:27Z,SA,pos_terminal,0
TXN-2026-00125,148.31,atm,ENTERTAINMENT,CUST-0655,2026-07-11T16:36:15Z,SA,pos_terminal,0
TXN-2026-00126,46.1,pos,ONLINE_SERVICES,CUST-0630,2026-06-06T16:23:04Z,SA,atm,0
TXN-2026-00127,55.19,pos,GROCERY,CUST-0383,2026-06-16T23:42:40Z,SA,pos_terminal,0
TXN-2026-00128,726.82,ecom,HOME_GOODS,CUST-0361,2026-07-14T14:44:30Z,SA,web,0
TXN-2026-00129,398.43,pos,EDUCATION,CUST-0301,2026-07-23T17:30:16Z,SA,web,0
TXN-2026-00130,51.3,pos,UTILITIES,CUST-0800,2026-06-24T13:56:25Z,GB,atm,0
TXN-2026-00131,45.61,transfer,JEWELRY,CUST-0377,2026-06-28T02:27:38Z,SA,pos_terminal,0
TXN-2026-00132,29.4,pos,FASHION,CUST-0082,2026-06-28T05:44:28Z,EG,atm,0
TXN-2026-00133,110.78,pos,EDUCATION,CUST-0446,2026-07-22T23:43:10Z,SA,web,0
TXN-2026-00134,58.96,atm,GROCERY,CUST-0695,2026-07-12T11:23:24Z,SA,web,0
TXN-2026-00135,80.83,pos,TRAVEL,CUST-0782,2026-07-12T08:15:07Z,SA,web,0
TXN-2026-00136,40.14,transfer,ELECTRONICS,CUST-0397,2026-06-29T06:39:18Z,GB,web,0
TXN-2026-00137,177.45,pos,ELECTRONICS,CUST-0731,2026-06-19T09:54:10Z,SA,pos_terminal,0
TXN-2026-00138,20.91,transfer,EDUCATION,CUST-0125,2026-07-06T04:39:56Z,SA,mobile,0
TXN-2026-00139,54.87,pos,FUEL,CUST-0539,2026-06-23T04:56:53Z,SA,web,0
TXN-2026-00140,67.77,atm,JEWELRY,CUST-0057,2026-06-21T22:14:22Z,AE,mobile,0
TXN-2026-00141,168.51,ecom,ONLINE_SERVICES,CUST-0129,2026-06-11T18:37:09Z,SA,pos_terminal,0
TXN-2026-00142,138.48,pos,HOME_GOODS,CUST-0578,2026-07-12T06:49:36Z,US,mobile,0
TXN-2026-00143,394.09,ecom,EDUCATION,CUST-0310,2026-06-30T02:44:03Z,SA,atm,0
TXN-2026-00144,45.36,pos,ONLINE_SERVICES,CUST-0476,2026-07-19T11:32:35Z,SA,pos_terminal,0
TXN-2026-00145,36.74,pos,FASHION,CUST-0145,2026-07-03T14:31:56Z,AE,atm,0
TXN-2026-00146,64.67,ecom,RESTAURANT,CUST-0403,2026-06-04T09:31:38Z,GB,pos_terminal,0
TXN-2026-00147,122.58,ecom,EDUCATION,CUST-0271,2026-06-04T18:35:12Z,EG,pos_terminal,0
TXN-2026-00148,218.4,ecom,JEWELRY,CUST-0517,2026-06-07T12:23:50Z,EG,pos_terminal,0
TXN-2026-00149,26.39,pos,GROCERY,CUST-0513,2026-07-01T16:29:09Z,SA,pos_terminal,0
TXN-2026-00150,140.39,pos,ONLINE_SERVICES,CUST-0327,2026-06-22T16:53:32Z,GB,pos_terminal,0
TXN-2026-00151,489.8,transfer,ONLINE_SERVICES,CUST-0113,2026-07-09T15:16:41Z,SA,mobile,0
TXN-2026-00152,615.58,ecom,HEALTHCARE,CUST-0175,2026-06-10T21:15:02Z,SA,web,0
TXN-2026-00153,32.52,pos,JEWELRY,CUST-0708,2026-07-13T15:33:24Z,EG,web,0
TXN-2026-00154,904.75,pos,PHARMACY,CUST-0546,2026-07-14T20:51:44Z,AE,atm,0
TXN-2026-00155,417.42,transfer,FASHION,CUST-0231,2026-07-15T22:31:20Z,GB,pos_terminal,0
TXN-2026-00156,99.84,pos,ELECTRONICS,CUST-0739,2026-07-28T12:52:22Z,SA,pos_terminal,0
TXN-2026-00157,141.25,ecom,HEALTHCARE,CUST-0453,2026-07-05T08:59:35Z,AE,web,0
TXN-2026-00158,75.58,ecom,RESTAURANT,CUST-0759,2026-06-07T13:21:45Z,GB,mobile,0
TXN-2026-00159,290.05,pos,TELECOM,CUST-0162,2026-07-12T06:48:18Z,EG,pos_terminal,0
TXN-2026-00160,10.66,pos,ONLINE_SERVICES,CUST-0788,2026-07-25T01:58:58Z,SA,atm,0
TXN-2026-00161,174.42,atm,TRAVEL,CUST-0407,2026-06-09T16:29:17Z,SA,mobile,0
TXN-2026-00162,95.96,ecom,FASHION,CUST-0749,2026-07-14T06:11:39Z,US,atm,0
TXN-2026-00163,47.34,transfer,ENTERTAINMENT,CUST-0190,2026-06-17T12:15:28Z,AE,pos_terminal,0
TXN-2026-00164,381.44,ecom,FASHION,CUST-0741,2026-06-04T21:07:29Z,AE,web,0
TXN-2026-00165,54.4,atm,HEALTHCARE,CUST-0721,2026-06-15T04:30:09Z,GB,pos_terminal,0
TXN-2026-00166,90.99,transfer,EDUCATION,CUST-0563,2026-06-14T07:43:48Z,SA,atm,0
TXN-2026-00167,191.12,pos,JEWELRY,CUST-0115,2026-07-05T04:10:20Z,GB,mobile,0
TXN-2026-00168,576.78,ecom,ELECTRONICS,CUST-0735,2026-06-04T14:08:32Z,US,atm,0
TXN-2026-00169,83.57,ecom,FUEL,CUST-0316,2026-06-28T11:44:04Z,SA,mobile,0
TXN-2026-00170,36.65,pos,FUEL,CUST-0484,2026-07-12T23:41:26Z,EG,atm,0
TXN-2026-00171,335.37,ecom,UTILITIES,CUST-0083,2026-07-26T11:07:11Z,US,web,0
TXN-2026-00172,41.12,atm,EDUCATION,CUST-0229,2026-07-14T23:34:27Z,US,web,0
TXN-2026-00173,405.69,atm,GROCERY,CUST-0743,2026-07-20T00:15:13Z,SA,mobile,0
TXN-2026-00174,376.15,ecom,HEALTHCARE,CUST-0458,2026-06-03T12:28:14Z,SA,mobile,0
TXN-2026-00175,260.93,ecom,ONLINE_SERVICES,CUST-0750,2026-06-21T07:19:56Z,SA,web,0
TXN-2026-00176,111.62,pos,ONLINE_SERVICES,CUST-0282,2026-07-02T01:22:41Z,US,pos_terminal,0
TXN-2026-00177,78.96,atm,ENTERTAINMENT,CUST-0189,2026-07-25T22:09:51Z,GB,mobile,0
TXN-2026-00178,111.87,ecom,TRAVEL,CUST-0427,2026-06-22T20:05:59Z,GB,pos_terminal,0
TXN-2026-00179,342.69,pos,ONLINE_SERVICES,CUST-0275,2026-06-13T18:46:42Z,SA,atm,0
TXN-2026-00180,21.59,pos,TELECOM,CUST-0341,2026-06-14T12:58:15Z,EG,pos_terminal,0
TXN-2026-00181,73.28,pos,TELECOM,CUST-0268,2026-07-17T15:48:53Z,EG,web,0
TXN-2026-00182,39.81,pos,HOME_GOODS,CUST-0424,2026-06-17T17:59:37Z,US,pos_terminal,0
TXN-2026-00183,524.95,ecom,UTILITIES,CUST-0252,2026-07-19T15:46:41Z,GB,atm,1
TXN-2026-00184,82.08,pos,HEALTHCARE,CUST-0361,2026-07-27T17:41:03Z,SA,mobile,0
TXN-2026-00185,13.06,pos,UTILITIES,CUST-0423,2026-06-01T06:32:29Z,EG,mobile,0
TXN-2026-00186,69.28,transfer,TELECOM,CUST-0683,2026-06-01T17:35:26Z,SA,mobile,0
TXN-2026-00187,807.81,ecom,HEALTHCARE,CUST-0018,2026-07-29T05:06:58Z,SA,web,1
TXN-2026-00188,38.88,ecom,HOME_GOODS,CUST-0635,2026-06-06T11:25:29Z,SA,web,0
TXN-2026-00189,111.39,atm,ELECTRONICS,CUST-0666,2026-07-01T01:40:00Z,SA,mobile,0
TXN-2026-00190,356.0,ecom,PHARMACY,CUST-0445,2026-06-07T16:58:02Z,SA,web,0
TXN-2026-00191,119.54,pos,ELECTRONICS,CUST-0278,2026-07-05T18:42:02Z,SA,pos_terminal,0
TXN-2026-00192,471.06,ecom,EDUCATION,CUST-0213,2026-07-07T07:36:53Z,US,pos_terminal,0
TXN-2026-00193,301.3,ecom,JEWELRY,CUST-0706,2026-06-07T13:14:53Z,SA,pos_terminal,0
TXN-2026-00194,274.14,transfer,FUEL,CUST-0629,2026-07-11T08:50:28Z,GB,web,0
TXN-2026-00195,19.11,ecom,FUEL,CUST-0697,2026-07-22T07:45:04Z,SA,pos_terminal,0
TXN-2026-00196,287.68,atm,TRAVEL,CUST-0729,2026-06-07T02:00:19Z,GB,pos_terminal,1
TXN-2026-00197,75.65,pos,JEWELRY,CUST-0442,2026-06-06T11:35:05Z,EG,atm,1
TXN-2026-00198,193.12,pos,ELECTRONICS,CUST-0424,2026-06-16T18:33:10Z,US,web,0
TXN-2026-00199,55.22,pos,FASHION,CUST-0065,2026-06-05T11:16:15Z,GB,web,0
TXN-2026-00200,32.02,pos,FUEL,CUST-0139,2026-07-22T10:28:21Z,US,web,0
TXN-2026-00201,256.81,pos,FUEL,CUST-0491,2026-07-15T20:31:36Z,SA,pos_terminal,0
TXN-2026-00202,99.04,pos,TELECOM,CUST-0403,2026-07-05T05:43:49Z,SA,atm,0
TXN-2026-00203,189.48,pos,HOME_GOODS,CUST-0710,2026-07-02T04:40:19Z,SA,pos_terminal,0
TXN-2026-00204,69.03,pos,FUEL,CUST-0733,2026-07-03T22:26:34Z,SA,pos_terminal,0
TXN-2026-00205,116.87,pos,RESTAURANT,CUST-0088,2026-07-12T19:02:36Z,US,pos_terminal,0
TXN-2026-00206,29.07,pos,ELECTRONICS,CUST-0441,2026-07-04T17:37:44Z,SA,atm,0
TXN-2026-00207,289.01,ecom,PHARMACY,CUST-0708,2026-06-22T14:50:13Z,GB,pos_terminal,0
TXN-2026-00208,91.07,ecom,ENTERTAINMENT,CUST-0449,2026-07-22T22:07:01Z,EG,mobile,0
TXN-2026-00209,34.57,ecom,JEWELRY,CUST-0250,2026-06-30T07:51:25Z,SA,web,0
TXN-2026-00210,96.38,pos,HEALTHCARE,CUST-0443,2026-07-08T13:24:00Z,SA,web,0
TXN-2026-00211,82.25,pos,HOME_GOODS,CUST-0592,2026-06-13T14:07:16Z,GB,pos_terminal,0
TXN-2026-00212,11.5,pos,ELECTRONICS,CUST-0626,2026-07-10T05:52:43Z,AE,mobile,0
TXN-2026-00213,24.37,pos,HEALTHCARE,CUST-0120,2026-07-09T04:36:24Z,US,web,0
TXN-2026-00214,61.32,ecom,UTILITIES,CUST-0551,2026-06-12T10:53:28Z,SA,pos_terminal,0
TXN-2026-00215,120.17,transfer,JEWELRY,CUST-0394,2026-07-02T13:45:53Z,GB,atm,0
TXN-2026-00216,35.52,pos,EDUCATION,CUST-0579,2026-07-20T14:36:47Z,GB,mobile,0
TXN-2026-00217,291.6,ecom,EDUCATION,CUST-0376,2026-06-03T14:16:22Z,SA,atm,0
TXN-2026-00218,18.42,atm,RESTAURANT,CUST-0121,2026-07-15T11:55:45Z,US,web,0
TXN-2026-00219,60.6,ecom,JEWELRY,CUST-0061,2026-06-21T22:18:18Z,AE,mobile,0
TXN-2026-00220,46.96,atm,TELECOM,CUST-0769,2026-07-12T04:44:55Z,SA,web,0
TXN-2026-00221,90.0,pos,TRAVEL,CUST-0693,2026-06-27T12:28:04Z,SA,atm,0
TXN-2026-00222,1028.14,ecom,TELECOM,CUST-0285,2026-07-17T14:40:42Z,EG,mobile,0
TXN-2026-00223,378.28,ecom,PHARMACY,CUST-0217,2026-07-07T04:36:54Z,GB,pos_terminal,0
TXN-2026-00224,316.76,pos,ELECTRONICS,CUST-0781,2026-06-02T03:59:54Z,SA,atm,0
TXN-2026-00225,103.19,transfer,TELECOM,CUST-0706,2026-07-30T08:05:41Z,EG,pos_terminal,0
TXN-2026-00226,420.86,transfer,TRAVEL,CUST-0681,2026-06-28T20:05:45Z,SA,mobile,0
TXN-2026-00227,36.08,ecom,GROCERY,CUST-0532,2026-06-08T13:44:08Z,GB,mobile,0
TXN-2026-00228,45.42,ecom,ELECTRONICS,CUST-0092,2026-06-20T04:24:49Z,SA,web,0
TXN-2026-00229,8.58,pos,HEALTHCARE,CUST-0169,2026-07-29T13:39:43Z,GB,web,0
TXN-2026-00230,96.97,pos,ELECTRONICS,CUST-0103,2026-06-28T10:50:08Z,SA,pos_terminal,0
TXN-2026-00231,36.09,ecom,EDUCATION,CUST-0739,2026-06-13T23:25:18Z,SA,web,0
TXN-2026-00232,107.31,pos,UTILITIES,CUST-0116,2026-06-01T11:59:20Z,SA,atm,0
TXN-2026-00233,76.22,pos,ENTERTAINMENT,CUST-0700,2026-07-03T13:27:44Z,US,mobile,0
TXN-2026-00234,56.49,ecom,FASHION,CUST-0551,2026-07-08T20:48:53Z,SA,pos_terminal,0
TXN-2026-00235,58.78,pos,TELECOM,CUST-0060,2026-07-09T01:19:42Z,SA,mobile,1
TXN-2026-00236,146.88,ecom,TRAVEL,CUST-0141,2026-07-04T23:16:10Z,EG,web,0
TXN-2026-00237,86.01,atm,GROCERY,CUST-0121,2026-07-04T02:16:45Z,SA,atm,0
TXN-2026-00238,89.98,pos,HOME_GOODS,CUST-0369,2026-06-17T03:57:36Z,SA,web,0
TXN-2026-00239,5.0,pos,ENTERTAINMENT,CUST-0013,2026-06-12T01:35:51Z,US,web,0
TXN-2026-00240,46.15,transfer,PHARMACY,CUST-0427,2026-06-24T03:32:43Z,SA,web,0
TXN-2026-00241,49.85,pos,ENTERTAINMENT,CUST-0411,2026-06-30T00:23:12Z,AE,pos_terminal,0
TXN-2026-00242,1038.96,ecom,ONLINE_SERVICES,CUST-0249,2026-07-05T07:09:00Z,US,mobile,0
TXN-2026-00243,161.32,transfer,GROCERY,CUST-0010,2026-07-18T23:19:06Z,SA,web,0
TXN-2026-00244,114.48,transfer,TRAVEL,CUST-0062,2026-07-29T07:57:54Z,US,pos_terminal,0
TXN-2026-00245,45.22,pos,HOME_GOODS,CUST-0518,2026-06-04T13:42:08Z,SA,pos_terminal,0
TXN-2026-00246,308.37,transfer,FUEL,CUST-0323,2026-06-21T14:17:14Z,SA,web,0
TXN-2026-00247,49.45,pos,ENTERTAINMENT,CUST-0109,2026-06-23T06:28:19Z,GB,pos_terminal,0
TXN-2026-00248,21.09,pos,UTILITIES,CUST-0093,2026-07-09T01:13:53Z,EG,web,0
TXN-2026-00249,16.68,pos,FASHION,CUST-0526,2026-06-29T17:47:35Z,SA,mobile,0
TXN-2026-00250,38.39,pos,GROCERY,CUST-0144,2026-07-12T02:37:37Z,AE,mobile,0
TXN-2026-00251,106.48,atm,ELECTRONICS,CUST-0455,2026-06-30T01:10:59Z,US,atm,0
TXN-2026-00252,7.35,ecom,TRAVEL,CUST-0392,2026-06-18T08:28:56Z,SA,mobile,0
TXN-2026-00253,70.57,pos,JEWELRY,CUST-0511,2026-06-25T04:26:12Z,SA,mobile,0
TXN-2026-00254,165.61,pos,JEWELRY,CUST-0731,2026-07-07T16:20:24Z,AE,web,1
TXN-2026-00255,110.34,pos,EDUCATION,CUST-0798,2026-07-23T23:03:48Z,SA,atm,0
TXN-2026-00256,19.86,pos,ONLINE_SERVICES,CUST-0178,2026-06-23T18:01:45Z,EG,web,0
TXN-2026-00257,145.5,ecom,TRAVEL,CUST-0505,2026-06-15T19:14:01Z,GB,mobile,0
TXN-2026-00258,51.15,pos,TRAVEL,CUST-0629,2026-07-22T10:03:01Z,SA,web,0
TXN-2026-00259,59.2,pos,UTILITIES,CUST-0075,2026-06-20T10:08:10Z,US,atm,0
TXN-2026-00260,298.04,ecom,JEWELRY,CUST-0179,2026-07-08T05:24:19Z,AE,web,0
TXN-2026-00261,851.46,pos,EDUCATION,CUST-0587,2026-07-10T07:40:36Z,SA,atm,0
TXN-2026-00262,219.79,pos,PHARMACY,CUST-0764,2026-07-27T10:28:00Z,AE,web,0
TXN-2026-00263,66.36,ecom,GROCERY,CUST-0111,2026-06-11T13:31:56Z,US,pos_terminal,0
TXN-2026-00264,1062.4,atm,EDUCATION,CUST-0104,2026-07-14T07:10:28Z,SA,mobile,0
TXN-2026-00265,30.66,pos,TELECOM,CUST-0076,2026-07-06T02:21:38Z,GB,mobile,0
TXN-2026-00266,64.64,pos,TELECOM,CUST-0670,2026-06-22T06:12:26Z,AE,pos_terminal,0
TXN-2026-00267,233.75,atm,TRAVEL,CUST-0563,2026-06-07T00:13:10Z,AE,mobile,1
TXN-2026-00268,43.75,pos,FUEL,CUST-0119,2026-06-17T02:41:34Z,US,web,0
TXN-2026-00269,5.0,pos,ENTERTAINMENT,CUST-0046,2026-07-07T01:09:48Z,SA,mobile,0
TXN-2026-00270,107.7,pos,EDUCATION,CUST-0555,2026-07-24T12:52:33Z,US,atm,0
TXN-2026-00271,79.37,transfer,HEALTHCARE,CUST-0405,2026-07-10T04:07:48Z,GB,web,0
TXN-2026-00272,14.28,transfer,EDUCATION,CUST-0172,2026-06-21T23:58:51Z,SA,mobile,0
TXN-2026-00273,241.38,ecom,TELECOM,CUST-0283,2026-06-27T03:26:09Z,SA,mobile,0
TXN-2026-00274,62.22,atm,EDUCATION,CUST-0577,2026-06-23T13:16:24Z,GB,atm,0
TXN-2026-00275,97.8,ecom,FUEL,CUST-0624,2026-07-18T15:58:17Z,EG,mobile,0
TXN-2026-00276,69.96,pos,HOME_GOODS,CUST-0311,2026-06-07T07:08:19Z,GB,pos_terminal,0
TXN-2026-00277,780.51,pos,TELECOM,CUST-0193,2026-07-19T16:55:23Z,SA,web,0
TXN-2026-00278,451.59,ecom,TRAVEL,CUST-0727,2026-07-07T00:11:12Z,SA,mobile,0
TXN-2026-00279,253.06,pos,PHARMACY,CUST-0722,2026-07-11T03:43:01Z,SA,pos_terminal,0
TXN-2026-00280,66.23,pos,HOME_GOODS,CUST-0457,2026-06-23T05:53:57Z,AE,mobile,0
TXN-2026-00281,1003.37,atm,RESTAURANT,CUST-0586,2026-07-14T06:17:41Z,US,mobile,0
TXN-2026-00282,1342.4,ecom,ENTERTAINMENT,CUST-0786,2026-07-09T00:14:16Z,AE,pos_terminal,1
TXN-2026-00283,494.36,pos,FASHION,CUST-0259,2026-06-26T18:06:00Z,EG,pos_terminal,0
TXN-2026-00284,373.63,ecom,PHARMACY,CUST-0111,2026-07-16T20:19:12Z,SA,web,0
TXN-2026-00285,250.59,pos,PHARMACY,CUST-0615,2026-07-12T15:18:16Z,US,atm,0
TXN-2026-00286,367.94,ecom,ONLINE_SERVICES,CUST-0037,2026-07-16T07:43:34Z,GB,pos_terminal,0
TXN-2026-00287,59.57,pos,ELECTRONICS,CUST-0572,2026-07-17T17:48:58Z,SA,pos_terminal,0
TXN-2026-00288,247.02,pos,HEALTHCARE,CUST-0228,2026-07-27T10:23:16Z,AE,atm,0
TXN-2026-00289,149.43,ecom,ONLINE_SERVICES,CUST-0598,2026-06-25T16:19:26Z,SA,web,0
TXN-2026-00290,50.71,pos,ONLINE_SERVICES,CUST-0206,2026-06-29T08:13:48Z,SA,web,0
TXN-2026-00291,58.63,pos,FUEL,CUST-0630,2026-06-13T23:23:00Z,EG,web,0
TXN-2026-00292,99.96,ecom,RESTAURANT,CUST-0005,2026-07-03T18:19:10Z,SA,mobile,0
TXN-2026-00293,7.32,ecom,FUEL,CUST-0611,2026-06-23T06:10:58Z,US,mobile,0
TXN-2026-00294,216.28,transfer,RESTAURANT,CUST-0745,2026-06-11T03:23:45Z,SA,atm,0
TXN-2026-00295,358.63,ecom,GROCERY,CUST-0050,2026-06-02T01:44:07Z,US,atm,1
TXN-2026-00296,8.61,pos,HEALTHCARE,CUST-0561,2026-07-11T00:19:26Z,SA,pos_terminal,0
TXN-2026-00297,58.72,ecom,ONLINE_SERVICES,CUST-0108,2026-06-13T08:53:33Z,SA,pos_terminal,0
TXN-2026-00298,73.06,pos,JEWELRY,CUST-0303,2026-07-30T15:21:15Z,SA,mobile,0
TXN-2026-00299,262.51,ecom,ELECTRONICS,CUST-0686,2026-07-17T03:57:16Z,SA,atm,0
TXN-2026-00300,29.52,pos,GROCERY,CUST-0304,2026-06-03T09:23:51Z,EG,atm,0
TXN-2026-00301,106.87,pos,TRAVEL,CUST-0047,2026-06-23T14:39:17Z,SA,pos_terminal,0
TXN-2026-00302,244.23,pos,FUEL,CUST-0188,2026-06-25T22:54:30Z,US,web,0
TXN-2026-00303,175.23,pos,TELECOM,CUST-0164,2026-07-14T14:11:39Z,US,pos_terminal,0
TXN-2026-00304,124.53,atm,HEALTHCARE,CUST-0701,2026-06-17T20:20:00Z,SA,pos_terminal,0
TXN-2026-00305,134.1,ecom,RESTAURANT,CUST-0444,2026-07-12T12:09:53Z,SA,mobile,0
TXN-2026-00306,30.63,ecom,ENTERTAINMENT,CUST-0161,2026-06-16T10:17:03Z,SA,atm,0
TXN-2026-00307,73.39,pos,HOME_GOODS,CUST-0587,2026-07-02T23:41:01Z,SA,atm,0
TXN-2026-00308,21.1,ecom,HOME_GOODS,CUST-0571,2026-07-10T20:19:56Z,SA,atm,0
TXN-2026-00309,200.04,atm,PHARMACY,CUST-0229,2026-07-01T22:42:23Z,GB,mobile,1
TXN-2026-00310,34.95,pos,PHARMACY,CUST-0675,2026-07-22T09:35:33Z,EG,mobile,0
TXN-2026-00311,22.07,ecom,FUEL,CUST-0735,2026-06-13T03:59:54Z,US,web,0
TXN-2026-00312,319.55,ecom,ELECTRONICS,CUST-0196,2026-06-08T14:29:42Z,SA,atm,0
TXN-2026-00313,16.7,atm,ENTERTAINMENT,CUST-0444,2026-07-09T10:32:56Z,US,atm,0
TXN-2026-00314,110.69,atm,FASHION,CUST-0710,2026-06-19T14:51:08Z,SA,atm,0
TXN-2026-00315,202.98,ecom,PHARMACY,CUST-0719,2026-07-10T22:18:43Z,EG,web,0
TXN-2026-00316,75.49,transfer,TRAVEL,CUST-0666,2026-06-21T22:07:48Z,EG,atm,0
TXN-2026-00317,250.18,ecom,HOME_GOODS,CUST-0691,2026-06-28T00:33:06Z,SA,atm,0
TXN-2026-00318,129.37,pos,FASHION,CUST-0687,2026-06-19T21:16:09Z,SA,pos_terminal,0
TXN-2026-00319,156.97,pos,HOME_GOODS,CUST-0464,2026-06-15T23:41:35Z,US,web,0
TXN-2026-00320,18.5,pos,UTILITIES,CUST-0713,2026-06-27T21:20:35Z,SA,mobile,0
TXN-2026-00321,353.97,atm,TELECOM,CUST-0454,2026-06-24T18:34:47Z,SA,web,0
TXN-2026-00322,36.05,transfer,ELECTRONICS,CUST-0182,2026-07-03T03:24:02Z,US,pos_terminal,0
TXN-2026-00323,117.7,pos,ENTERTAINMENT,CUST-0262,2026-06-10T10:38:03Z,AE,atm,0
TXN-2026-00324,168.3,pos,EDUCATION,CUST-0564,2026-06-12T16:04:50Z,SA,atm,0
TXN-2026-00325,106.05,ecom,PHARMACY,CUST-0219,2026-07-19T19:33:30Z,SA,mobile,0
TXN-2026-00326,129.84,pos,UTILITIES,CUST-0457,2026-06-03T21:56:20Z,US,mobile,0
TXN-2026-00327,156.8,atm,PHARMACY,CUST-0530,2026-07-02T01:18:57Z,SA,pos_terminal,0
TXN-2026-00328,79.22,pos,EDUCATION,CUST-0099,2026-06-05T06:42:40Z,SA,atm,0
TXN-2026-00329,227.09,atm,UTILITIES,CUST-0760,2026-06-05T01:11:50Z,AE,mobile,0
TXN-2026-00330,41.62,transfer,FUEL,CUST-0234,2026-06-28T10:01:24Z,SA,mobile,0
TXN-2026-00331,48.89,pos,HOME_GOODS,CUST-0600,2026-07-19T14:24:25Z,SA,atm,0
TXN-2026-00332,25.6,pos,FUEL,CUST-0226,2026-06-20T21:56:58Z,EG,mobile,0
TXN-2026-00333,556.85,ecom,FUEL,CUST-0006,2026-06-20T06:47:47Z,EG,web,0
TXN-2026-00334,65.29,atm,TRAVEL,CUST-0662,2026-07-24T08:12:07Z,SA,mobile,0
TXN-2026-00335,97.17,ecom,ELECTRONICS,CUST-0473,2026-06-07T06:46:37Z,GB,pos_terminal,0
TXN-2026-00336,95.98,ecom,ELECTRONICS,CUST-0688,2026-06-13T10:31:28Z,EG,pos_terminal,0
TXN-2026-00337,9.78,transfer,TRAVEL,CUST-0324,2026-06-28T08:53:23Z,SA,pos_terminal,0
TXN-2026-00338,32.5,pos,EDUCATION,CUST-0474,2026-06-12T20:38:05Z,AE,web,0
TXN-2026-00339,277.48,pos,ELECTRONICS,CUST-0642,2026-07-08T12:49:37Z,SA,mobile,0
TXN-2026-00340,117.43,atm,JEWELRY,CUST-0557,2026-06-24T12:14:57Z,AE,web,0
TXN-2026-00341,95.39,pos,RESTAURANT,CUST-0515,2026-07-03T04:28:10Z,SA,web,0
TXN-2026-00342,26.16,transfer,GROCERY,CUST-0496,2026-06-05T08:23:14Z,SA,web,0
TXN-2026-00343,567.78,atm,GROCERY,CUST-0466,2026-07-16T16:40:53Z,AE,pos_terminal,0
TXN-2026-00344,42.27,pos,UTILITIES,CUST-0584,2026-07-28T02:33:16Z,US,web,0
TXN-2026-00345,220.25,atm,TELECOM,CUST-0499,2026-06-09T14:10:14Z,SA,pos_terminal,0
TXN-2026-00346,117.34,pos,ONLINE_SERVICES,CUST-0192,2026-06-15T13:51:21Z,SA,atm,0
TXN-2026-00347,85.23,atm,GROCERY,CUST-0663,2026-07-08T05:08:40Z,SA,web,1
TXN-2026-00348,83.29,transfer,JEWELRY,CUST-0265,2026-07-17T23:42:52Z,AE,mobile,0
TXN-2026-00349,60.56,pos,HOME_GOODS,CUST-0494,2026-07-08T05:39:42Z,AE,web,0
TXN-2026-00350,92.02,transfer,ONLINE_SERVICES,CUST-0351,2026-06-25T04:06:01Z,SA,atm,0
TXN-2026-00351,436.39,ecom,TELECOM,CUST-0630,2026-06-08T02:30:42Z,SA,mobile,0
TXN-2026-00352,158.55,ecom,FUEL,CUST-0794,2026-06-03T22:33:27Z,SA,atm,0
TXN-2026-00353,111.21,transfer,HOME_GOODS,CUST-0760,2026-06-09T08:30:49Z,SA,mobile,0
TXN-2026-00354,78.23,pos,RESTAURANT,CUST-0557,2026-06-14T22:51:20Z,US,pos_terminal,0
TXN-2026-00355,203.25,atm,FUEL,CUST-0268,2026-07-14T12:48:13Z,US,atm,0
TXN-2026-00356,350.62,ecom,FASHION,CUST-0573,2026-06-09T21:07:47Z,SA,atm,0
TXN-2026-00357,320.83,pos,PHARMACY,CUST-0521,2026-07-14T22:03:10Z,US,mobile,0
TXN-2026-00358,130.28,ecom,ONLINE_SERVICES,CUST-0149,2026-06-15T11:05:38Z,SA,atm,0
TXN-2026-00359,44.17,ecom,ONLINE_SERVICES,CUST-0294,2026-06-01T06:54:42Z,AE,web,1
TXN-2026-00360,80.67,ecom,HEALTHCARE,CUST-0614,2026-06-03T11:15:41Z,SA,web,0
TXN-2026-00361,103.72,pos,ONLINE_SERVICES,CUST-0686,2026-07-06T18:22:22Z,AE,web,0
TXN-2026-00362,179.7,ecom,FUEL,CUST-0200,2026-06-27T16:06:35Z,SA,pos_terminal,0
TXN-2026-00363,310.55,atm,HOME_GOODS,CUST-0264,2026-06-29T12:36:30Z,SA,pos_terminal,0
TXN-2026-00364,175.64,ecom,TELECOM,CUST-0470,2026-06-08T08:04:24Z,SA,web,0
TXN-2026-00365,39.39,pos,HOME_GOODS,CUST-0549,2026-06-26T21:47:52Z,EG,mobile,0
TXN-2026-00366,42.7,ecom,PHARMACY,CUST-0183,2026-06-12T23:43:59Z,SA,atm,0
TXN-2026-00367,21.56,pos,RESTAURANT,CUST-0272,2026-06-08T02:43:42Z,GB,mobile,0
TXN-2026-00368,67.49,transfer,HOME_GOODS,CUST-0555,2026-07-02T18:55:17Z,GB,web,0
TXN-2026-00369,135.76,atm,TRAVEL,CUST-0228,2026-07-03T11:25:55Z,SA,atm,0
TXN-2026-00370,40.34,ecom,PHARMACY,CUST-0716,2026-06-21T11:39:55Z,AE,web,0
TXN-2026-00371,73.48,pos,TRAVEL,CUST-0628,2026-07-15T11:23:54Z,US,pos_terminal,0
TXN-2026-00372,487.43,pos,ONLINE_SERVICES,CUST-0586,2026-07-17T08:51:15Z,US,atm,0
TXN-2026-00373,125.07,atm,TRAVEL,CUST-0485,2026-07-28T20:33:34Z,EG,atm,0
TXN-2026-00374,79.87,atm,GROCERY,CUST-0576,2026-06-04T06:52:16Z,GB,mobile,0
TXN-2026-00375,223.23,ecom,EDUCATION,CUST-0574,2026-06-12T09:22:20Z,GB,atm,0
TXN-2026-00376,198.47,ecom,ENTERTAINMENT,CUST-0391,2026-06-11T20:51:59Z,EG,atm,0
TXN-2026-00377,34.79,pos,PHARMACY,CUST-0074,2026-06-19T22:17:38Z,US,pos_terminal,0
TXN-2026-00378,394.05,atm,PHARMACY,CUST-0800,2026-06-29T13:10:11Z,SA,web,0
TXN-2026-00379,73.64,ecom,RESTAURANT,CUST-0718,2026-06-05T15:35:03Z,SA,atm,0
TXN-2026-00380,11.19,pos,ONLINE_SERVICES,CUST-0086,2026-07-27T12:19:14Z,SA,pos_terminal,0
TXN-2026-00381,5.0,pos,UTILITIES,CUST-0175,2026-07-26T15:29:55Z,AE,atm,0
TXN-2026-00382,244.48,ecom,ONLINE_SERVICES,CUST-0715,2026-07-11T18:27:33Z,AE,pos_terminal,0
TXN-2026-00383,88.41,pos,FASHION,CUST-0316,2026-06-09T11:18:30Z,SA,atm,0
TXN-2026-00384,61.21,pos,EDUCATION,CUST-0489,2026-06-15T00:35:23Z,SA,atm,0
TXN-2026-00385,328.71,ecom,FUEL,CUST-0733,2026-06-06T13:40:15Z,AE,pos_terminal,0
TXN-2026-00386,127.23,atm,FUEL,CUST-0545,2026-07-15T19:31:12Z,EG,mobile,1
TXN-2026-00387,326.39,pos,TRAVEL,CUST-0105,2026-06-15T02:09:00Z,GB,web,0
TXN-2026-00388,337.35,atm,ENTERTAINMENT,CUST-0320,2026-07-24T04:03:17Z,US,mobile,0
TXN-2026-00389,286.72,atm,HOME_GOODS,CUST-0257,2026-06-29T07:47:02Z,SA,atm,0
TXN-2026-00390,126.35,ecom,RESTAURANT,CUST-0097,2026-06-20T10:10:40Z,SA,mobile,0
TXN-2026-00391,130.82,atm,RESTAURANT,CUST-0054,2026-07-21T08:37:07Z,US,web,1
TXN-2026-00392,132.21,ecom,HEALTHCARE,CUST-0044,2026-06-24T02:15:10Z,GB,mobile,0
TXN-2026-00393,107.53,ecom,GROCERY,CUST-0778,2026-07-05T03:08:31Z,SA,pos_terminal,0
TXN-2026-00394,34.76,atm,EDUCATION,CUST-0661,2026-07-17T04:16:57Z,SA,atm,0
TXN-2026-00395,83.24,pos,TRAVEL,CUST-0502,2026-06-30T08:55:53Z,SA,mobile,0
TXN-2026-00396,85.1,pos,FASHION,CUST-0461,2026-07-20T20:32:24Z,SA,mobile,0
TXN-2026-00397,23.39,ecom,UTILITIES,CUST-0329,2026-07-20T17:09:39Z,AE,pos_terminal,0
TXN-2026-00398,100.84,pos,JEWELRY,CUST-0330,2026-06-09T05:55:02Z,SA,mobile,0
TXN-2026-00399,262.7,ecom,JEWELRY,CUST-0398,2026-06-04T11:14:38Z,SA,mobile,0
TXN-2026-00400,873.85,ecom,TELECOM,CUST-0214,2026-06-27T11:50:45Z,SA,pos_terminal,0
TXN-2026-00401,79.34,transfer,JEWELRY,CUST-0080,2026-07-04T21:15:36Z,SA,atm,0
TXN-2026-00402,449.0,ecom,PHARMACY,CUST-0785,2026-06-28T03:10:50Z,SA,atm,0
TXN-2026-00403,398.67,pos,PHARMACY,CUST-0615,2026-06-21T11:26:48Z,US,pos_terminal,0
TXN-2026-00404,125.92,ecom,FUEL,CUST-0577,2026-07-17T01:18:38Z,SA,web,0
TXN-2026-00405,120.84,pos,PHARMACY,CUST-0228,2026-07-06T16:35:36Z,SA,mobile,0
TXN-2026-00406,40.44,pos,FASHION,CUST-0365,2026-06-15T08:51:19Z,SA,atm,0
TXN-2026-00407,119.21,atm,TRAVEL,CUST-0333,2026-07-15T18:52:58Z,SA,pos_terminal,0
TXN-2026-00408,15.34,pos,EDUCATION,CUST-0591,2026-06-27T03:55:49Z,SA,mobile,0
TXN-2026-00409,88.41,pos,JEWELRY,CUST-0537,2026-07-15T07:09:03Z,US,atm,0
TXN-2026-00410,81.35,ecom,RESTAURANT,CUST-0590,2026-06-10T04:21:05Z,GB,mobile,0
TXN-2026-00411,384.76,atm,TRAVEL,CUST-0445,2026-06-13T15:25:41Z,SA,web,0
TXN-2026-00412,337.73,atm,PHARMACY,CUST-0273,2026-06-08T21:26:27Z,EG,pos_terminal,0
TXN-2026-00413,64.87,pos,PHARMACY,CUST-0789,2026-06-03T07:12:43Z,EG,web,0
TXN-2026-00414,20.5,pos,GROCERY,CUST-0088,2026-06-10T09:00:21Z,SA,pos_terminal,0
TXN-2026-00415,78.2,pos,JEWELRY,CUST-0551,2026-07-01T19:46:09Z,SA,atm,0
TXN-2026-00416,62.25,ecom,FASHION,CUST-0680,2026-07-21T22:39:17Z,SA,atm,0
TXN-2026-00417,1374.86,ecom,TELECOM,CUST-0278,2026-06-02T09:55:56Z,US,web,0
TXN-2026-00418,323.41,transfer,ELECTRONICS,CUST-0521,2026-07-09T17:05:11Z,SA,atm,0
TXN-2026-00419,58.05,pos,ENTERTAINMENT,CUST-0543,2026-06-23T21:22:22Z,AE,web,0
TXN-2026-00420,521.44,pos,GROCERY,CUST-0514,2026-07-27T00:35:17Z,SA,web,0
TXN-2026-00421,129.89,pos,UTILITIES,CUST-0748,2026-06-15T13:15:36Z,SA,atm,0
TXN-2026-00422,9.98,pos,JEWELRY,CUST-0620,2026-07-08T17:43:51Z,SA,web,0
TXN-2026-00423,33.85,pos,TELECOM,CUST-0139,2026-07-17T03:11:20Z,SA,mobile,0
TXN-2026-00424,14.53,transfer,FASHION,CUST-0424,2026-07-28T20:59:47Z,AE,web,0
TXN-2026-00425,26.68,transfer,ONLINE_SERVICES,CUST-0781,2026-06-15T19:14:14Z,SA,pos_terminal,0
TXN-2026-00426,507.54,ecom,JEWELRY,CUST-0799,2026-07-12T11:11:54Z,US,atm,0
TXN-2026-00427,30.17,atm,GROCERY,CUST-0419,2026-06-13T06:04:11Z,GB,atm,0
TXN-2026-00428,123.06,atm,FUEL,CUST-0469,2026-07-18T12:46:20Z,US,mobile,0
TXN-2026-00429,157.34,atm,RESTAURANT,CUST-0044,2026-07-18T01:35:24Z,SA,web,0
TXN-2026-00430,467.67,atm,EDUCATION,CUST-0408,2026-06-28T09:39:58Z,SA,web,0
TXN-2026-00431,338.97,pos,EDUCATION,CUST-0513,2026-07-05T04:25:26Z,EG,atm,1
TXN-2026-00432,47.27,ecom,HEALTHCARE,CUST-0465,2026-07-12T22:50:10Z,SA,mobile,0
TXN-2026-00433,457.04,ecom,HEALTHCARE,CUST-0537,2026-06-11T12:35:24Z,SA,web,0
TXN-2026-00434,18.09,atm,HOME_GOODS,CUST-0580,2026-06-27T09:19:46Z,GB,pos_terminal,0
TXN-2026-00435,31.17,pos,EDUCATION,CUST-0208,2026-07-25T15:34:51Z,SA,atm,0
TXN-2026-00436,123.45,ecom,ENTERTAINMENT,CUST-0603,2026-07-09T00:15:56Z,AE,web,0
TXN-2026-00437,515.66,pos,GROCERY,CUST-0038,2026-06-20T10:58:05Z,SA,mobile,0
TXN-2026-00438,145.41,pos,FASHION,CUST-0183,2026-07-09T18:50:35Z,SA,atm,0
TXN-2026-00439,15.62,pos,PHARMACY,CUST-0787,2026-06-08T22:55:17Z,EG,atm,0
TXN-2026-00440,66.75,pos,GROCERY,CUST-0713,2026-07-30T22:18:27Z,EG,pos_terminal,0
TXN-2026-00441,164.19,ecom,ENTERTAINMENT,CUST-0133,2026-07-02T05:56:39Z,SA,pos_terminal,0
TXN-2026-00442,96.39,pos,ENTERTAINMENT,CUST-0002,2026-07-25T06:51:39Z,US,atm,0
TXN-2026-00443,119.22,pos,RESTAURANT,CUST-0218,2026-06-05T09:19:32Z,EG,mobile,0
TXN-2026-00444,1921.21,pos,HEALTHCARE,CUST-0342,2026-07-24T05:12:21Z,EG,atm,0
TXN-2026-00445,364.25,pos,ENTERTAINMENT,CUST-0494,2026-06-22T14:50:52Z,US,mobile,0
TXN-2026-00446,70.09,ecom,UTILITIES,CUST-0307,2026-06-14T18:43:21Z,EG,mobile,1
TXN-2026-00447,30.01,ecom,HOME_GOODS,CUST-0385,2026-06-12T19:07:55Z,AE,pos_terminal,0
TXN-2026-00448,228.66,pos,ENTERTAINMENT,CUST-0279,2026-07-24T09:13:33Z,AE,web,0
TXN-2026-00449,27.41,pos,GROCERY,CUST-0095,2026-07-01T23:55:33Z,AE,pos_terminal,0
TXN-2026-00450,218.0,atm,JEWELRY,CUST-0101,2026-07-17T01:29:24Z,SA,mobile,0
TXN-2026-00451,12.35,pos,TELECOM,CUST-0090,2026-07-13T23:19:01Z,AE,web,0
TXN-2026-00452,40.02,pos,JEWELRY,CUST-0198,2026-06-08T08:09:10Z,AE,mobile,0
TXN-2026-00453,99.58,ecom,JEWELRY,CUST-0212,2026-07-16T09:36:15Z,SA,mobile,0
TXN-2026-00454,39.69,ecom,GROCERY,CUST-0347,2026-07-14T01:06:24Z,SA,mobile,0
TXN-2026-00455,395.65,ecom,HEALTHCARE,CUST-0607,2026-06-20T10:52:12Z,SA,atm,0
TXN-2026-00456,224.79,atm,TELECOM,CUST-0096,2026-06-20T21:41:45Z,GB,atm,0
TXN-2026-00457,37.41,pos,PHARMACY,CUST-0632,2026-07-13T10:50:55Z,EG,atm,0
TXN-2026-00458,114.3,ecom,PHARMACY,CUST-0067,2026-06-19T11:38:36Z,SA,mobile,0
TXN-2026-00459,74.23,ecom,EDUCATION,CUST-0570,2026-07-08T13:15:39Z,SA,web,0
TXN-2026-00460,313.65,pos,RESTAURANT,CUST-0394,2026-07-21T13:36:50Z,EG,web,0
TXN-2026-00461,24.49,ecom,ENTERTAINMENT,CUST-0729,2026-06-21T17:06:52Z,GB,web,0
TXN-2026-00462,175.45,pos,ELECTRONICS,CUST-0416,2026-07-23T12:20:31Z,SA,mobile,0
TXN-2026-00463,620.52,ecom,GROCERY,CUST-0774,2026-06-29T17:18:24Z,GB,web,0
TXN-2026-00464,226.15,pos,EDUCATION,CUST-0325,2026-07-30T13:45:58Z,EG,mobile,0
TXN-2026-00465,85.88,atm,GROCERY,CUST-0131,2026-06-04T00:45:35Z,EG,mobile,0
TXN-2026-00466,116.05,pos,HEALTHCARE,CUST-0032,2026-07-16T12:25:24Z,US,web,0
TXN-2026-00467,316.89,atm,PHARMACY,CUST-0394,2026-07-26T21:08:08Z,SA,mobile,0
TXN-2026-00468,66.91,ecom,ENTERTAINMENT,CUST-0148,2026-07-22T13:55:29Z,US,web,0
TXN-2026-00469,63.88,pos,TRAVEL,CUST-0394,2026-07-02T23:15:45Z,AE,atm,0
TXN-2026-00470,113.95,pos,GROCERY,CUST-0591,2026-06-08T18:30:44Z,SA,web,0
TXN-2026-00471,158.71,atm,ENTERTAINMENT,CUST-0769,2026-07-10T02:15:30Z,SA,pos_terminal,0
TXN-2026-00472,131.56,ecom,GROCERY,CUST-0352,2026-07-01T18:46:21Z,US,pos_terminal,0
TXN-2026-00473,832.09,ecom,ONLINE_SERVICES,CUST-0037,2026-07-07T08:03:40Z,GB,web,0
TXN-2026-00474,71.31,transfer,EDUCATION,CUST-0673,2026-06-05T08:16:08Z,AE,pos_terminal,0
TXN-2026-00475,22.43,transfer,HEALTHCARE,CUST-0179,2026-07-22T05:16:50Z,SA,atm,0
TXN-2026-00476,408.03,atm,PHARMACY,CUST-0541,2026-07-24T15:48:26Z,US,web,0
TXN-2026-00477,47.31,ecom,PHARMACY,CUST-0592,2026-07-23T03:03:10Z,GB,atm,0
TXN-2026-00478,420.01,ecom,EDUCATION,CUST-0488,2026-07-14T22:24:30Z,AE,web,0
TXN-2026-00479,15.32,pos,PHARMACY,CUST-0460,2026-07-25T08:21:17Z,AE,mobile,0
TXN-2026-00480,114.01,pos,EDUCATION,CUST-0599,2026-07-14T18:49:12Z,EG,web,1
TXN-2026-00481,85.76,pos,ELECTRONICS,CUST-0070,2026-06-23T07:46:18Z,AE,web,0
TXN-2026-00482,444.11,pos,ONLINE_SERVICES,CUST-0635,2026-07-09T20:07:45Z,SA,mobile,0
TXN-2026-00483,61.98,ecom,TRAVEL,CUST-0664,2026-07-30T02:40:29Z,AE,atm,0
TXN-2026-00484,18.39,atm,PHARMACY,CUST-0684,2026-06-18T01:24:24Z,EG,mobile,0
TXN-2026-00485,58.56,ecom,TELECOM,CUST-0072,2026-07-12T15:06:09Z,US,web,0
TXN-2026-00486,72.78,transfer,HEALTHCARE,CUST-0109,2026-06-01T01:42:24Z,AE,web,0
TXN-2026-00487,143.86,ecom,EDUCATION,CUST-0528,2026-07-25T23:49:51Z,SA,web,1
TXN-2026-00488,31.87,atm,ENTERTAINMENT,CUST-0706,2026-06-23T10:43:19Z,US,mobile,0
TXN-2026-00489,34.29,atm,PHARMACY,CUST-0548,2026-07-20T09:41:12Z,SA,mobile,0
TXN-2026-00490,58.43,pos,HEALTHCARE,CUST-0677,2026-07-15T11:31:05Z,GB,web,0
TXN-2026-00491,12.24,pos,FUEL,CUST-0608,2026-06-20T15:34:53Z,GB,mobile,0
TXN-2026-00492,420.73,pos,HEALTHCARE,CUST-0058,2026-06-30T21:55:55Z,SA,web,0
TXN-2026-00493,114.08,pos,TELECOM,CUST-0670,2026-06-12T20:03:57Z,AE,mobile,0
TXN-2026-00494,290.35,atm,ELECTRONICS,CUST-0175,2026-07-02T19:51:39Z,SA,mobile,0
TXN-2026-00495,15.41,ecom,PHARMACY,CUST-0756,2026-07-05T04:20:53Z,SA,mobile,0
TXN-2026-00496,23.16,pos,FASHION,CUST-0344,2026-07-15T11:35:10Z,GB,web,0
TXN-2026-00497,189.98,ecom,EDUCATION,CUST-0648,2026-07-15T15:44:08Z,SA,web,0
TXN-2026-00498,1239.79,ecom,RESTAURANT,CUST-0536,2026-06-03T19:11:45Z,GB,mobile,0
TXN-2026-00499,31.93,ecom,RESTAURANT,CUST-0005,2026-06-07T19:23:55Z,SA,atm,0
TXN-2026-00500,69.5,pos,GROCERY,CUST-0676,2026-07-13T01:03:41Z,EG,pos_terminal,0
TXN-2026-00501,143.75,ecom,ELECTRONICS,CUST-0777,2026-07-28T07:46:28Z,EG,atm,0
TXN-2026-00502,324.16,atm,RESTAURANT,CUST-0694,2026-06-07T07:47:26Z,SA,atm,0
TXN-2026-00503,37.66,atm,TRAVEL,CUST-0056,2026-06-12T12:23:08Z,GB,web,0
TXN-2026-00504,46.26,pos,TRAVEL,CUST-0277,2026-06-30T14:26:10Z,EG,web,0
TXN-2026-00505,275.57,transfer,TELECOM,CUST-0654,2026-06-14T18:30:53Z,GB,pos_terminal,1
TXN-2026-00506,64.0,ecom,RESTAURANT,CUST-0439,2026-06-15T18:09:58Z,SA,atm,0
TXN-2026-00507,166.13,ecom,FUEL,CUST-0788,2026-07-22T22:52:06Z,GB,atm,0
TXN-2026-00508,55.47,atm,HEALTHCARE,CUST-0572,2026-07-12T02:01:30Z,AE,web,0
TXN-2026-00509,31.5,transfer,ENTERTAINMENT,CUST-0025,2026-06-24T20:29:45Z,SA,mobile,0
TXN-2026-00510,15.59,pos,GROCERY,CUST-0708,2026-07-15T19:34:36Z,SA,mobile,0
TXN-2026-00511,56.23,transfer,UTILITIES,CUST-0528,2026-06-25T11:29:39Z,SA,pos_terminal,0
TXN-2026-00512,246.26,ecom,ELECTRONICS,CUST-0664,2026-06-09T10:15:34Z,SA,atm,0
TXN-2026-00513,152.09,pos,HEALTHCARE,CUST-0720,2026-07-28T08:32:43Z,US,pos_terminal,0
TXN-2026-00514,74.89,pos,ENTERTAINMENT,CUST-0382,2026-07-01T22:34:43Z,AE,atm,0
TXN-2026-00515,67.6,pos,TELECOM,CUST-0068,2026-07-28T05:18:04Z,SA,web,0
TXN-2026-00516,322.59,pos,TRAVEL,CUST-0714,2026-07-11T00:18:26Z,SA,atm,0
TXN-2026-00517,183.82,pos,GROCERY,CUST-0299,2026-07-04T20:21:26Z,EG,pos_terminal,0
TXN-2026-00518,175.7,ecom,HOME_GOODS,CUST-0682,2026-07-07T04:57:50Z,AE,web,0
TXN-2026-00519,58.71,atm,GROCERY,CUST-0296,2026-06-11T19:59:10Z,AE,web,0
TXN-2026-00520,287.87,ecom,UTILITIES,CUST-0726,2026-06-08T01:20:36Z,SA,atm,0
TXN-2026-00521,44.5,ecom,PHARMACY,CUST-0036,2026-06-11T17:19:07Z,SA,atm,0
TXN-2026-00522,520.52,pos,ENTERTAINMENT,CUST-0787,2026-07-03T10:41:45Z,AE,atm,0
TXN-2026-00523,556.65,ecom,EDUCATION,CUST-0588,2026-06-29T10:44:07Z,GB,mobile,0
TXN-2026-00524,22.95,pos,GROCERY,CUST-0565,2026-06-29T11:05:20Z,SA,web,0
TXN-2026-00525,83.99,pos,ELECTRONICS,CUST-0285,2026-07-13T02:32:25Z,SA,atm,0
TXN-2026-00526,495.88,ecom,GROCERY,CUST-0620,2026-06-10T22:54:27Z,EG,atm,0
TXN-2026-00527,323.74,atm,ELECTRONICS,CUST-0457,2026-06-29T09:10:51Z,US,atm,1
TXN-2026-00528,51.96,ecom,TRAVEL,CUST-0602,2026-07-26T16:21:04Z,US,mobile,0
TXN-2026-00529,668.84,ecom,HEALTHCARE,CUST-0180,2026-06-13T05:53:24Z,AE,atm,1
TXN-2026-00530,142.2,atm,FASHION,CUST-0310,2026-06-15T00:50:00Z,SA,pos_terminal,0
TXN-2026-00531,91.08,ecom,TELECOM,CUST-0128,2026-07-29T22:41:15Z,SA,mobile,0
TXN-2026-00532,98.73,transfer,ELECTRONICS,CUST-0505,2026-07-01T18:27:55Z,AE,atm,0
TXN-2026-00533,50.16,ecom,HOME_GOODS,CUST-0751,2026-06-10T10:29:56Z,SA,pos_terminal,0
TXN-2026-00534,246.54,pos,UTILITIES,CUST-0280,2026-06-19T09:33:40Z,SA,web,0
TXN-2026-00535,121.44,pos,PHARMACY,CUST-0771,2026-07-14T22:44:23Z,SA,pos_terminal,0
TXN-2026-00536,46.28,pos,FASHION,CUST-0014,2026-06-22T05:06:13Z,SA,web,0
TXN-2026-00537,1439.27,atm,JEWELRY,CUST-0707,2026-07-15T03:26:29Z,SA,mobile,0
TXN-2026-00538,225.59,ecom,FASHION,CUST-0018,2026-06-29T19:33:48Z,EG,web,0
TXN-2026-00539,30.8,pos,HEALTHCARE,CUST-0228,2026-06-09T06:08:05Z,US,mobile,0
TXN-2026-00540,462.52,ecom,FUEL,CUST-0794,2026-06-04T15:07:58Z,AE,mobile,0
TXN-2026-00541,90.62,transfer,RESTAURANT,CUST-0127,2026-07-13T11:01:05Z,SA,pos_terminal,0
TXN-2026-00542,74.03,pos,HOME_GOODS,CUST-0357,2026-06-16T16:36:04Z,SA,mobile,0
TXN-2026-00543,260.35,transfer,JEWELRY,CUST-0176,2026-07-15T18:11:28Z,SA,web,0
TXN-2026-00544,41.28,pos,JEWELRY,CUST-0389,2026-06-21T03:29:07Z,SA,atm,0
TXN-2026-00545,26.78,pos,ENTERTAINMENT,CUST-0042,2026-07-09T23:19:43Z,GB,web,0
TXN-2026-00546,251.51,transfer,FUEL,CUST-0298,2026-07-14T11:11:00Z,GB,mobile,0
TXN-2026-00547,27.59,pos,FUEL,CUST-0123,2026-06-13T10:12:38Z,US,mobile,0
TXN-2026-00548,1255.57,ecom,FASHION,CUST-0435,2026-07-08T08:48:50Z,US,pos_terminal,0
TXN-2026-00549,261.65,ecom,TRAVEL,CUST-0497,2026-06-17T15:31:14Z,SA,mobile,0
TXN-2026-00550,74.41,atm,ENTERTAINMENT,CUST-0055,2026-06-10T09:39:39Z,SA,mobile,0
TXN-2026-00551,73.11,pos,UTILITIES,CUST-0478,2026-07-05T10:51:55Z,SA,mobile,0
TXN-2026-00552,243.37,pos,PHARMACY,CUST-0122,2026-06-03T01:11:35Z,AE,web,0
TXN-2026-00553,392.15,atm,ONLINE_SERVICES,CUST-0500,2026-07-14T17:36:30Z,GB,web,0
TXN-2026-00554,52.01,pos,ONLINE_SERVICES,CUST-0401,2026-06-03T04:53:23Z,EG,mobile,0
TXN-2026-00555,61.8,pos,PHARMACY,CUST-0439,2026-06-16T07:15:41Z,AE,mobile,0
TXN-2026-00556,80.75,atm,ELECTRONICS,CUST-0068,2026-07-26T13:36:32Z,US,pos_terminal,1
TXN-2026-00557,50.84,pos,FUEL,CUST-0325,2026-07-02T03:44:43Z,SA,pos_terminal,0
TXN-2026-00558,208.59,ecom,TRAVEL,CUST-0784,2026-06-28T06:31:40Z,SA,web,0
TXN-2026-00559,245.86,atm,ONLINE_SERVICES,CUST-0412,2026-07-25T18:06:37Z,EG,pos_terminal,1
TXN-2026-00560,108.63,ecom,RESTAURANT,CUST-0544,2026-07-23T09:32:51Z,AE,atm,0
TXN-2026-00561,303.56,ecom,ENTERTAINMENT,CUST-0258,2026-07-27T00:40:45Z,SA,atm,0
TXN-2026-00562,430.72,transfer,FASHION,CUST-0761,2026-07-10T13:59:36Z,SA,web,0
TXN-2026-00563,124.1,atm,HOME_GOODS,CUST-0702,2026-07-24T02:40:13Z,US,pos_terminal,0
TXN-2026-00564,101.65,pos,UTILITIES,CUST-0662,2026-06-08T04:12:01Z,SA,pos_terminal,0
TXN-2026-00565,35.01,transfer,RESTAURANT,CUST-0663,2026-06-17T08:42:35Z,SA,mobile,0
TXN-2026-00566,628.55,atm,GROCERY,CUST-0498,2026-07-28T13:57:23Z,SA,atm,0
TXN-2026-00567,819.77,ecom,JEWELRY,CUST-0115,2026-07-24T18:49:59Z,AE,atm,0
TXN-2026-00568,351.73,ecom,EDUCATION,CUST-0244,2026-07-08T23:24:51Z,SA,atm,0
TXN-2026-00569,90.95,pos,FASHION,CUST-0282,2026-06-08T10:34:27Z,GB,web,0
TXN-2026-00570,51.38,pos,HEALTHCARE,CUST-0149,2026-07-12T19:02:53Z,SA,web,0
TXN-2026-00571,156.28,pos,EDUCATION,CUST-0718,2026-06-16T14:24:00Z,US,pos_terminal,0
TXN-2026-00572,165.28,pos,RESTAURANT,CUST-0775,2026-06-29T20:20:56Z,US,mobile,0
TXN-2026-00573,495.79,ecom,FUEL,CUST-0504,2026-06-28T03:52:10Z,AE,mobile,1
TXN-2026-00574,337.22,ecom,JEWELRY,CUST-0617,2026-06-02T01:41:41Z,SA,atm,0
TXN-2026-00575,203.99,pos,ONLINE_SERVICES,CUST-0644,2026-07-24T20:48:08Z,US,pos_terminal,0
TXN-2026-00576,568.02,pos,TRAVEL,CUST-0753,2026-07-22T09:12:05Z,US,pos_terminal,0
TXN-2026-00577,958.28,pos,GROCERY,CUST-0585,2026-06-30T06:16:44Z,SA,mobile,0
TXN-2026-00578,43.52,ecom,TRAVEL,CUST-0440,2026-07-07T03:00:45Z,US,atm,1
TXN-2026-00579,165.01,pos,HOME_GOODS,CUST-0209,2026-07-18T15:24:08Z,US,web,0
TXN-2026-00580,114.37,ecom,RESTAURANT,CUST-0290,2026-06-10T00:18:16Z,SA,atm,0
TXN-2026-00581,26.5,pos,ENTERTAINMENT,CUST-0470,2026-07-15T12:43:13Z,US,atm,0
TXN-2026-00582,21.16,pos,JEWELRY,CUST-0263,2026-06-16T15:58:22Z,SA,mobile,0
TXN-2026-00583,182.24,ecom,TRAVEL,CUST-0405,2026-07-03T15:59:21Z,GB,web,1
TXN-2026-00584,76.83,ecom,TRAVEL,CUST-0728,2026-06-09T15:55:53Z,AE,pos_terminal,0
TXN-2026-00585,77.56,atm,TELECOM,CUST-0628,2026-07-28T05:20:47Z,GB,web,0
TXN-2026-00586,31.85,ecom,ENTERTAINMENT,CUST-0674,2026-06-28T03:57:59Z,GB,mobile,0
TXN-2026-00587,241.48,ecom,HOME_GOODS,CUST-0469,2026-06-23T02:13:55Z,AE,web,0
TXN-2026-00588,211.52,ecom,FASHION,CUST-0768,2026-06-14T18:00:33Z,SA,atm,0
TXN-2026-00589,47.53,atm,GROCERY,CUST-0097,2026-07-30T03:53:20Z,SA,mobile,1
TXN-2026-00590,206.75,ecom,ENTERTAINMENT,CUST-0725,2026-07-13T00:21:02Z,GB,pos_terminal,0
TXN-2026-00591,51.76,pos,HOME_GOODS,CUST-0583,2026-06-05T17:38:24Z,SA,atm,0
TXN-2026-00592,60.66,transfer,HOME_GOODS,CUST-0246,2026-06-14T05:24:49Z,US,pos_terminal,0
TXN-2026-00593,1013.92,ecom,FUEL,CUST-0306,2026-06-23T21:06:53Z,EG,web,0
TXN-2026-00594,182.75,ecom,ONLINE_SERVICES,CUST-0398,2026-06-28T11:39:11Z,US,atm,0
TXN-2026-00595,85.28,pos,UTILITIES,CUST-0693,2026-06-06T09:29:27Z,SA,atm,0
TXN-2026-00596,573.31,ecom,FASHION,CUST-0131,2026-06-19T18:03:35Z,SA,mobile,0
TXN-2026-00597,370.88,ecom,ONLINE_SERVICES,CUST-0476,2026-07-08T02:49:32Z,SA,mobile,0
TXN-2026-00598,43.18,pos,TRAVEL,CUST-0474,2026-06-21T18:46:29Z,GB,pos_terminal,0
TXN-2026-00599,131.36,pos,HEALTHCARE,CUST-0217,2026-06-02T00:25:07Z,SA,web,0
TXN-2026-00600,475.19,ecom,HOME_GOODS,CUST-0472,2026-07-17T15:19:39Z,EG,atm,0
TXN-2026-00601,116.25,pos,GROCERY,CUST-0196,2026-06-02T06:30:41Z,SA,web,0
TXN-2026-00602,64.44,atm,JEWELRY,CUST-0642,2026-06-30T04:30:27Z,SA,mobile,0
TXN-2026-00603,130.87,ecom,HOME_GOODS,CUST-0497,2026-06-19T18:53:53Z,US,mobile,0
TXN-2026-00604,119.07,ecom,HEALTHCARE,CUST-0106,2026-07-02T23:37:38Z,AE,mobile,0
TXN-2026-00605,236.75,transfer,TELECOM,CUST-0627,2026-07-16T01:33:01Z,US,pos_terminal,0
TXN-2026-00606,285.54,atm,FUEL,CUST-0275,2026-06-29T22:27:01Z,SA,pos_terminal,0
TXN-2026-00607,766.61,pos,TELECOM,CUST-0520,2026-06-30T04:56:18Z,US,atm,0
TXN-2026-00608,2414.4,ecom,PHARMACY,CUST-0690,2026-07-25T05:39:13Z,AE,mobile,1
TXN-2026-00609,92.88,ecom,EDUCATION,CUST-0621,2026-06-04T00:22:56Z,AE,pos_terminal,0
TXN-2026-00610,153.54,atm,TELECOM,CUST-0179,2026-06-22T13:07:39Z,SA,mobile,0
TXN-2026-00611,392.71,atm,EDUCATION,CUST-0364,2026-06-10T22:55:32Z,SA,mobile,0
TXN-2026-00612,579.18,atm,HOME_GOODS,CUST-0449,2026-07-25T03:52:35Z,SA,mobile,1
TXN-2026-00613,383.85,pos,FASHION,CUST-0371,2026-07-02T23:55:06Z,SA,pos_terminal,0
TXN-2026-00614,60.54,pos,RESTAURANT,CUST-0142,2026-07-20T00:15:53Z,GB,pos_terminal,0
TXN-2026-00615,205.15,atm,PHARMACY,CUST-0733,2026-07-19T16:26:50Z,SA,web,0
TXN-2026-00616,43.5,transfer,TELECOM,CUST-0424,2026-07-21T21:23:01Z,GB,web,0
TXN-2026-00617,32.61,pos,PHARMACY,CUST-0072,2026-06-28T01:25:48Z,SA,web,0
TXN-2026-00618,342.41,transfer,HEALTHCARE,CUST-0060,2026-07-27T21:44:35Z,AE,pos_terminal,0
TXN-2026-00619,293.68,ecom,TRAVEL,CUST-0541,2026-06-14T17:39:50Z,GB,pos_terminal,0
TXN-2026-00620,82.75,pos,RESTAURANT,CUST-0665,2026-07-17T23:56:08Z,AE,web,0
TXN-2026-00621,186.81,ecom,GROCERY,CUST-0776,2026-07-20T09:46:27Z,SA,mobile,0
TXN-2026-00622,672.37,ecom,PHARMACY,CUST-0266,2026-07-07T23:00:29Z,EG,web,0
TXN-2026-00623,195.89,ecom,HOME_GOODS,CUST-0643,2026-06-19T21:50:52Z,SA,atm,0
TXN-2026-00624,177.22,pos,JEWELRY,CUST-0254,2026-06-24T14:06:09Z,US,atm,0
TXN-2026-00625,43.79,pos,ELECTRONICS,CUST-0488,2026-07-08T17:33:49Z,US,pos_terminal,0
TXN-2026-00626,156.01,pos,ENTERTAINMENT,CUST-0652,2026-06-11T04:32:08Z,GB,atm,0
TXN-2026-00627,121.71,ecom,ENTERTAINMENT,CUST-0121,2026-07-06T11:58:07Z,US,mobile,0
TXN-2026-00628,26.03,pos,JEWELRY,CUST-0586,2026-06-24T09:18:31Z,SA,web,0
TXN-2026-00629,14.92,atm,RESTAURANT,CUST-0313,2026-06-01T03:35:22Z,SA,mobile,0
TXN-2026-00630,62.37,pos,ENTERTAINMENT,CUST-0587,2026-07-09T04:48:08Z,GB,atm,0
TXN-2026-00631,217.15,atm,UTILITIES,CUST-0092,2026-07-28T12:21:34Z,SA,atm,0
TXN-2026-00632,183.75,pos,TRAVEL,CUST-0662,2026-07-21T22:19:35Z,SA,mobile,0
TXN-2026-00633,24.09,transfer,JEWELRY,CUST-0055,2026-07-28T00:07:42Z,SA,mobile,0
TXN-2026-00634,337.36,pos,HEALTHCARE,CUST-0211,2026-06-06T17:38:20Z,US,mobile,0
TXN-2026-00635,80.25,pos,HOME_GOODS,CUST-0185,2026-06-06T03:06:34Z,SA,pos_terminal,0
TXN-2026-00636,80.23,atm,TRAVEL,CUST-0262,2026-06-11T01:39:20Z,SA,mobile,1
TXN-2026-00637,21.77,pos,PHARMACY,CUST-0146,2026-06-16T15:32:48Z,US,mobile,0
TXN-2026-00638,2755.27,ecom,FUEL,CUST-0326,2026-06-02T08:35:37Z,SA,web,1
TXN-2026-00639,272.61,pos,ELECTRONICS,CUST-0582,2026-07-21T04:23:34Z,SA,web,0
TXN-2026-00640,49.85,transfer,JEWELRY,CUST-0434,2026-06-19T20:10:00Z,SA,atm,0
TXN-2026-00641,206.06,atm,RESTAURANT,CUST-0360,2026-06-03T05:47:34Z,SA,pos_terminal,1
TXN-2026-00642,182.1,pos,TRAVEL,CUST-0716,2026-07-03T10:56:43Z,EG,pos_terminal,0
TXN-2026-00643,104.26,transfer,PHARMACY,CUST-0679,2026-07-02T12:34:05Z,SA,mobile,0
TXN-2026-00644,16.75,pos,ELECTRONICS,CUST-0688,2026-07-23T19:22:24Z,SA,mobile,0
TXN-2026-00645,339.2,pos,GROCERY,CUST-0010,2026-07-16T11:12:05Z,AE,web,0
TXN-2026-00646,120.76,transfer,GROCERY,CUST-0506,2026-06-13T20:25:07Z,AE,atm,0
TXN-2026-00647,33.56,ecom,ONLINE_SERVICES,CUST-0689,2026-07-18T02:08:16Z,SA,pos_terminal,0
TXN-2026-00648,175.9,pos,HEALTHCARE,CUST-0695,2026-07-14T17:56:29Z,SA,atm,0
TXN-2026-00649,19.43,pos,FUEL,CUST-0331,2026-06-30T15:23:33Z,SA,web,0
TXN-2026-00650,23.5,ecom,PHARMACY,CUST-0431,2026-06-02T23:14:44Z,US,mobile,0
TXN-2026-00651,30.93,ecom,ELECTRONICS,CUST-0065,2026-06-02T18:51:40Z,EG,pos_terminal,0
TXN-2026-00652,77.37,pos,PHARMACY,CUST-0485,2026-06-05T19:39:28Z,SA,atm,0
TXN-2026-00653,63.0,pos,TELECOM,CUST-0035,2026-07-11T13:04:06Z,SA,mobile,0
TXN-2026-00654,137.0,pos,ONLINE_SERVICES,CUST-0391,2026-07-09T21:39:00Z,GB,atm,0
TXN-2026-00655,195.98,pos,UTILITIES,CUST-0104,2026-06-22T18:12:06Z,SA,mobile,0
TXN-2026-00656,38.29,ecom,HOME_GOODS,CUST-0070,2026-07-11T16:16:22Z,US,atm,0
TXN-2026-00657,102.27,pos,FASHION,CUST-0046,2026-07-12T11:19:37Z,SA,web,0
TXN-2026-00658,464.03,pos,PHARMACY,CUST-0618,2026-07-13T21:09:03Z,SA,mobile,0
TXN-2026-00659,48.51,atm,PHARMACY,CUST-0207,2026-07-15T14:38:44Z,EG,pos_terminal,0
TXN-2026-00660,48.96,pos,ELECTRONICS,CUST-0429,2026-06-03T15:14:58Z,SA,web,0
TXN-2026-00661,43.67,ecom,HOME_GOODS,CUST-0493,2026-06-14T12:11:52Z,SA,pos_terminal,1
TXN-2026-00662,22.07,pos,ELECTRONICS,CUST-0367,2026-07-11T18:58:48Z,EG,mobile,0
TXN-2026-00663,81.76,atm,HEALTHCARE,CUST-0225,2026-06-12T08:58:06Z,SA,web,0
TXN-2026-00664,45.42,pos,RESTAURANT,CUST-0114,2026-07-22T11:42:10Z,US,mobile,0
TXN-2026-00665,126.18,pos,FUEL,CUST-0195,2026-06-28T20:15:58Z,SA,web,0
TXN-2026-00666,40.95,atm,PHARMACY,CUST-0302,2026-06-18T04:54:32Z,GB,web,0
TXN-2026-00667,12.24,pos,JEWELRY,CUST-0630,2026-07-19T16:23:31Z,GB,web,0
TXN-2026-00668,332.12,ecom,ENTERTAINMENT,CUST-0383,2026-06-18T18:25:40Z,SA,web,0
TXN-2026-00669,408.02,pos,FUEL,CUST-0406,2026-07-30T11:16:35Z,SA,web,0
TXN-2026-00670,76.31,pos,PHARMACY,CUST-0303,2026-06-29T14:27:26Z,EG,atm,0
TXN-2026-00671,55.16,pos,ELECTRONICS,CUST-0240,2026-07-24T16:32:34Z,SA,pos_terminal,0
TXN-2026-00672,31.39,pos,PHARMACY,CUST-0101,2026-06-20T23:52:49Z,AE,web,0
TXN-2026-00673,17.64,ecom,JEWELRY,CUST-0771,2026-07-21T12:25:52Z,SA,atm,0
TXN-2026-00674,57.39,transfer,HOME_GOODS,CUST-0780,2026-07-18T06:30:14Z,GB,atm,0
TXN-2026-00675,112.54,atm,HEALTHCARE,CUST-0440,2026-07-25T17:01:23Z,SA,web,0
TXN-2026-00676,117.27,pos,EDUCATION,CUST-0756,2026-06-15T13:27:43Z,US,pos_terminal,0
TXN-2026-00677,139.86,pos,PHARMACY,CUST-0143,2026-07-29T19:36:55Z,US,atm,0
TXN-2026-00678,38.1,pos,FUEL,CUST-0401,2026-07-07T14:40:57Z,AE,mobile,0
TXN-2026-00679,502.68,ecom,GROCERY,CUST-0706,2026-06-15T09:42:33Z,SA,atm,1
TXN-2026-00680,233.27,pos,PHARMACY,CUST-0531,2026-06-11T03:08:34Z,US,atm,0
TXN-2026-00681,10.26,pos,RESTAURANT,CUST-0212,2026-07-13T15:10:38Z,AE,web,0
TXN-2026-00682,37.73,ecom,RESTAURANT,CUST-0702,2026-07-22T07:33:21Z,GB,atm,0
TXN-2026-00683,23.63,atm,ENTERTAINMENT,CUST-0662,2026-07-21T09:25:39Z,SA,atm,0
TXN-2026-00684,78.38,ecom,ENTERTAINMENT,CUST-0633,2026-07-15T18:06:25Z,SA,web,0
TXN-2026-00685,36.49,pos,TELECOM,CUST-0551,2026-06-08T11:04:48Z,SA,pos_terminal,0
TXN-2026-00686,165.32,pos,JEWELRY,CUST-0169,2026-06-30T12:21:47Z,US,web,0
TXN-2026-00687,65.02,pos,HEALTHCARE,CUST-0140,2026-06-06T17:42:15Z,GB,web,0
TXN-2026-00688,753.94,atm,TRAVEL,CUST-0286,2026-06-12T09:07:34Z,US,web,0
TXN-2026-00689,112.33,pos,TRAVEL,CUST-0158,2026-07-15T01:53:40Z,SA,atm,0
TXN-2026-00690,18.77,pos,GROCERY,CUST-0455,2026-06-13T07:23:58Z,SA,web,0
TXN-2026-00691,223.42,atm,UTILITIES,CUST-0346,2026-07-27T03:51:53Z,SA,web,1
TXN-2026-00692,30.07,pos,PHARMACY,CUST-0525,2026-07-10T06:59:34Z,US,atm,0
TXN-2026-00693,41.77,pos,UTILITIES,CUST-0178,2026-06-30T07:04:42Z,AE,pos_terminal,0
TXN-2026-00694,14.58,pos,EDUCATION,CUST-0224,2026-07-30T18:10:16Z,SA,pos_terminal,0
TXN-2026-00695,11.35,ecom,PHARMACY,CUST-0790,2026-07-15T10:54:42Z,GB,mobile,0
TXN-2026-00696,39.74,transfer,ENTERTAINMENT,CUST-0624,2026-06-15T16:37:45Z,SA,web,0
TXN-2026-00697,87.73,ecom,EDUCATION,CUST-0243,2026-06-09T11:31:18Z,SA,web,0
TXN-2026-00698,31.01,pos,TELECOM,CUST-0658,2026-06-09T08:20:41Z,SA,atm,0
TXN-2026-00699,479.61,pos,RESTAURANT,CUST-0751,2026-06-15T19:55:24Z,EG,web,0
TXN-2026-00700,26.98,pos,ENTERTAINMENT,CUST-0007,2026-07-11T04:13:08Z,SA,web,0
TXN-2026-00701,274.96,ecom,FUEL,CUST-0242,2026-07-17T06:15:27Z,SA,web,0
TXN-2026-00702,35.68,pos,UTILITIES,CUST-0591,2026-06-24T12:24:10Z,GB,atm,0
TXN-2026-00703,128.68,atm,EDUCATION,CUST-0160,2026-06-28T02:48:58Z,AE,web,0
TXN-2026-00704,44.21,pos,ENTERTAINMENT,CUST-0180,2026-07-06T19:30:04Z,EG,web,0
TXN-2026-00705,147.63,pos,JEWELRY,CUST-0005,2026-06-26T13:25:47Z,EG,atm,0
TXN-2026-00706,61.62,transfer,ELECTRONICS,CUST-0657,2026-07-29T03:24:59Z,SA,web,0
TXN-2026-00707,437.53,ecom,JEWELRY,CUST-0770,2026-06-24T22:03:41Z,US,atm,0
TXN-2026-00708,735.93,ecom,TELECOM,CUST-0249,2026-07-14T00:44:42Z,SA,pos_terminal,1
TXN-2026-00709,625.14,ecom,UTILITIES,CUST-0254,2026-07-29T12:25:45Z,SA,web,0
TXN-2026-00710,306.42,atm,FASHION,CUST-0170,2026-07-05T21:56:24Z,AE,atm,0
TXN-2026-00711,85.51,ecom,EDUCATION,CUST-0112,2026-07-18T12:44:19Z,SA,web,0
TXN-2026-00712,160.75,pos,EDUCATION,CUST-0002,2026-07-12T09:46:27Z,SA,web,0
TXN-2026-00713,89.88,ecom,ELECTRONICS,CUST-0187,2026-06-12T06:03:47Z,SA,web,0
TXN-2026-00714,438.62,pos,TELECOM,CUST-0419,2026-06-11T02:18:05Z,US,mobile,0
TXN-2026-00715,30.18,ecom,EDUCATION,CUST-0490,2026-06-01T12:38:33Z,AE,atm,0
TXN-2026-00716,16.12,ecom,PHARMACY,CUST-0346,2026-06-21T07:23:42Z,US,atm,0
TXN-2026-00717,287.7,pos,HOME_GOODS,CUST-0103,2026-07-27T04:01:38Z,SA,pos_terminal,0
TXN-2026-00718,111.15,atm,PHARMACY,CUST-0770,2026-07-26T15:32:26Z,SA,mobile,0
TXN-2026-00719,82.06,ecom,HOME_GOODS,CUST-0018,2026-07-09T15:25:47Z,SA,pos_terminal,0
TXN-2026-00720,112.0,transfer,HOME_GOODS,CUST-0488,2026-06-25T09:38:12Z,SA,mobile,0
TXN-2026-00721,40.26,transfer,HOME_GOODS,CUST-0690,2026-06-08T15:42:34Z,SA,web,0
TXN-2026-00722,18.71,transfer,HEALTHCARE,CUST-0772,2026-07-16T00:10:59Z,EG,atm,0
TXN-2026-00723,32.36,transfer,UTILITIES,CUST-0488,2026-07-05T20:46:31Z,SA,pos_terminal,0
TXN-2026-00724,42.49,atm,ONLINE_SERVICES,CUST-0590,2026-07-29T22:47:47Z,US,atm,0
TXN-2026-00725,124.24,pos,PHARMACY,CUST-0090,2026-06-24T04:54:20Z,US,mobile,0
TXN-2026-00726,102.9,ecom,HOME_GOODS,CUST-0605,2026-07-20T11:51:43Z,SA,web,0
TXN-2026-00727,263.03,pos,FASHION,CUST-0324,2026-06-30T04:38:18Z,SA,mobile,0
TXN-2026-00728,313.25,ecom,HEALTHCARE,CUST-0317,2026-07-24T06:31:18Z,US,mobile,0
TXN-2026-00729,1048.66,atm,TELECOM,CUST-0216,2026-06-04T05:54:31Z,US,pos_terminal,0
TXN-2026-00730,28.43,transfer,TRAVEL,CUST-0676,2026-06-23T12:25:04Z,AE,pos_terminal,0
TXN-2026-00731,229.17,pos,PHARMACY,CUST-0404,2026-07-22T01:54:59Z,AE,atm,0
TXN-2026-00732,53.39,pos,HEALTHCARE,CUST-0592,2026-06-14T06:51:47Z,SA,mobile,0
TXN-2026-00733,110.73,pos,FUEL,CUST-0152,2026-06-04T03:22:30Z,SA,mobile,0
TXN-2026-00734,128.17,ecom,ONLINE_SERVICES,CUST-0528,2026-07-17T12:15:02Z,SA,web,0
TXN-2026-00735,211.43,ecom,FUEL,CUST-0177,2026-06-30T20:24:17Z,GB,pos_terminal,1
TXN-2026-00736,1360.65,pos,ENTERTAINMENT,CUST-0120,2026-06-15T00:37:36Z,GB,pos_terminal,0
TXN-2026-00737,256.02,ecom,UTILITIES,CUST-0394,2026-06-09T03:20:04Z,SA,atm,0
TXN-2026-00738,106.26,pos,HOME_GOODS,CUST-0021,2026-07-02T02:33:53Z,SA,web,0
TXN-2026-00739,249.05,ecom,GROCERY,CUST-0614,2026-06-08T01:08:36Z,SA,web,1
TXN-2026-00740,220.76,atm,GROCERY,CUST-0263,2026-06-03T16:57:50Z,AE,atm,0
TXN-2026-00741,80.82,ecom,JEWELRY,CUST-0361,2026-07-23T01:15:02Z,SA,web,0
TXN-2026-00742,93.76,transfer,ONLINE_SERVICES,CUST-0221,2026-06-18T04:46:39Z,US,mobile,0
TXN-2026-00743,16.3,pos,ELECTRONICS,CUST-0168,2026-06-18T20:44:41Z,SA,pos_terminal,0
TXN-2026-00744,28.99,atm,ONLINE_SERVICES,CUST-0664,2026-06-25T00:38:15Z,SA,pos_terminal,0
TXN-2026-00745,49.98,pos,ELECTRONICS,CUST-0068,2026-06-18T04:55:51Z,SA,pos_terminal,1
TXN-2026-00746,57.06,transfer,RESTAURANT,CUST-0387,2026-07-30T03:11:33Z,AE,atm,0
TXN-2026-00747,37.18,ecom,ONLINE_SERVICES,CUST-0289,2026-06-12T11:51:47Z,US,atm,0
TXN-2026-00748,238.65,pos,JEWELRY,CUST-0266,2026-06-10T12:36:47Z,AE,mobile,0
TXN-2026-00749,55.45,pos,ONLINE_SERVICES,CUST-0797,2026-06-29T11:51:29Z,AE,pos_terminal,0
TXN-2026-00750,207.89,transfer,TELECOM,CUST-0534,2026-07-11T02:19:26Z,EG,mobile,0
TXN-2026-00751,24.59,pos,GROCERY,CUST-0096,2026-07-30T15:51:55Z,SA,atm,0
TXN-2026-00752,46.3,pos,ENTERTAINMENT,CUST-0749,2026-07-29T23:00:45Z,US,pos_terminal,0
TXN-2026-00753,2414.76,ecom,GROCERY,CUST-0541,2026-07-04T07:11:04Z,EG,web,0
TXN-2026-00754,28.42,pos,FUEL,CUST-0053,2026-07-24T17:54:49Z,SA,pos_terminal,0
TXN-2026-00755,68.93,ecom,FUEL,CUST-0756,2026-07-30T20:32:52Z,SA,atm,0
TXN-2026-00756,101.97,pos,GROCERY,CUST-0500,2026-06-23T03:00:22Z,SA,atm,0
TXN-2026-00757,70.4,ecom,TELECOM,CUST-0087,2026-07-02T00:09:49Z,AE,web,0
TXN-2026-00758,363.77,pos,FUEL,CUST-0384,2026-06-18T03:28:42Z,GB,web,1
TXN-2026-00759,46.13,pos,RESTAURANT,CUST-0727,2026-06-27T23:21:57Z,SA,web,0
TXN-2026-00760,18.03,transfer,FASHION,CUST-0491,2026-07-02T21:45:08Z,EG,atm,0
TXN-2026-00761,138.67,pos,ELECTRONICS,CUST-0399,2026-06-23T16:00:49Z,SA,mobile,0
TXN-2026-00762,162.73,pos,ONLINE_SERVICES,CUST-0351,2026-06-19T09:31:05Z,US,web,0
TXN-2026-00763,33.37,atm,HOME_GOODS,CUST-0288,2026-07-13T13:12:30Z,SA,web,0
TXN-2026-00764,82.39,ecom,TRAVEL,CUST-0606,2026-06-03T08:12:59Z,SA,atm,0
TXN-2026-00765,29.52,pos,FASHION,CUST-0390,2026-06-04T16:27:41Z,SA,pos_terminal,0
TXN-2026-00766,125.24,pos,PHARMACY,CUST-0373,2026-07-28T01:11:02Z,SA,mobile,0
TXN-2026-00767,61.91,transfer,ELECTRONICS,CUST-0287,2026-07-02T11:21:19Z,SA,mobile,0
TXN-2026-00768,49.85,ecom,HOME_GOODS,CUST-0700,2026-07-22T11:47:49Z,EG,web,0
TXN-2026-00769,90.05,pos,HEALTHCARE,CUST-0109,2026-07-29T20:52:12Z,SA,atm,0
TXN-2026-00770,25.04,transfer,ONLINE_SERVICES,CUST-0077,2026-07-19T06:34:46Z,SA,mobile,0
TXN-2026-00771,176.71,atm,TELECOM,CUST-0778,2026-06-24T14:40:45Z,SA,atm,0
TXN-2026-00772,286.84,ecom,JEWELRY,CUST-0430,2026-06-18T22:08:18Z,SA,mobile,0
TXN-2026-00773,11.8,ecom,JEWELRY,CUST-0408,2026-06-25T17:49:24Z,US,pos_terminal,0
TXN-2026-00774,87.83,pos,RESTAURANT,CUST-0004,2026-07-30T16:29:32Z,AE,pos_terminal,0
TXN-2026-00775,80.6,pos,GROCERY,CUST-0122,2026-07-11T04:56:17Z,SA,pos_terminal,0
TXN-2026-00776,18.89,ecom,RESTAURANT,CUST-0053,2026-07-11T19:23:20Z,SA,pos_terminal,0
TXN-2026-00777,2043.04,transfer,UTILITIES,CUST-0333,2026-07-20T18:06:46Z,US,pos_terminal,0
TXN-2026-00778,319.64,ecom,RESTAURANT,CUST-0650,2026-06-18T06:37:40Z,US,web,0
TXN-2026-00779,72.67,transfer,ELECTRONICS,CUST-0152,2026-07-23T05:12:36Z,GB,web,0
TXN-2026-00780,27.01,pos,TELECOM,CUST-0022,2026-07-09T06:04:09Z,SA,atm,0
TXN-2026-00781,1378.4,ecom,TRAVEL,CUST-0103,2026-07-09T03:24:24Z,SA,mobile,0
TXN-2026-00782,47.21,atm,TELECOM,CUST-0782,2026-06-06T08:09:40Z,SA,mobile,0
TXN-2026-00783,50.34,atm,ELECTRONICS,CUST-0347,2026-07-07T14:52:10Z,AE,pos_terminal,0
TXN-2026-00784,28.18,pos,HEALTHCARE,CUST-0250,2026-06-02T01:06:34Z,AE,mobile,0
TXN-2026-00785,52.75,pos,FUEL,CUST-0230,2026-06-19T07:58:56Z,US,mobile,0
TXN-2026-00786,36.57,pos,FASHION,CUST-0113,2026-06-08T11:59:59Z,SA,mobile,0
TXN-2026-00787,10.14,pos,FUEL,CUST-0615,2026-06-20T19:52:18Z,EG,mobile,0
TXN-2026-00788,2141.92,ecom,TELECOM,CUST-0512,2026-07-26T04:49:41Z,SA,pos_terminal,0
TXN-2026-00789,5623.52,atm,ELECTRONICS,CUST-0490,2026-06-18T04:05:20Z,SA,web,0
TXN-2026-00790,20.08,pos,FUEL,CUST-0362,2026-07-09T20:21:08Z,SA,atm,0
TXN-2026-00791,88.27,ecom,RESTAURANT,CUST-0546,2026-06-27T16:36:49Z,SA,mobile,0
TXN-2026-00792,20.55,pos,HOME_GOODS,CUST-0003,2026-07-25T04:18:29Z,SA,atm,0
TXN-2026-00793,136.77,pos,HEALTHCARE,CUST-0142,2026-06-02T22:27:23Z,SA,mobile,0
TXN-2026-00794,112.61,ecom,ONLINE_SERVICES,CUST-0076,2026-06-05T00:36:53Z,US,web,1
TXN-2026-00795,121.17,ecom,FASHION,CUST-0541,2026-06-29T20:44:00Z,AE,mobile,0
TXN-2026-00796,35.39,pos,EDUCATION,CUST-0658,2026-06-26T13:43:56Z,GB,pos_terminal,0
TXN-2026-00797,476.22,transfer,FASHION,CUST-0434,2026-06-09T23:13:25Z,SA,web,0
TXN-2026-00798,67.58,transfer,ONLINE_SERVICES,CUST-0764,2026-07-12T12:52:24Z,SA,mobile,0
TXN-2026-00799,262.3,pos,PHARMACY,CUST-0112,2026-06-02T07:18:10Z,SA,mobile,0
TXN-2026-00800,70.94,atm,FASHION,CUST-0012,2026-07-30T01:15:17Z,SA,mobile,1
TXN-2026-00801,17.43,pos,FASHION,CUST-0323,2026-06-19T12:32:12Z,EG,atm,0
TXN-2026-00802,6.85,ecom,ELECTRONICS,CUST-0133,2026-07-03T03:32:51Z,SA,mobile,0
TXN-2026-00803,107.08,pos,TRAVEL,CUST-0039,2026-07-11T02:45:14Z,SA,web,0
TXN-2026-00804,82.55,transfer,JEWELRY,CUST-0165,2026-07-12T16:59:49Z,EG,atm,0
TXN-2026-00805,171.56,pos,HEALTHCARE,CUST-0442,2026-06-14T19:38:04Z,SA,atm,0
TXN-2026-00806,5.0,pos,HOME_GOODS,CUST-0016,2026-07-22T02:31:06Z,GB,pos_terminal,0
TXN-2026-00807,17.43,pos,ELECTRONICS,CUST-0591,2026-06-08T18:31:02Z,EG,pos_terminal,0
TXN-2026-00808,58.61,transfer,TRAVEL,CUST-0635,2026-07-10T10:23:05Z,US,atm,0
TXN-2026-00809,134.6,transfer,GROCERY,CUST-0636,2026-07-23T17:00:09Z,SA,pos_terminal,0
TXN-2026-00810,120.33,pos,ELECTRONICS,CUST-0584,2026-06-30T20:34:57Z,GB,mobile,0
TXN-2026-00811,121.68,atm,RESTAURANT,CUST-0407,2026-06-22T19:31:13Z,GB,mobile,0
TXN-2026-00812,63.4,ecom,ENTERTAINMENT,CUST-0040,2026-07-07T01:38:49Z,US,mobile,0
TXN-2026-00813,118.47,pos,RESTAURANT,CUST-0485,2026-07-11T05:05:09Z,SA,pos_terminal,0
TXN-2026-00814,648.31,atm,ENTERTAINMENT,CUST-0306,2026-07-13T08:11:53Z,SA,mobile,0
TXN-2026-00815,368.28,pos,PHARMACY,CUST-0305,2026-07-05T22:50:10Z,US,pos_terminal,0
TXN-2026-00816,217.47,pos,GROCERY,CUST-0585,2026-06-13T02:46:42Z,SA,pos_terminal,0
TXN-2026-00817,43.89,ecom,GROCERY,CUST-0755,2026-06-10T15:55:20Z,SA,atm,0
TXN-2026-00818,148.69,pos,ENTERTAINMENT,CUST-0740,2026-07-08T03:02:13Z,SA,atm,0
TXN-2026-00819,75.93,pos,RESTAURANT,CUST-0222,2026-07-15T15:41:29Z,US,atm,0
TXN-2026-00820,65.11,pos,EDUCATION,CUST-0556,2026-07-06T19:10:34Z,US,atm,0
TXN-2026-00821,123.13,pos,ONLINE_SERVICES,CUST-0650,2026-07-11T14:32:37Z,SA,pos_terminal,0
TXN-2026-00822,82.26,pos,ENTERTAINMENT,CUST-0217,2026-07-25T15:07:22Z,GB,atm,0
TXN-2026-00823,217.33,pos,PHARMACY,CUST-0406,2026-06-18T21:16:19Z,US,web,1
TXN-2026-00824,25.9,pos,GROCERY,CUST-0425,2026-07-23T16:52:47Z,EG,pos_terminal,0
TXN-2026-00825,105.81,transfer,RESTAURANT,CUST-0570,2026-06-04T18:27:08Z,US,web,0
TXN-2026-00826,25.77,ecom,FUEL,CUST-0326,2026-06-09T16:07:40Z,US,pos_terminal,0
TXN-2026-00827,13.27,pos,FUEL,CUST-0096,2026-07-05T02:36:24Z,SA,web,0
TXN-2026-00828,27.05,ecom,PHARMACY,CUST-0650,2026-06-15T09:12:34Z,SA,atm,0
TXN-2026-00829,64.73,ecom,UTILITIES,CUST-0148,2026-06-17T05:05:04Z,GB,pos_terminal,0
TXN-2026-00830,190.75,pos,ENTERTAINMENT,CUST-0213,2026-07-02T20:04:13Z,US,atm,0
TXN-2026-00831,690.97,pos,GROCERY,CUST-0165,2026-07-11T19:54:02Z,SA,pos_terminal,0
TXN-2026-00832,81.8,transfer,ONLINE_SERVICES,CUST-0496,2026-07-18T08:59:07Z,SA,mobile,0
TXN-2026-00833,224.52,atm,ELECTRONICS,CUST-0222,2026-06-18T15:12:05Z,EG,pos_terminal,0
TXN-2026-00834,213.32,pos,FUEL,CUST-0508,2026-06-13T21:54:56Z,AE,atm,0
TXN-2026-00835,121.99,atm,HEALTHCARE,CUST-0170,2026-06-28T19:47:17Z,EG,mobile,0
TXN-2026-00836,38.57,pos,PHARMACY,CUST-0440,2026-06-05T14:10:56Z,SA,pos_terminal,0
TXN-2026-00837,55.29,transfer,JEWELRY,CUST-0661,2026-06-12T10:27:50Z,SA,pos_terminal,0
TXN-2026-00838,55.86,ecom,PHARMACY,CUST-0221,2026-06-01T10:44:00Z,EG,web,0
TXN-2026-00839,110.65,pos,FASHION,CUST-0576,2026-06-07T17:17:45Z,SA,atm,0
TXN-2026-00840,72.82,pos,PHARMACY,CUST-0446,2026-06-18T13:07:07Z,GB,web,0
TXN-2026-00841,259.87,pos,UTILITIES,CUST-0022,2026-06-01T14:18:08Z,US,mobile,0
TXN-2026-00842,13.17,pos,UTILITIES,CUST-0541,2026-07-24T13:46:19Z,AE,pos_terminal,0
TXN-2026-00843,76.47,ecom,GROCERY,CUST-0321,2026-06-30T15:54:41Z,SA,pos_terminal,0
TXN-2026-00844,150.37,pos,GROCERY,CUST-0106,2026-06-21T22:46:27Z,SA,web,0
TXN-2026-00845,107.22,transfer,TELECOM,CUST-0551,2026-07-27T01:07:03Z,AE,mobile,0
TXN-2026-00846,69.81,ecom,EDUCATION,CUST-0705,2026-07-30T04:37:29Z,SA,web,0
TXN-2026-00847,32.84,ecom,UTILITIES,CUST-0424,2026-07-07T15:42:31Z,AE,pos_terminal,0
TXN-2026-00848,420.11,pos,FASHION,CUST-0495,2026-06-23T17:53:55Z,SA,web,0
TXN-2026-00849,66.84,pos,RESTAURANT,CUST-0218,2026-07-02T03:21:13Z,EG,pos_terminal,0
TXN-2026-00850,265.02,pos,JEWELRY,CUST-0672,2026-06-29T19:32:12Z,US,web,0
TXN-2026-00851,136.66,ecom,TRAVEL,CUST-0592,2026-06-08T07:01:57Z,GB,web,0
TXN-2026-00852,108.11,ecom,ENTERTAINMENT,CUST-0488,2026-07-06T02:22:27Z,SA,web,0
TXN-2026-00853,18.58,pos,ELECTRONICS,CUST-0452,2026-07-30T13:12:18Z,SA,atm,0
TXN-2026-00854,154.38,ecom,ENTERTAINMENT,CUST-0283,2026-06-04T20:15:07Z,SA,mobile,0
TXN-2026-00855,38.12,ecom,FASHION,CUST-0068,2026-07-16T12:25:25Z,SA,web,0
TXN-2026-00856,33.8,pos,RESTAURANT,CUST-0709,2026-07-11T09:45:38Z,AE,mobile,0
TXN-2026-00857,406.64,ecom,HOME_GOODS,CUST-0489,2026-06-21T21:04:10Z,SA,pos_terminal,0
TXN-2026-00858,68.58,transfer,UTILITIES,CUST-0146,2026-06-12T08:56:04Z,SA,mobile,0
TXN-2026-00859,562.88,atm,ENTERTAINMENT,CUST-0501,2026-06-11T04:49:06Z,SA,pos_terminal,0
TXN-2026-00860,79.85,ecom,HEALTHCARE,CUST-0344,2026-07-13T15:16:23Z,GB,mobile,0
TXN-2026-00861,142.53,atm,HOME_GOODS,CUST-0531,2026-07-04T23:40:01Z,SA,atm,0
TXN-2026-00862,73.3,transfer,PHARMACY,CUST-0676,2026-07-18T22:27:23Z,SA,mobile,0
TXN-2026-00863,390.52,atm,UTILITIES,CUST-0281,2026-07-27T16:11:16Z,EG,pos_terminal,0
TXN-2026-00864,50.64,transfer,FASHION,CUST-0428,2026-07-04T22:21:53Z,SA,atm,0
TXN-2026-00865,73.23,pos,GROCERY,CUST-0356,2026-06-30T21:09:33Z,AE,web,0
TXN-2026-00866,26.94,pos,FASHION,CUST-0296,2026-06-04T15:19:00Z,US,pos_terminal,0
TXN-2026-00867,1123.61,atm,EDUCATION,CUST-0359,2026-07-20T17:09:05Z,AE,web,0
TXN-2026-00868,26.77,pos,TELECOM,CUST-0202,2026-07-01T11:15:51Z,US,atm,0
TXN-2026-00869,216.07,ecom,TRAVEL,CUST-0310,2026-06-21T18:08:43Z,SA,pos_terminal,0
TXN-2026-00870,12.13,pos,FASHION,CUST-0568,2026-07-11T14:34:11Z,US,atm,0
TXN-2026-00871,48.61,transfer,HEALTHCARE,CUST-0516,2026-06-30T13:26:29Z,SA,mobile,0
TXN-2026-00872,100.65,pos,TRAVEL,CUST-0432,2026-06-16T18:32:23Z,SA,pos_terminal,0
TXN-2026-00873,206.37,pos,EDUCATION,CUST-0687,2026-07-24T01:05:03Z,AE,mobile,0
TXN-2026-00874,140.85,atm,ONLINE_SERVICES,CUST-0100,2026-06-04T03:47:37Z,SA,web,0
TXN-2026-00875,100.67,pos,UTILITIES,CUST-0140,2026-07-11T09:46:59Z,SA,atm,0
TXN-2026-00876,77.45,pos,GROCERY,CUST-0206,2026-06-07T15:01:53Z,GB,atm,0
TXN-2026-00877,360.35,atm,HOME_GOODS,CUST-0189,2026-07-10T21:28:54Z,SA,atm,0
TXN-2026-00878,135.35,pos,HOME_GOODS,CUST-0023,2026-07-03T23:44:34Z,SA,atm,0
TXN-2026-00879,74.38,ecom,UTILITIES,CUST-0603,2026-07-22T03:29:26Z,US,web,1
TXN-2026-00880,957.64,pos,FUEL,CUST-0469,2026-07-10T14:02:58Z,EG,web,0
TXN-2026-00881,174.73,pos,HOME_GOODS,CUST-0163,2026-07-28T22:33:24Z,SA,web,0
TXN-2026-00882,51.17,ecom,ONLINE_SERVICES,CUST-0361,2026-07-21T04:17:50Z,AE,atm,0
TXN-2026-00883,1071.49,ecom,TRAVEL,CUST-0484,2026-07-20T21:33:16Z,SA,pos_terminal,0
TXN-2026-00884,16.24,pos,ONLINE_SERVICES,CUST-0595,2026-07-02T21:30:20Z,SA,web,0
TXN-2026-00885,345.34,atm,FUEL,CUST-0394,2026-06-24T19:40:53Z,SA,web,0
TXN-2026-00886,34.54,pos,TRAVEL,CUST-0716,2026-06-29T21:18:14Z,SA,web,0
TXN-2026-00887,384.16,ecom,UTILITIES,CUST-0089,2026-06-22T05:43:46Z,GB,web,0
TXN-2026-00888,71.41,atm,JEWELRY,CUST-0585,2026-07-06T04:51:04Z,GB,atm,0
TXN-2026-00889,33.04,atm,FASHION,CUST-0131,2026-06-04T19:34:21Z,SA,web,0
TXN-2026-00890,53.41,transfer,FASHION,CUST-0297,2026-07-26T05:18:04Z,SA,pos_terminal,0
TXN-2026-00891,432.16,ecom,TELECOM,CUST-0114,2026-06-02T01:21:26Z,AE,web,1
TXN-2026-00892,102.91,pos,RESTAURANT,CUST-0784,2026-07-30T21:58:56Z,SA,web,0
TXN-2026-00893,360.33,ecom,EDUCATION,CUST-0625,2026-06-05T13:38:47Z,SA,atm,0
TXN-2026-00894,25.03,ecom,ELECTRONICS,CUST-0278,2026-07-12T11:27:30Z,AE,web,0
TXN-2026-00895,72.29,ecom,HOME_GOODS,CUST-0201,2026-06-02T17:30:03Z,US,atm,0
TXN-2026-00896,43.98,ecom,JEWELRY,CUST-0441,2026-07-28T19:57:23Z,EG,web,0
TXN-2026-00897,76.48,ecom,RESTAURANT,CUST-0095,2026-07-22T17:36:02Z,SA,web,0
TXN-2026-00898,32.37,pos,ENTERTAINMENT,CUST-0079,2026-06-16T09:08:38Z,US,atm,0
TXN-2026-00899,146.98,pos,HEALTHCARE,CUST-0557,2026-07-29T07:28:45Z,AE,pos_terminal,0
TXN-2026-00900,159.04,atm,RESTAURANT,CUST-0300,2026-07-15T17:32:06Z,SA,pos_terminal,0
TXN-2026-00901,10.28,pos,TELECOM,CUST-0287,2026-06-14T03:23:46Z,SA,mobile,0
TXN-2026-00902,66.79,pos,EDUCATION,CUST-0716,2026-07-02T01:17:17Z,US,pos_terminal,0
TXN-2026-00903,224.2,pos,GROCERY,CUST-0625,2026-06-03T07:13:24Z,SA,atm,0
TXN-2026-00904,12.2,pos,JEWELRY,CUST-0677,2026-06-17T18:13:48Z,SA,pos_terminal,0
TXN-2026-00905,34.55,transfer,EDUCATION,CUST-0747,2026-07-14T09:54:34Z,GB,atm,0
TXN-2026-00906,53.03,atm,FASHION,CUST-0582,2026-07-18T07:08:58Z,SA,pos_terminal,0
TXN-2026-00907,89.44,atm,FASHION,CUST-0256,2026-07-10T08:23:17Z,AE,mobile,0
TXN-2026-00908,86.39,ecom,HOME_GOODS,CUST-0583,2026-06-30T00:28:00Z,GB,mobile,0
TXN-2026-00909,231.48,pos,ONLINE_SERVICES,CUST-0224,2026-07-10T17:20:04Z,GB,web,0
TXN-2026-00910,10.99,pos,ENTERTAINMENT,CUST-0283,2026-06-10T19:41:03Z,SA,mobile,0
TXN-2026-00911,169.11,ecom,GROCERY,CUST-0451,2026-07-16T08:16:01Z,EG,mobile,0
TXN-2026-00912,59.33,pos,JEWELRY,CUST-0359,2026-06-16T06:20:36Z,EG,atm,0
TXN-2026-00913,244.52,pos,EDUCATION,CUST-0026,2026-06-19T19:01:10Z,EG,mobile,0
TXN-2026-00914,28.72,transfer,GROCERY,CUST-0154,2026-06-21T16:45:49Z,EG,web,0
TXN-2026-00915,212.7,pos,UTILITIES,CUST-0154,2026-07-03T18:40:35Z,US,mobile,0
TXN-2026-00916,132.98,atm,ONLINE_SERVICES,CUST-0541,2026-06-29T10:17:12Z,AE,web,0
TXN-2026-00917,12.83,ecom,HEALTHCARE,CUST-0237,2026-06-27T11:05:22Z,SA,pos_terminal,0
TXN-2026-00918,51.65,pos,EDUCATION,CUST-0620,2026-07-23T04:59:34Z,SA,atm,0
TXN-2026-00919,18.84,pos,ELECTRONICS,CUST-0294,2026-06-10T18:31:40Z,SA,web,0
TXN-2026-00920,27.05,pos,FUEL,CUST-0016,2026-07-30T15:47:06Z,SA,mobile,0
TXN-2026-00921,80.67,pos,HOME_GOODS,CUST-0075,2026-06-28T11:08:25Z,SA,pos_terminal,0
TXN-2026-00922,384.57,ecom,ONLINE_SERVICES,CUST-0345,2026-06-28T09:48:30Z,SA,web,0
TXN-2026-00923,134.36,pos,TELECOM,CUST-0522,2026-06-21T14:11:32Z,AE,mobile,0
TXN-2026-00924,79.06,pos,ONLINE_SERVICES,CUST-0506,2026-07-03T13:18:20Z,US,pos_terminal,0
TXN-2026-00925,47.68,atm,HEALTHCARE,CUST-0753,2026-07-07T19:20:06Z,EG,pos_terminal,0
TXN-2026-00926,39.34,pos,ENTERTAINMENT,CUST-0295,2026-07-29T08:38:48Z,SA,web,0
TXN-2026-00927,180.07,atm,GROCERY,CUST-0521,2026-07-28T17:34:51Z,SA,mobile,0
TXN-2026-00928,515.0,pos,FASHION,CUST-0027,2026-07-17T14:33:08Z,GB,pos_terminal,0
TXN-2026-00929,72.68,pos,FUEL,CUST-0123,2026-06-09T08:46:42Z,SA,pos_terminal,0
TXN-2026-00930,84.05,atm,HEALTHCARE,CUST-0763,2026-07-18T16:43:49Z,SA,pos_terminal,0
TXN-2026-00931,39.55,atm,PHARMACY,CUST-0723,2026-07-24T20:02:40Z,SA,web,0
TXN-2026-00932,231.65,atm,RESTAURANT,CUST-0386,2026-06-10T15:52:11Z,GB,pos_terminal,1
TXN-2026-00933,57.2,atm,HEALTHCARE,CUST-0529,2026-07-02T17:39:13Z,SA,mobile,0
TXN-2026-00934,229.76,ecom,UTILITIES,CUST-0270,2026-07-01T16:42:11Z,AE,web,0
TXN-2026-00935,82.79,pos,PHARMACY,CUST-0646,2026-06-15T03:56:57Z,AE,atm,0
TXN-2026-00936,19.02,pos,FUEL,CUST-0334,2026-06-21T21:07:22Z,US,web,0
TXN-2026-00937,73.29,ecom,UTILITIES,CUST-0501,2026-07-03T06:56:54Z,US,mobile,0
TXN-2026-00938,30.66,pos,PHARMACY,CUST-0331,2026-06-28T12:16:58Z,SA,pos_terminal,0
TXN-2026-00939,100.31,pos,FUEL,CUST-0047,2026-06-08T19:39:21Z,SA,mobile,0
TXN-2026-00940,328.24,atm,ELECTRONICS,CUST-0022,2026-06-23T17:04:41Z,SA,web,0
TXN-2026-00941,5.64,pos,HEALTHCARE,CUST-0549,2026-07-29T11:21:26Z,SA,web,0
TXN-2026-00942,102.11,atm,EDUCATION,CUST-0037,2026-06-11T09:19:01Z,SA,web,0
TXN-2026-00943,152.73,ecom,TRAVEL,CUST-0387,2026-07-17T13:01:00Z,SA,mobile,0
TXN-2026-00944,42.49,pos,ONLINE_SERVICES,CUST-0401,2026-06-20T08:29:12Z,SA,pos_terminal,0
TXN-2026-00945,92.09,pos,FUEL,CUST-0440,2026-07-29T22:34:32Z,SA,atm,0
TXN-2026-00946,842.91,ecom,PHARMACY,CUST-0509,2026-06-29T07:36:01Z,US,web,1
TXN-2026-00947,96.31,pos,EDUCATION,CUST-0319,2026-07-06T05:13:55Z,GB,web,1
TXN-2026-00948,195.48,ecom,ENTERTAINMENT,CUST-0413,2026-07-19T07:03:49Z,GB,pos_terminal,0
TXN-2026-00949,313.9,pos,ONLINE_SERVICES,CUST-0038,2026-06-18T22:13:48Z,GB,atm,0
TXN-2026-00950,165.96,pos,ENTERTAINMENT,CUST-0668,2026-07-25T23:46:05Z,SA,atm,0
TXN-2026-00951,48.42,ecom,ELECTRONICS,CUST-0166,2026-06-08T01:56:27Z,GB,web,0
TXN-2026-00952,499.53,ecom,HEALTHCARE,CUST-0538,2026-06-01T09:07:27Z,AE,pos_terminal,0
TXN-2026-00953,77.88,pos,FASHION,CUST-0666,2026-07-10T22:23:33Z,AE,atm,0
TXN-2026-00954,7.97,transfer,HEALTHCARE,CUST-0339,2026-07-01T00:20:26Z,SA,web,0
TXN-2026-00955,17.89,pos,HEALTHCARE,CUST-0719,2026-06-07T01:39:29Z,SA,mobile,0
TXN-2026-00956,4318.69,atm,PHARMACY,CUST-0573,2026-06-18T09:52:58Z,US,pos_terminal,0
TXN-2026-00957,37.42,ecom,UTILITIES,CUST-0575,2026-06-07T23:13:17Z,SA,pos_terminal,0
TXN-2026-00958,231.12,atm,ONLINE_SERVICES,CUST-0130,2026-07-07T18:38:17Z,GB,web,0
TXN-2026-00959,33.16,transfer,ONLINE_SERVICES,CUST-0094,2026-07-26T00:20:04Z,SA,web,0
TXN-2026-00960,38.36,pos,ENTERTAINMENT,CUST-0451,2026-06-08T07:35:25Z,US,atm,0
TXN-2026-00961,191.13,ecom,TELECOM,CUST-0325,2026-06-11T20:53:17Z,SA,atm,0
TXN-2026-00962,327.42,ecom,FASHION,CUST-0502,2026-06-28T20:22:11Z,SA,pos_terminal,0
TXN-2026-00963,29.03,pos,JEWELRY,CUST-0435,2026-07-30T23:00:12Z,GB,pos_terminal,0
TXN-2026-00964,44.1,ecom,PHARMACY,CUST-0006,2026-06-17T16:58:00Z,AE,mobile,0
TXN-2026-00965,242.16,ecom,FASHION,CUST-0713,2026-07-01T23:55:41Z,SA,mobile,0
TXN-2026-00966,237.81,atm,TRAVEL,CUST-0628,2026-07-25T04:05:26Z,SA,mobile,0
TXN-2026-00967,16.53,pos,HOME_GOODS,CUST-0558,2026-06-02T10:53:43Z,EG,web,0
TXN-2026-00968,249.3,ecom,PHARMACY,CUST-0601,2026-06-26T13:53:42Z,SA,mobile,0
TXN-2026-00969,134.67,pos,ENTERTAINMENT,CUST-0274,2026-07-11T23:53:53Z,SA,pos_terminal,0
TXN-2026-00970,112.57,pos,ENTERTAINMENT,CUST-0360,2026-07-07T14:05:07Z,SA,web,0
TXN-2026-00971,80.7,atm,EDUCATION,CUST-0021,2026-06-16T09:53:43Z,SA,web,0
TXN-2026-00972,56.88,ecom,TRAVEL,CUST-0389,2026-06-27T07:53:12Z,AE,web,0
TXN-2026-00973,92.58,pos,PHARMACY,CUST-0271,2026-07-12T16:28:53Z,SA,mobile,0
TXN-2026-00974,51.8,pos,JEWELRY,CUST-0600,2026-07-14T09:13:21Z,AE,mobile,0
TXN-2026-00975,80.41,pos,ELECTRONICS,CUST-0268,2026-07-01T04:29:37Z,EG,pos_terminal,0
TXN-2026-00976,102.07,ecom,GROCERY,CUST-0675,2026-06-23T00:10:26Z,GB,pos_terminal,1
TXN-2026-00977,105.22,pos,ENTERTAINMENT,CUST-0367,2026-06-29T19:29:37Z,US,atm,0
TXN-2026-00978,106.5,pos,PHARMACY,CUST-0250,2026-06-26T09:02:59Z,SA,mobile,0
TXN-2026-00979,199.66,ecom,TRAVEL,CUST-0411,2026-07-27T19:44:33Z,SA,web,0
TXN-2026-00980,536.43,atm,GROCERY,CUST-0342,2026-07-20T04:51:22Z,GB,atm,1
TXN-2026-00981,47.75,pos,ELECTRONICS,CUST-0177,2026-06-10T21:35:54Z,EG,mobile,0
TXN-2026-00982,237.5,pos,JEWELRY,CUST-0353,2026-07-29T15:42:24Z,GB,web,0
TXN-2026-00983,691.02,transfer,FUEL,CUST-0782,2026-06-28T19:25:34Z,SA,pos_terminal,0
TXN-2026-00984,19.27,transfer,GROCERY,CUST-0759,2026-07-20T07:23:23Z,EG,mobile,0
TXN-2026-00985,34.93,pos,ENTERTAINMENT,CUST-0662,2026-06-28T02:21:24Z,SA,atm,0
TXN-2026-00986,70.15,pos,HOME_GOODS,CUST-0319,2026-06-27T05:10:25Z,SA,atm,0
TXN-2026-00987,295.96,atm,EDUCATION,CUST-0672,2026-06-09T18:32:24Z,GB,mobile,0
TXN-2026-00988,17.08,pos,EDUCATION,CUST-0687,2026-07-18T20:07:38Z,GB,pos_terminal,0
TXN-2026-00989,37.49,pos,TRAVEL,CUST-0374,2026-06-10T00:21:59Z,AE,web,0
TXN-2026-00990,117.97,ecom,ENTERTAINMENT,CUST-0630,2026-06-03T03:55:31Z,GB,pos_terminal,1
TXN-2026-00991,39.59,pos,FASHION,CUST-0436,2026-06-27T00:28:20Z,AE,mobile,0
TXN-2026-00992,270.28,ecom,JEWELRY,CUST-0366,2026-06-06T17:06:08Z,SA,atm,0
TXN-2026-00993,373.02,ecom,TELECOM,CUST-0706,2026-06-30T01:04:20Z,EG,mobile,1
TXN-2026-00994,31.68,ecom,TELECOM,CUST-0742,2026-07-17T02:21:59Z,AE,atm,0
TXN-2026-00995,238.24,ecom,TELECOM,CUST-0739,2026-07-21T07:44:51Z,SA,pos_terminal,0
TXN-2026-00996,37.87,atm,FUEL,CUST-0221,2026-06-12T08:32:42Z,SA,atm,0
TXN-2026-00997,61.2,pos,EDUCATION,CUST-0417,2026-06-18T14:38:50Z,EG,mobile,0
TXN-2026-00998,46.71,ecom,RESTAURANT,CUST-0019,2026-07-16T19:52:29Z,US,pos_terminal,0
TXN-2026-00999,151.07,pos,PHARMACY,CUST-0352,2026-07-25T23:31:13Z,SA,atm,0
TXN-2026-01000,177.11,ecom,ONLINE_SERVICES,CUST-0034,2026-06-14T23:33:23Z,AE,pos_terminal,0
TXN-2026-01001,254.41,ecom,TRAVEL,CUST-0160,2026-06-27T00:48:18Z,GB,web,0
TXN-2026-01002,57.43,pos,ONLINE_SERVICES,CUST-0551,2026-06-08T18:18:11Z,SA,atm,0
TXN-2026-01003,55.22,pos,EDUCATION,CUST-0614,2026-07-27T21:40:48Z,EG,atm,0
TXN-2026-01004,2050.41,ecom,ENTERTAINMENT,CUST-0414,2026-07-12T05:43:58Z,SA,atm,0
TXN-2026-01005,39.11,ecom,ONLINE_SERVICES,CUST-0194,2026-07-03T02:38:36Z,US,mobile,0
TXN-2026-01006,69.53,pos,UTILITIES,CUST-0256,2026-06-24T00:47:38Z,US,web,0
TXN-2026-01007,121.73,pos,TELECOM,CUST-0246,2026-06-09T09:04:57Z,SA,web,0
TXN-2026-01008,64.06,pos,ONLINE_SERVICES,CUST-0471,2026-06-12T14:32:41Z,SA,pos_terminal,0
TXN-2026-01009,322.28,transfer,GROCERY,CUST-0740,2026-06-27T16:30:55Z,US,mobile,0
TXN-2026-01010,269.31,atm,JEWELRY,CUST-0267,2026-06-02T14:30:52Z,SA,pos_terminal,0
TXN-2026-01011,649.03,pos,HEALTHCARE,CUST-0041,2026-06-29T13:50:07Z,SA,web,0
TXN-2026-01012,1074.36,atm,EDUCATION,CUST-0777,2026-06-24T13:42:21Z,SA,web,1
TXN-2026-01013,653.06,ecom,ENTERTAINMENT,CUST-0658,2026-06-16T08:21:18Z,GB,pos_terminal,0
TXN-2026-01014,155.49,pos,FASHION,CUST-0717,2026-06-10T16:18:01Z,SA,pos_terminal,0
TXN-2026-01015,20.41,pos,UTILITIES,CUST-0734,2026-07-14T09:09:47Z,SA,web,0
TXN-2026-01016,30.13,pos,RESTAURANT,CUST-0394,2026-06-17T11:46:32Z,US,atm,0
TXN-2026-01017,84.76,ecom,JEWELRY,CUST-0160,2026-07-26T15:41:10Z,GB,web,0
TXN-2026-01018,47.91,pos,ELECTRONICS,CUST-0389,2026-06-15T04:17:38Z,SA,web,0
TXN-2026-01019,113.73,atm,HOME_GOODS,CUST-0013,2026-07-11T03:21:32Z,SA,pos_terminal,0
TXN-2026-01020,21.46,atm,JEWELRY,CUST-0548,2026-06-16T07:16:51Z,SA,web,0
TXN-2026-01021,28.44,pos,FASHION,CUST-0624,2026-07-24T02:57:57Z,SA,pos_terminal,0
TXN-2026-01022,98.13,pos,EDUCATION,CUST-0234,2026-07-05T01:20:50Z,SA,web,0
TXN-2026-01023,193.44,ecom,RESTAURANT,CUST-0103,2026-06-01T18:27:55Z,SA,atm,0
TXN-2026-01024,220.76,ecom,UTILITIES,CUST-0200,2026-06-01T08:48:26Z,AE,atm,0
TXN-2026-01025,28.47,transfer,FASHION,CUST-0291,2026-06-22T08:43:35Z,AE,atm,0
TXN-2026-01026,76.38,transfer,ENTERTAINMENT,CUST-0775,2026-06-12T02:48:27Z,AE,mobile,0
TXN-2026-01027,1364.39,atm,RESTAURANT,CUST-0552,2026-06-14T09:32:19Z,EG,atm,1
TXN-2026-01028,86.36,transfer,RESTAURANT,CUST-0308,2026-06-11T06:49:25Z,SA,web,0
TXN-2026-01029,83.66,ecom,EDUCATION,CUST-0486,2026-06-15T08:30:59Z,AE,pos_terminal,0
TXN-2026-01030,344.09,ecom,HOME_GOODS,CUST-0342,2026-06-28T18:25:48Z,US,mobile,0
TXN-2026-01031,21.31,ecom,TRAVEL,CUST-0363,2026-06-19T11:01:20Z,US,atm,0
TXN-2026-01032,50.3,ecom,EDUCATION,CUST-0574,2026-07-25T08:06:04Z,SA,web,0
TXN-2026-01033,175.93,transfer,GROCERY,CUST-0482,2026-07-29T22:31:15Z,AE,atm,0
TXN-2026-01034,168.56,ecom,FASHION,CUST-0058,2026-06-19T03:30:08Z,SA,pos_terminal,0
TXN-2026-01035,79.78,ecom,ONLINE_SERVICES,CUST-0155,2026-06-16T10:36:34Z,AE,pos_terminal,0
TXN-2026-01036,1519.53,atm,ELECTRONICS,CUST-0144,2026-07-18T10:54:23Z,GB,web,0
TXN-2026-01037,23.4,pos,HEALTHCARE,CUST-0342,2026-07-30T00:08:07Z,US,atm,0
TXN-2026-01038,274.74,atm,HOME_GOODS,CUST-0499,2026-07-03T11:01:36Z,US,mobile,0
TXN-2026-01039,106.03,ecom,ONLINE_SERVICES,CUST-0552,2026-06-05T18:05:35Z,SA,web,0
TXN-2026-01040,1142.78,ecom,ENTERTAINMENT,CUST-0090,2026-06-28T08:29:28Z,SA,pos_terminal,0
TXN-2026-01041,430.34,atm,HEALTHCARE,CUST-0541,2026-06-02T12:36:18Z,SA,atm,1
TXN-2026-01042,41.03,pos,TRAVEL,CUST-0231,2026-07-14T10:34:29Z,SA,pos_terminal,0
TXN-2026-01043,99.29,atm,RESTAURANT,CUST-0194,2026-07-05T19:54:02Z,SA,pos_terminal,0
TXN-2026-01044,77.97,atm,TELECOM,CUST-0336,2026-06-20T05:27:17Z,SA,web,0
TXN-2026-01045,171.49,pos,FUEL,CUST-0451,2026-06-04T14:28:25Z,SA,web,0
TXN-2026-01046,893.43,atm,ELECTRONICS,CUST-0605,2026-07-08T23:33:07Z,SA,web,0
TXN-2026-01047,178.35,transfer,FUEL,CUST-0768,2026-06-17T16:07:29Z,SA,mobile,0
TXN-2026-01048,22.65,pos,HOME_GOODS,CUST-0431,2026-06-20T02:27:54Z,AE,web,0
TXN-2026-01049,480.22,atm,GROCERY,CUST-0400,2026-07-12T10:02:09Z,SA,web,0
TXN-2026-01050,698.24,ecom,TRAVEL,CUST-0132,2026-06-04T19:51:13Z,AE,pos_terminal,0
TXN-2026-01051,818.33,transfer,TRAVEL,CUST-0179,2026-06-12T11:56:59Z,SA,web,0
TXN-2026-01052,16.3,pos,UTILITIES,CUST-0209,2026-07-10T10:01:50Z,SA,pos_terminal,0
TXN-2026-01053,100.85,transfer,GROCERY,CUST-0148,2026-07-17T16:10:10Z,SA,mobile,0
TXN-2026-01054,18.27,pos,ELECTRONICS,CUST-0229,2026-06-27T17:28:08Z,SA,pos_terminal,0
TXN-2026-01055,33.06,ecom,PHARMACY,CUST-0331,2026-07-24T18:12:08Z,SA,web,0
TXN-2026-01056,373.58,pos,ELECTRONICS,CUST-0147,2026-06-19T19:06:15Z,SA,pos_terminal,0
TXN-2026-01057,1961.59,ecom,JEWELRY,CUST-0474,2026-06-18T04:20:27Z,EG,web,1
TXN-2026-01058,118.17,ecom,EDUCATION,CUST-0036,2026-06-13T05:00:09Z,SA,web,0
TXN-2026-01059,559.59,atm,RESTAURANT,CUST-0496,2026-07-07T12:28:13Z,GB,pos_terminal,0
TXN-2026-01060,8.52,ecom,UTILITIES,CUST-0121,2026-06-17T10:51:55Z,GB,atm,0
TXN-2026-01061,36.24,pos,EDUCATION,CUST-0532,2026-07-05T04:06:14Z,GB,mobile,0
TXN-2026-01062,43.59,pos,HOME_GOODS,CUST-0730,2026-07-06T02:55:32Z,SA,atm,0
TXN-2026-01063,284.22,atm,RESTAURANT,CUST-0146,2026-07-18T11:33:38Z,SA,mobile,0
TXN-2026-01064,896.7,ecom,HEALTHCARE,CUST-0372,2026-06-24T05:06:43Z,SA,web,1
TXN-2026-01065,245.7,pos,RESTAURANT,CUST-0625,2026-07-28T16:26:57Z,GB,atm,0
TXN-2026-01066,110.05,transfer,GROCERY,CUST-0739,2026-07-17T19:38:04Z,SA,atm,0
TXN-2026-01067,115.89,pos,TRAVEL,CUST-0249,2026-06-13T07:53:22Z,SA,web,0
TXN-2026-01068,53.2,pos,FUEL,CUST-0283,2026-07-19T10:00:40Z,SA,pos_terminal,0
TXN-2026-01069,558.68,ecom,FASHION,CUST-0238,2026-07-10T14:09:04Z,EG,pos_terminal,0
TXN-2026-01070,21.39,pos,TELECOM,CUST-0042,2026-06-28T18:10:56Z,GB,pos_terminal,0
TXN-2026-01071,10.12,transfer,HOME_GOODS,CUST-0618,2026-07-13T15:53:44Z,US,atm,0
TXN-2026-01072,1659.74,atm,FASHION,CUST-0108,2026-07-28T08:40:32Z,EG,atm,0
TXN-2026-01073,69.0,pos,EDUCATION,CUST-0014,2026-06-15T18:27:42Z,AE,mobile,0
TXN-2026-01074,411.62,ecom,ONLINE_SERVICES,CUST-0726,2026-07-04T21:24:02Z,SA,mobile,0
TXN-2026-01075,554.42,ecom,HEALTHCARE,CUST-0370,2026-06-26T22:47:02Z,EG,atm,0
TXN-2026-01076,440.21,atm,GROCERY,CUST-0588,2026-07-13T00:13:36Z,SA,mobile,0
TXN-2026-01077,70.06,atm,HEALTHCARE,CUST-0423,2026-06-23T21:22:22Z,SA,pos_terminal,0
TXN-2026-01078,148.54,pos,HEALTHCARE,CUST-0049,2026-07-20T17:41:20Z,US,pos_terminal,0
TXN-2026-01079,106.73,pos,ONLINE_SERVICES,CUST-0092,2026-06-15T10:53:19Z,SA,mobile,0
TXN-2026-01080,56.87,ecom,UTILITIES,CUST-0321,2026-06-17T22:31:22Z,EG,atm,0
TXN-2026-01081,401.06,pos,RESTAURANT,CUST-0331,2026-07-15T20:35:18Z,SA,atm,0
TXN-2026-01082,592.12,pos,ELECTRONICS,CUST-0078,2026-06-10T22:21:34Z,EG,atm,0
TXN-2026-01083,637.18,atm,TELECOM,CUST-0754,2026-06-06T10:14:28Z,SA,web,0
TXN-2026-01084,69.25,transfer,GROCERY,CUST-0684,2026-06-15T07:56:14Z,GB,web,0
TXN-2026-01085,103.6,ecom,ENTERTAINMENT,CUST-0627,2026-07-07T06:26:11Z,US,atm,0
TXN-2026-01086,322.95,atm,PHARMACY,CUST-0724,2026-06-24T11:57:59Z,SA,pos_terminal,0
TXN-2026-01087,52.75,atm,HEALTHCARE,CUST-0330,2026-06-09T03:58:50Z,GB,pos_terminal,1
TXN-2026-01088,234.25,pos,PHARMACY,CUST-0619,2026-07-06T07:29:17Z,SA,atm,0
TXN-2026-01089,82.94,pos,ENTERTAINMENT,CUST-0176,2026-06-23T15:55:45Z,SA,mobile,0
TXN-2026-01090,897.99,transfer,FASHION,CUST-0067,2026-07-17T00:45:38Z,GB,atm,0
TXN-2026-01091,185.44,ecom,FASHION,CUST-0221,2026-06-22T07:36:51Z,US,web,0
TXN-2026-01092,276.95,ecom,HOME_GOODS,CUST-0698,2026-06-08T02:39:04Z,US,web,0
TXN-2026-01093,13.25,transfer,HOME_GOODS,CUST-0778,2026-07-02T23:07:21Z,SA,mobile,0
TXN-2026-01094,103.7,ecom,UTILITIES,CUST-0588,2026-07-15T15:08:54Z,EG,web,0
TXN-2026-01095,84.32,ecom,TRAVEL,CUST-0259,2026-06-23T20:40:05Z,EG,atm,0
TXN-2026-01096,19.55,pos,TELECOM,CUST-0537,2026-06-11T00:33:00Z,SA,pos_terminal,0
TXN-2026-01097,97.39,pos,ELECTRONICS,CUST-0577,2026-06-14T11:06:55Z,SA,pos_terminal,0
TXN-2026-01098,420.64,ecom,TELECOM,CUST-0452,2026-07-23T14:01:39Z,SA,mobile,0
TXN-2026-01099,210.55,ecom,ONLINE_SERVICES,CUST-0358,2026-07-02T06:38:09Z,EG,atm,0
TXN-2026-01100,132.8,atm,EDUCATION,CUST-0562,2026-07-06T02:21:15Z,EG,web,1
TXN-2026-01101,841.06,pos,GROCERY,CUST-0414,2026-06-07T16:05:42Z,EG,atm,0
TXN-2026-01102,25.9,pos,PHARMACY,CUST-0659,2026-06-26T13:24:05Z,GB,mobile,0
TXN-2026-01103,685.07,pos,EDUCATION,CUST-0399,2026-07-15T01:33:53Z,SA,web,0
TXN-2026-01104,774.4,atm,HEALTHCARE,CUST-0315,2026-07-12T10:47:03Z,SA,mobile,0
TXN-2026-01105,136.16,pos,HOME_GOODS,CUST-0551,2026-07-03T16:54:11Z,EG,mobile,0
TXN-2026-01106,53.95,ecom,TRAVEL,CUST-0102,2026-06-14T18:40:39Z,SA,mobile,0
TXN-2026-01107,49.99,pos,RESTAURANT,CUST-0298,2026-06-25T07:23:58Z,US,mobile,0
TXN-2026-01108,238.55,pos,UTILITIES,CUST-0614,2026-07-28T20:19:13Z,AE,atm,0
TXN-2026-01109,477.16,atm,RESTAURANT,CUST-0285,2026-07-09T00:40:44Z,US,mobile,0
TXN-2026-01110,17.42,pos,HEALTHCARE,CUST-0460,2026-06-08T05:57:50Z,GB,mobile,0
TXN-2026-01111,284.38,transfer,HEALTHCARE,CUST-0263,2026-07-05T09:18:54Z,AE,mobile,0
TXN-2026-01112,80.21,atm,TELECOM,CUST-0405,2026-07-25T15:12:08Z,SA,atm,0
TXN-2026-01113,109.05,pos,EDUCATION,CUST-0398,2026-06-28T19:23:28Z,SA,atm,0
TXN-2026-01114,276.1,ecom,JEWELRY,CUST-0043,2026-06-14T23:20:02Z,SA,web,0
TXN-2026-01115,232.03,ecom,TELECOM,CUST-0359,2026-06-10T09:32:04Z,SA,web,0
TXN-2026-01116,29.93,ecom,ENTERTAINMENT,CUST-0344,2026-07-24T07:38:33Z,AE,web,0
TXN-2026-01117,87.32,pos,JEWELRY,CUST-0702,2026-06-11T23:59:20Z,EG,mobile,0
TXN-2026-01118,88.89,ecom,GROCERY,CUST-0107,2026-07-23T12:49:36Z,SA,web,0
TXN-2026-01119,133.78,ecom,TELECOM,CUST-0021,2026-06-25T09:43:39Z,US,atm,0
TXN-2026-01120,243.53,ecom,ONLINE_SERVICES,CUST-0244,2026-07-28T04:29:34Z,EG,web,1
TXN-2026-01121,6.26,transfer,TELECOM,CUST-0398,2026-06-28T09:09:02Z,GB,atm,0
TXN-2026-01122,22.32,atm,FUEL,CUST-0555,2026-06-14T12:26:56Z,US,atm,0
TXN-2026-01123,36.98,pos,UTILITIES,CUST-0373,2026-06-14T07:13:45Z,SA,web,0
TXN-2026-01124,91.81,ecom,ONLINE_SERVICES,CUST-0747,2026-07-26T13:23:41Z,AE,web,0
TXN-2026-01125,59.91,pos,HOME_GOODS,CUST-0464,2026-06-22T17:56:10Z,US,atm,0
TXN-2026-01126,38.62,pos,RESTAURANT,CUST-0454,2026-06-18T23:43:36Z,SA,atm,0
TXN-2026-01127,988.03,ecom,HOME_GOODS,CUST-0325,2026-07-02T10:39:59Z,SA,mobile,0
TXN-2026-01128,194.21,pos,TELECOM,CUST-0088,2026-07-28T11:12:47Z,SA,web,0
TXN-2026-01129,127.45,ecom,HOME_GOODS,CUST-0324,2026-06-12T09:19:06Z,SA,web,0
TXN-2026-01130,100.6,ecom,ONLINE_SERVICES,CUST-0122,2026-07-11T15:44:17Z,SA,mobile,0
TXN-2026-01131,51.32,pos,TELECOM,CUST-0774,2026-06-11T00:37:44Z,EG,atm,0
TXN-2026-01132,221.77,pos,GROCERY,CUST-0187,2026-06-06T11:04:11Z,SA,pos_terminal,0
TXN-2026-01133,22.82,pos,UTILITIES,CUST-0685,2026-07-21T02:22:38Z,GB,mobile,0
TXN-2026-01134,52.44,pos,TRAVEL,CUST-0605,2026-07-03T08:33:57Z,SA,atm,0
TXN-2026-01135,175.59,pos,ENTERTAINMENT,CUST-0718,2026-06-22T17:02:08Z,SA,mobile,0
TXN-2026-01136,36.92,transfer,FUEL,CUST-0205,2026-06-18T22:24:21Z,EG,atm,0
TXN-2026-01137,71.61,pos,RESTAURANT,CUST-0737,2026-07-29T14:58:42Z,SA,pos_terminal,0
TXN-2026-01138,140.77,pos,TRAVEL,CUST-0117,2026-06-05T05:23:04Z,SA,web,1
TXN-2026-01139,921.51,ecom,PHARMACY,CUST-0014,2026-06-10T18:40:55Z,GB,pos_terminal,0
TXN-2026-01140,240.15,ecom,GROCERY,CUST-0109,2026-07-18T02:11:05Z,SA,mobile,0
TXN-2026-01141,98.81,pos,PHARMACY,CUST-0735,2026-07-23T06:45:31Z,SA,atm,0
TXN-2026-01142,76.23,ecom,HOME_GOODS,CUST-0693,2026-07-05T18:12:44Z,SA,mobile,0
TXN-2026-01143,181.58,pos,UTILITIES,CUST-0234,2026-06-27T16:40:18Z,SA,atm,0
TXN-2026-01144,240.33,ecom,JEWELRY,CUST-0354,2026-06-11T02:03:04Z,GB,pos_terminal,0
TXN-2026-01145,286.49,pos,EDUCATION,CUST-0441,2026-07-18T21:05:20Z,EG,mobile,0
TXN-2026-01146,36.0,atm,ENTERTAINMENT,CUST-0745,2026-06-24T15:19:48Z,GB,pos_terminal,0
TXN-2026-01147,17.83,pos,PHARMACY,CUST-0175,2026-06-21T12:29:55Z,GB,atm,0
TXN-2026-01148,357.61,atm,FUEL,CUST-0756,2026-07-26T20:09:25Z,EG,mobile,0
TXN-2026-01149,138.14,ecom,TRAVEL,CUST-0155,2026-06-13T00:31:25Z,SA,pos_terminal,0
TXN-2026-01150,67.22,pos,RESTAURANT,CUST-0563,2026-06-28T13:54:10Z,GB,mobile,0
TXN-2026-01151,36.38,ecom,FASHION,CUST-0723,2026-07-02T06:26:31Z,SA,pos_terminal,0
TXN-2026-01152,263.93,ecom,UTILITIES,CUST-0347,2026-07-09T04:33:18Z,EG,pos_terminal,1
TXN-2026-01153,53.23,pos,ENTERTAINMENT,CUST-0485,2026-06-21T22:14:58Z,EG,atm,0
TXN-2026-01154,49.61,pos,EDUCATION,CUST-0569,2026-06-09T10:50:40Z,SA,web,0
TXN-2026-01155,95.0,pos,TELECOM,CUST-0020,2026-07-02T14:38:57Z,AE,mobile,0
TXN-2026-01156,45.02,pos,EDUCATION,CUST-0797,2026-07-25T01:30:15Z,SA,mobile,0
TXN-2026-01157,142.29,atm,PHARMACY,CUST-0150,2026-07-27T17:12:52Z,SA,mobile,0
TXN-2026-01158,162.3,ecom,RESTAURANT,CUST-0063,2026-06-16T12:27:44Z,SA,pos_terminal,1
TXN-2026-01159,33.59,ecom,FUEL,CUST-0668,2026-07-29T04:28:40Z,US,web,0
TXN-2026-01160,40.85,pos,TELECOM,CUST-0777,2026-07-16T19:29:18Z,SA,web,0
TXN-2026-01161,116.51,ecom,PHARMACY,CUST-0335,2026-06-28T20:20:25Z,SA,pos_terminal,0
TXN-2026-01162,18.84,pos,FASHION,CUST-0779,2026-06-03T16:03:46Z,SA,atm,0
TXN-2026-01163,9.6,pos,HEALTHCARE,CUST-0536,2026-06-23T10:05:26Z,EG,mobile,0
TXN-2026-01164,114.79,pos,FUEL,CUST-0559,2026-06-10T17:52:05Z,SA,atm,0
TXN-2026-01165,179.62,pos,UTILITIES,CUST-0233,2026-07-01T01:02:14Z,SA,web,0
TXN-2026-01166,83.06,ecom,PHARMACY,CUST-0141,2026-06-26T00:32:48Z,AE,atm,0
TXN-2026-01167,71.9,pos,ONLINE_SERVICES,CUST-0070,2026-06-06T18:56:23Z,SA,atm,0
TXN-2026-01168,139.97,pos,UTILITIES,CUST-0550,2026-07-06T11:32:24Z,SA,web,0
TXN-2026-01169,128.97,pos,UTILITIES,CUST-0267,2026-07-03T12:13:11Z,SA,mobile,0
TXN-2026-01170,14.69,ecom,HOME_GOODS,CUST-0110,2026-07-18T23:19:53Z,SA,pos_terminal,0
TXN-2026-01171,57.06,atm,HOME_GOODS,CUST-0581,2026-06-20T00:13:53Z,SA,pos_terminal,0
TXN-2026-01172,64.69,pos,PHARMACY,CUST-0738,2026-07-19T05:58:31Z,GB,pos_terminal,0
TXN-2026-01173,101.27,ecom,TELECOM,CUST-0080,2026-06-11T03:03:23Z,SA,web,0
TXN-2026-01174,44.76,atm,ELECTRONICS,CUST-0760,2026-06-20T01:57:07Z,AE,web,0
TXN-2026-01175,313.79,pos,UTILITIES,CUST-0210,2026-06-02T15:11:00Z,SA,mobile,0
TXN-2026-01176,246.18,atm,ONLINE_SERVICES,CUST-0467,2026-06-02T22:36:30Z,SA,web,0
TXN-2026-01177,137.21,ecom,HOME_GOODS,CUST-0039,2026-06-01T18:57:02Z,SA,pos_terminal,0
TXN-2026-01178,39.03,ecom,EDUCATION,CUST-0737,2026-07-26T06:15:44Z,GB,mobile,0
TXN-2026-01179,144.29,ecom,HEALTHCARE,CUST-0446,2026-07-25T23:03:18Z,EG,mobile,0
TXN-2026-01180,23.15,atm,JEWELRY,CUST-0468,2026-06-24T23:35:34Z,SA,pos_terminal,0
TXN-2026-01181,133.19,pos,PHARMACY,CUST-0412,2026-07-14T15:43:34Z,US,pos_terminal,0
TXN-2026-01182,244.64,ecom,TELECOM,CUST-0089,2026-07-05T21:10:56Z,SA,pos_terminal,0
TXN-2026-01183,155.3,pos,UTILITIES,CUST-0614,2026-07-22T18:08:52Z,SA,atm,0
TXN-2026-01184,176.41,atm,JEWELRY,CUST-0430,2026-07-07T00:16:59Z,SA,web,0
TXN-2026-01185,188.96,ecom,EDUCATION,CUST-0334,2026-06-15T18:22:47Z,US,mobile,0
TXN-2026-01186,654.35,ecom,HOME_GOODS,CUST-0660,2026-07-16T00:57:50Z,SA,atm,0
TXN-2026-01187,566.76,atm,FASHION,CUST-0248,2026-06-07T06:01:01Z,SA,pos_terminal,0
TXN-2026-01188,50.22,atm,UTILITIES,CUST-0191,2026-06-08T13:22:42Z,US,mobile,0
TXN-2026-01189,101.95,pos,ONLINE_SERVICES,CUST-0214,2026-07-10T18:02:43Z,GB,mobile,0
TXN-2026-01190,57.6,pos,HEALTHCARE,CUST-0360,2026-07-19T17:49:06Z,US,pos_terminal,0
TXN-2026-01191,125.88,pos,ENTERTAINMENT,CUST-0390,2026-06-17T17:05:05Z,SA,mobile,0
TXN-2026-01192,14.72,pos,ONLINE_SERVICES,CUST-0768,2026-07-25T14:13:39Z,US,mobile,0
TXN-2026-01193,59.7,pos,JEWELRY,CUST-0800,2026-06-30T08:44:36Z,US,mobile,0
TXN-2026-01194,48.31,ecom,ENTERTAINMENT,CUST-0121,2026-07-25T05:02:18Z,EG,atm,0
TXN-2026-01195,59.9,ecom,RESTAURANT,CUST-0204,2026-07-14T18:54:31Z,SA,atm,0
TXN-2026-01196,90.32,pos,TRAVEL,CUST-0119,2026-07-02T11:50:44Z,US,mobile,0
TXN-2026-01197,15.46,pos,ENTERTAINMENT,CUST-0557,2026-07-15T13:04:04Z,SA,pos_terminal,0
TXN-2026-01198,75.02,pos,FUEL,CUST-0681,2026-07-30T04:07:01Z,SA,mobile,0
TXN-2026-01199,17.59,pos,FASHION,CUST-0560,2026-07-13T05:37:26Z,SA,mobile,0
TXN-2026-01200,8.27,pos,HEALTHCARE,CUST-0151,2026-07-08T16:00:19Z,SA,pos_terminal,0
TXN-2026-01201,141.95,ecom,ENTERTAINMENT,CUST-0194,2026-06-25T17:40:40Z,SA,web,0
TXN-2026-01202,13.8,pos,EDUCATION,CUST-0523,2026-06-05T18:10:15Z,US,pos_terminal,0
TXN-2026-01203,42.12,pos,HOME_GOODS,CUST-0771,2026-06-13T21:46:59Z,EG,atm,0
TXN-2026-01204,68.76,ecom,TRAVEL,CUST-0231,2026-07-03T13:41:55Z,SA,web,0
TXN-2026-01205,352.48,ecom,FUEL,CUST-0444,2026-07-12T01:23:17Z,US,pos_terminal,0
TXN-2026-01206,865.27,pos,JEWELRY,CUST-0350,2026-07-25T15:32:31Z,US,web,0
TXN-2026-01207,206.69,ecom,ONLINE_SERVICES,CUST-0351,2026-06-18T08:55:18Z,SA,pos_terminal,0
TXN-2026-01208,30.74,transfer,ONLINE_SERVICES,CUST-0332,2026-07-14T13:17:16Z,US,web,0
TXN-2026-01209,258.0,ecom,RESTAURANT,CUST-0789,2026-07-05T17:20:13Z,GB,web,0
TXN-2026-01210,45.25,atm,UTILITIES,CUST-0741,2026-07-11T10:11:56Z,GB,pos_terminal,0
TXN-2026-01211,27.28,ecom,PHARMACY,CUST-0582,2026-06-17T03:24:52Z,US,mobile,1
TXN-2026-01212,457.49,transfer,ENTERTAINMENT,CUST-0261,2026-07-23T08:32:36Z,US,web,0
TXN-2026-01213,124.88,ecom,ENTERTAINMENT,CUST-0502,2026-06-09T05:07:23Z,SA,mobile,0
TXN-2026-01214,9.76,pos,JEWELRY,CUST-0285,2026-07-30T23:43:27Z,SA,mobile,0
TXN-2026-01215,35.25,transfer,HEALTHCARE,CUST-0346,2026-06-15T07:39:38Z,AE,pos_terminal,0
TXN-2026-01216,47.31,pos,ONLINE_SERVICES,CUST-0156,2026-07-22T12:13:34Z,SA,web,0
TXN-2026-01217,56.03,atm,ELECTRONICS,CUST-0277,2026-06-11T05:58:14Z,AE,mobile,1
TXN-2026-01218,64.57,pos,ONLINE_SERVICES,CUST-0688,2026-07-25T02:26:45Z,GB,atm,0
TXN-2026-01219,138.28,pos,JEWELRY,CUST-0769,2026-07-14T15:27:50Z,EG,pos_terminal,1
TXN-2026-01220,129.37,ecom,HOME_GOODS,CUST-0520,2026-06-10T22:04:38Z,US,web,0
TXN-2026-01221,44.1,pos,HEALTHCARE,CUST-0415,2026-07-09T15:01:43Z,SA,mobile,0
TXN-2026-01222,56.22,pos,PHARMACY,CUST-0023,2026-06-28T23:28:58Z,US,mobile,0
TXN-2026-01223,41.32,ecom,TRAVEL,CUST-0267,2026-07-04T19:33:51Z,SA,mobile,0
TXN-2026-01224,327.23,pos,RESTAURANT,CUST-0374,2026-06-19T04:54:27Z,AE,web,0
TXN-2026-01225,706.38,atm,ONLINE_SERVICES,CUST-0238,2026-07-28T05:15:01Z,SA,mobile,1
TXN-2026-01226,36.89,pos,EDUCATION,CUST-0104,2026-06-30T17:48:23Z,SA,web,0
TXN-2026-01227,14.86,atm,EDUCATION,CUST-0334,2026-07-03T16:57:03Z,US,web,0
TXN-2026-01228,21.21,pos,TRAVEL,CUST-0481,2026-06-24T18:50:17Z,GB,web,0
TXN-2026-01229,56.6,ecom,EDUCATION,CUST-0166,2026-07-04T15:43:48Z,US,atm,0
TXN-2026-01230,36.64,transfer,JEWELRY,CUST-0478,2026-07-16T23:25:48Z,AE,atm,0
TXN-2026-01231,53.71,pos,ONLINE_SERVICES,CUST-0038,2026-06-02T10:31:12Z,SA,web,0
TXN-2026-01232,566.9,atm,ENTERTAINMENT,CUST-0654,2026-06-20T12:15:09Z,SA,web,0
TXN-2026-01233,78.19,ecom,TELECOM,CUST-0730,2026-06-04T07:09:57Z,SA,pos_terminal,0
TXN-2026-01234,48.06,ecom,FUEL,CUST-0359,2026-07-23T16:35:30Z,SA,atm,0
TXN-2026-01235,7.3,pos,ELECTRONICS,CUST-0519,2026-06-18T01:01:32Z,SA,pos_terminal,0
TXN-2026-01236,60.45,pos,ONLINE_SERVICES,CUST-0414,2026-06-19T11:03:51Z,SA,atm,0
TXN-2026-01237,384.08,atm,HEALTHCARE,CUST-0683,2026-06-10T12:21:42Z,GB,pos_terminal,0
TXN-2026-01238,99.94,transfer,ELECTRONICS,CUST-0781,2026-06-15T01:02:19Z,SA,web,0
TXN-2026-01239,185.29,pos,ONLINE_SERVICES,CUST-0156,2026-07-01T02:14:29Z,SA,atm,0
TXN-2026-01240,49.86,ecom,TELECOM,CUST-0686,2026-06-24T15:16:36Z,EG,pos_terminal,0
TXN-2026-01241,2010.61,ecom,FASHION,CUST-0604,2026-06-16T07:52:01Z,US,atm,0
TXN-2026-01242,176.35,pos,HEALTHCARE,CUST-0522,2026-06-17T03:52:09Z,SA,web,0
TXN-2026-01243,54.37,ecom,JEWELRY,CUST-0101,2026-06-27T18:21:19Z,SA,web,0
TXN-2026-01244,22.36,transfer,UTILITIES,CUST-0493,2026-07-27T01:27:25Z,US,web,0
TXN-2026-01245,280.75,pos,RESTAURANT,CUST-0380,2026-06-14T12:27:54Z,SA,pos_terminal,0
TXN-2026-01246,43.66,pos,ONLINE_SERVICES,CUST-0169,2026-06-06T03:05:05Z,SA,web,0
TXN-2026-01247,66.7,ecom,GROCERY,CUST-0715,2026-07-23T22:22:42Z,SA,mobile,0
TXN-2026-01248,71.89,pos,GROCERY,CUST-0318,2026-06-19T19:53:33Z,SA,pos_terminal,0
TXN-2026-01249,156.93,ecom,HEALTHCARE,CUST-0162,2026-06-15T22:18:02Z,US,pos_terminal,0
TXN-2026-01250,86.25,ecom,ENTERTAINMENT,CUST-0712,2026-06-19T20:45:52Z,US,atm,0
TXN-2026-01251,83.53,ecom,RESTAURANT,CUST-0317,2026-06-10T01:05:03Z,SA,web,0
TXN-2026-01252,171.06,pos,HEALTHCARE,CUST-0460,2026-07-16T15:27:26Z,SA,pos_terminal,0
TXN-2026-01253,41.48,pos,FUEL,CUST-0035,2026-07-02T14:42:25Z,EG,atm,0
TXN-2026-01254,119.84,ecom,HEALTHCARE,CUST-0335,2026-07-29T18:55:44Z,SA,mobile,0
TXN-2026-01255,43.01,ecom,PHARMACY,CUST-0096,2026-06-18T06:46:11Z,US,mobile,0
TXN-2026-01256,181.92,pos,PHARMACY,CUST-0647,2026-06-01T03:30:49Z,SA,web,0
TXN-2026-01257,95.8,ecom,JEWELRY,CUST-0762,2026-07-08T19:59:39Z,SA,atm,0
TXN-2026-01258,132.3,atm,ENTERTAINMENT,CUST-0749,2026-06-02T13:37:40Z,SA,atm,0
TXN-2026-01259,63.27,ecom,TELECOM,CUST-0624,2026-06-29T08:19:57Z,SA,web,0
TXN-2026-01260,252.52,pos,FASHION,CUST-0594,2026-07-28T17:26:01Z,AE,mobile,0
TXN-2026-01261,34.35,pos,ELECTRONICS,CUST-0566,2026-06-12T17:41:12Z,SA,atm,0
TXN-2026-01262,139.0,pos,ENTERTAINMENT,CUST-0663,2026-07-13T09:42:16Z,US,web,0
TXN-2026-01263,67.66,atm,FASHION,CUST-0100,2026-07-06T20:04:04Z,SA,mobile,0
TXN-2026-01264,951.49,transfer,ELECTRONICS,CUST-0004,2026-06-18T05:07:48Z,GB,pos_terminal,0
TXN-2026-01265,230.28,ecom,ENTERTAINMENT,CUST-0477,2026-06-06T11:50:05Z,EG,web,0
TXN-2026-01266,56.34,ecom,FASHION,CUST-0194,2026-07-04T22:34:12Z,GB,pos_terminal,0
TXN-2026-01267,176.13,pos,JEWELRY,CUST-0443,2026-06-11T06:39:40Z,GB,mobile,0
TXN-2026-01268,90.02,pos,UTILITIES,CUST-0763,2026-06-21T20:23:12Z,SA,mobile,0
TXN-2026-01269,21.84,transfer,UTILITIES,CUST-0681,2026-06-01T10:55:29Z,SA,web,0
TXN-2026-01270,64.24,ecom,EDUCATION,CUST-0609,2026-07-02T17:35:46Z,EG,mobile,0
TXN-2026-01271,174.24,pos,JEWELRY,CUST-0325,2026-07-25T03:03:19Z,SA,pos_terminal,0
TXN-2026-01272,61.6,pos,HOME_GOODS,CUST-0157,2026-07-04T11:04:31Z,AE,pos_terminal,0
TXN-2026-01273,35.15,ecom,HOME_GOODS,CUST-0190,2026-07-09T03:23:07Z,SA,pos_terminal,0
TXN-2026-01274,209.59,atm,TRAVEL,CUST-0326,2026-06-06T07:03:17Z,AE,mobile,0
TXN-2026-01275,170.83,ecom,TELECOM,CUST-0708,2026-07-28T12:48:59Z,SA,pos_terminal,0
TXN-2026-01276,46.54,pos,PHARMACY,CUST-0431,2026-06-05T03:37:00Z,SA,atm,0
TXN-2026-01277,36.04,pos,ONLINE_SERVICES,CUST-0110,2026-06-12T20:58:36Z,SA,mobile,0
TXN-2026-01278,1852.33,ecom,TRAVEL,CUST-0747,2026-07-14T16:15:26Z,SA,pos_terminal,0
TXN-2026-01279,105.33,ecom,GROCERY,CUST-0505,2026-06-25T06:52:33Z,AE,pos_terminal,0
TXN-2026-01280,43.23,pos,ONLINE_SERVICES,CUST-0605,2026-07-25T03:45:26Z,AE,atm,0
TXN-2026-01281,160.64,pos,TRAVEL,CUST-0765,2026-07-08T03:42:15Z,SA,mobile,0
TXN-2026-01282,39.1,ecom,HEALTHCARE,CUST-0256,2026-06-14T08:07:36Z,SA,web,0
TXN-2026-01283,6.46,pos,ENTERTAINMENT,CUST-0110,2026-07-21T03:55:23Z,EG,atm,0
TXN-2026-01284,1292.11,ecom,ENTERTAINMENT,CUST-0532,2026-06-10T06:24:22Z,SA,web,0
TXN-2026-01285,899.67,pos,ENTERTAINMENT,CUST-0259,2026-07-04T09:13:26Z,SA,pos_terminal,0
TXN-2026-01286,84.36,pos,EDUCATION,CUST-0287,2026-06-23T09:41:14Z,GB,web,0
TXN-2026-01287,71.23,pos,ENTERTAINMENT,CUST-0400,2026-07-06T16:41:59Z,SA,mobile,0
TXN-2026-01288,155.26,ecom,HEALTHCARE,CUST-0380,2026-06-26T00:04:36Z,SA,web,0
TXN-2026-01289,214.1,transfer,HOME_GOODS,CUST-0685,2026-07-04T05:40:31Z,SA,web,0
TXN-2026-01290,187.79,atm,EDUCATION,CUST-0336,2026-06-01T15:12:11Z,SA,pos_terminal,0
TXN-2026-01291,46.05,ecom,UTILITIES,CUST-0279,2026-07-09T18:36:22Z,SA,atm,0
TXN-2026-01292,40.81,atm,PHARMACY,CUST-0201,2026-07-01T07:34:21Z,GB,web,0
TXN-2026-01293,57.54,ecom,TRAVEL,CUST-0106,2026-07-18T02:06:43Z,GB,web,1
TXN-2026-01294,88.92,pos,ELECTRONICS,CUST-0220,2026-06-18T20:37:56Z,GB,web,0
TXN-2026-01295,308.49,atm,EDUCATION,CUST-0096,2026-07-19T07:02:30Z,AE,web,0
TXN-2026-01296,59.74,ecom,TELECOM,CUST-0713,2026-06-22T03:05:32Z,SA,pos_terminal,0
TXN-2026-01297,13.11,ecom,HEALTHCARE,CUST-0772,2026-07-11T18:01:42Z,AE,web,0
TXN-2026-01298,127.16,pos,GROCERY,CUST-0161,2026-06-14T06:08:18Z,GB,mobile,0
TXN-2026-01299,33.21,ecom,HEALTHCARE,CUST-0121,2026-07-27T09:53:43Z,US,web,0
TXN-2026-01300,125.94,ecom,GROCERY,CUST-0163,2026-06-11T06:04:09Z,US,mobile,0
TXN-2026-01301,695.02,ecom,JEWELRY,CUST-0731,2026-07-28T18:57:58Z,EG,atm,1
TXN-2026-01302,56.03,ecom,ONLINE_SERVICES,CUST-0609,2026-06-12T19:53:50Z,GB,pos_terminal,0
TXN-2026-01303,111.65,atm,RESTAURANT,CUST-0791,2026-07-05T14:59:05Z,SA,web,0
TXN-2026-01304,96.51,ecom,JEWELRY,CUST-0236,2026-07-08T22:47:52Z,SA,mobile,0
TXN-2026-01305,76.74,pos,GROCERY,CUST-0130,2026-07-27T02:15:34Z,SA,pos_terminal,0
TXN-2026-01306,126.08,pos,PHARMACY,CUST-0096,2026-06-03T13:31:54Z,SA,web,0
TXN-2026-01307,103.15,pos,ENTERTAINMENT,CUST-0531,2026-06-21T14:10:43Z,AE,pos_terminal,0
TXN-2026-01308,395.7,pos,GROCERY,CUST-0784,2026-07-26T23:01:05Z,EG,web,0
TXN-2026-01309,473.99,ecom,ENTERTAINMENT,CUST-0085,2026-06-24T01:50:40Z,SA,web,0
TXN-2026-01310,226.16,pos,ELECTRONICS,CUST-0321,2026-06-19T09:16:10Z,SA,web,0
TXN-2026-01311,401.93,ecom,EDUCATION,CUST-0503,2026-07-21T01:20:24Z,GB,mobile,0
TXN-2026-01312,237.52,pos,ONLINE_SERVICES,CUST-0479,2026-07-11T10:05:23Z,AE,web,0
TXN-2026-01313,69.61,atm,JEWELRY,CUST-0153,2026-07-13T01:23:19Z,SA,atm,0
TXN-2026-01314,134.81,ecom,UTILITIES,CUST-0566,2026-06-16T13:38:54Z,GB,pos_terminal,0
TXN-2026-01315,196.95,transfer,HOME_GOODS,CUST-0652,2026-06-05T01:17:51Z,SA,mobile,0
TXN-2026-01316,273.02,atm,ELECTRONICS,CUST-0259,2026-07-17T08:54:41Z,SA,atm,0
TXN-2026-01317,157.14,ecom,RESTAURANT,CUST-0388,2026-06-18T07:09:43Z,SA,web,0
TXN-2026-01318,34.84,ecom,HEALTHCARE,CUST-0634,2026-07-13T21:46:19Z,US,pos_terminal,0
TXN-2026-01319,181.47,pos,HEALTHCARE,CUST-0735,2026-06-14T03:19:49Z,AE,mobile,0
TXN-2026-01320,106.05,atm,FASHION,CUST-0042,2026-07-26T01:11:25Z,SA,pos_terminal,0
TXN-2026-01321,67.88,pos,ELECTRONICS,CUST-0747,2026-07-21T08:55:18Z,SA,web,0
TXN-2026-01322,73.86,pos,HEALTHCARE,CUST-0378,2026-06-18T10:46:08Z,GB,mobile,0
TXN-2026-01323,44.93,pos,HOME_GOODS,CUST-0655,2026-06-14T06:48:52Z,EG,web,0
TXN-2026-01324,284.64,ecom,TELECOM,CUST-0264,2026-06-15T04:51:06Z,SA,mobile,0
TXN-2026-01325,146.03,ecom,ONLINE_SERVICES,CUST-0127,2026-07-12T10:14:02Z,US,mobile,0
TXN-2026-01326,196.34,transfer,ONLINE_SERVICES,CUST-0086,2026-06-21T12:06:29Z,US,mobile,0
TXN-2026-01327,268.31,ecom,PHARMACY,CUST-0031,2026-06-09T19:33:59Z,SA,web,0
TXN-2026-01328,145.7,ecom,HEALTHCARE,CUST-0342,2026-07-23T19:07:46Z,US,mobile,0
TXN-2026-01329,412.35,atm,TRAVEL,CUST-0625,2026-07-26T16:40:49Z,AE,mobile,0
TXN-2026-01330,56.6,pos,JEWELRY,CUST-0232,2026-07-08T04:48:26Z,SA,web,0
TXN-2026-01331,75.46,ecom,ELECTRONICS,CUST-0617,2026-06-22T13:04:05Z,AE,mobile,0
TXN-2026-01332,232.37,pos,JEWELRY,CUST-0749,2026-06-03T11:40:01Z,EG,web,0
TXN-2026-01333,29.86,pos,HEALTHCARE,CUST-0762,2026-06-03T06:55:03Z,SA,pos_terminal,0
TXN-2026-01334,165.32,pos,HOME_GOODS,CUST-0623,2026-07-14T14:04:20Z,SA,mobile,0
TXN-2026-01335,54.89,pos,HOME_GOODS,CUST-0349,2026-06-28T18:06:31Z,GB,atm,0
TXN-2026-01336,23.4,transfer,ONLINE_SERVICES,CUST-0660,2026-06-17T09:47:02Z,SA,web,0
TXN-2026-01337,71.73,atm,PHARMACY,CUST-0459,2026-07-13T17:47:57Z,SA,atm,0
TXN-2026-01338,231.89,ecom,ONLINE_SERVICES,CUST-0240,2026-07-13T11:28:44Z,SA,mobile,0
TXN-2026-01339,1273.65,atm,FASHION,CUST-0067,2026-07-16T14:16:37Z,SA,atm,0
TXN-2026-01340,99.65,ecom,UTILITIES,CUST-0724,2026-07-22T12:55:49Z,AE,atm,0
TXN-2026-01341,461.46,ecom,UTILITIES,CUST-0375,2026-06-22T18:06:18Z,SA,pos_terminal,0
TXN-2026-01342,35.99,transfer,TELECOM,CUST-0200,2026-07-20T07:18:49Z,SA,atm,0
TXN-2026-01343,857.99,ecom,GROCERY,CUST-0418,2026-06-26T20:07:29Z,US,mobile,0
TXN-2026-01344,40.26,ecom,FASHION,CUST-0179,2026-06-21T21:42:38Z,EG,web,0
TXN-2026-01345,344.12,atm,HOME_GOODS,CUST-0575,2026-06-01T11:26:56Z,SA,web,0
TXN-2026-01346,366.07,ecom,PHARMACY,CUST-0580,2026-07-19T11:34:43Z,SA,atm,0
TXN-2026-01347,1833.32,pos,FUEL,CUST-0587,2026-06-14T00:35:30Z,US,mobile,0
TXN-2026-01348,42.97,atm,EDUCATION,CUST-0703,2026-07-07T10:59:48Z,SA,pos_terminal,0
TXN-2026-01349,5.71,pos,EDUCATION,CUST-0153,2026-06-01T00:42:54Z,US,atm,0
TXN-2026-01350,56.44,pos,GROCERY,CUST-0399,2026-06-06T21:12:52Z,EG,mobile,0
TXN-2026-01351,55.0,ecom,ELECTRONICS,CUST-0627,2026-07-25T23:20:03Z,GB,atm,0
TXN-2026-01352,196.28,ecom,HOME_GOODS,CUST-0645,2026-06-27T20:09:03Z,EG,web,0
TXN-2026-01353,59.21,pos,FASHION,CUST-0452,2026-06-29T04:46:25Z,US,web,0
TXN-2026-01354,845.68,pos,EDUCATION,CUST-0353,2026-07-30T12:59:03Z,SA,mobile,0
TXN-2026-01355,53.78,ecom,FASHION,CUST-0537,2026-06-13T14:14:05Z,SA,pos_terminal,0
TXN-2026-01356,80.77,pos,TELECOM,CUST-0176,2026-06-01T06:54:57Z,SA,mobile,0
TXN-2026-01357,77.78,atm,RESTAURANT,CUST-0225,2026-07-05T18:22:24Z,SA,web,0
TXN-2026-01358,88.09,atm,JEWELRY,CUST-0077,2026-06-04T23:10:55Z,EG,mobile,0
TXN-2026-01359,35.07,pos,FASHION,CUST-0097,2026-06-07T12:30:34Z,SA,web,0
TXN-2026-01360,199.91,atm,UTILITIES,CUST-0759,2026-06-05T00:53:10Z,SA,atm,0
TXN-2026-01361,597.41,ecom,FASHION,CUST-0105,2026-06-11T18:34:21Z,GB,atm,0
TXN-2026-01362,688.94,atm,RESTAURANT,CUST-0437,2026-07-27T03:54:32Z,SA,pos_terminal,0
TXN-2026-01363,70.42,transfer,GROCERY,CUST-0461,2026-07-05T23:40:27Z,US,mobile,0
TXN-2026-01364,217.52,pos,HOME_GOODS,CUST-0717,2026-06-26T16:49:51Z,SA,mobile,0
TXN-2026-01365,29.19,ecom,TRAVEL,CUST-0087,2026-06-21T21:10:05Z,US,pos_terminal,1
TXN-2026-01366,120.16,ecom,ENTERTAINMENT,CUST-0344,2026-06-05T16:41:49Z,SA,mobile,0
TXN-2026-01367,187.37,atm,GROCERY,CUST-0468,2026-07-14T08:15:27Z,AE,mobile,0
TXN-2026-01368,94.7,atm,GROCERY,CUST-0130,2026-07-16T22:16:32Z,AE,web,0
TXN-2026-01369,68.5,ecom,UTILITIES,CUST-0625,2026-07-03T14:51:48Z,SA,atm,0
TXN-2026-01370,54.35,pos,JEWELRY,CUST-0184,2026-06-13T17:49:42Z,SA,mobile,0
TXN-2026-01371,252.43,transfer,ELECTRONICS,CUST-0080,2026-06-30T15:39:34Z,GB,atm,0
TXN-2026-01372,154.3,ecom,FUEL,CUST-0639,2026-06-10T04:20:33Z,SA,atm,0
TXN-2026-01373,117.31,ecom,GROCERY,CUST-0326,2026-07-11T07:23:03Z,AE,mobile,0
TXN-2026-01374,82.23,atm,FUEL,CUST-0370,2026-07-14T14:36:02Z,SA,mobile,0
TXN-2026-01375,43.17,pos,PHARMACY,CUST-0765,2026-07-04T12:29:37Z,US,web,0
TXN-2026-01376,278.32,pos,UTILITIES,CUST-0627,2026-07-25T08:50:25Z,SA,web,0
TXN-2026-01377,17.62,pos,TRAVEL,CUST-0106,2026-07-29T10:11:34Z,EG,atm,0
TXN-2026-01378,13.2,pos,ONLINE_SERVICES,CUST-0352,2026-06-22T16:38:50Z,EG,mobile,0
TXN-2026-01379,144.53,ecom,PHARMACY,CUST-0574,2026-06-25T17:20:01Z,EG,atm,0
TXN-2026-01380,993.71,atm,RESTAURANT,CUST-0295,2026-07-28T16:52:36Z,SA,mobile,0
TXN-2026-01381,98.4,ecom,HEALTHCARE,CUST-0204,2026-07-21T01:05:53Z,EG,web,0
TXN-2026-01382,35.98,pos,ENTERTAINMENT,CUST-0091,2026-06-12T11:39:56Z,SA,atm,0
TXN-2026-01383,483.83,atm,ENTERTAINMENT,CUST-0244,2026-07-25T04:44:55Z,SA,pos_terminal,0
TXN-2026-01384,27.47,pos,PHARMACY,CUST-0090,2026-07-04T03:44:37Z,GB,mobile,0
TXN-2026-01385,26.33,pos,TRAVEL,CUST-0007,2026-07-06T11:25:10Z,SA,pos_terminal,0
TXN-2026-01386,96.53,pos,GROCERY,CUST-0795,2026-07-19T14:34:28Z,AE,pos_terminal,0
TXN-2026-01387,206.42,pos,HEALTHCARE,CUST-0523,2026-07-11T10:46:37Z,US,pos_terminal,0
TXN-2026-01388,192.64,atm,HOME_GOODS,CUST-0325,2026-06-09T09:39:58Z,SA,mobile,0
TXN-2026-01389,182.56,transfer,GROCERY,CUST-0140,2026-06-15T18:41:56Z,SA,mobile,0
TXN-2026-01390,108.57,ecom,HOME_GOODS,CUST-0135,2026-06-14T20:40:27Z,SA,mobile,0
TXN-2026-01391,163.89,pos,ONLINE_SERVICES,CUST-0632,2026-06-10T15:54:44Z,SA,atm,0
TXN-2026-01392,88.18,atm,HEALTHCARE,CUST-0653,2026-07-18T22:10:58Z,EG,pos_terminal,0
TXN-2026-01393,1437.01,ecom,EDUCATION,CUST-0178,2026-06-13T02:08:12Z,SA,mobile,0
TXN-2026-01394,78.51,pos,FUEL,CUST-0640,2026-07-02T05:13:45Z,GB,pos_terminal,0
TXN-2026-01395,100.54,ecom,UTILITIES,CUST-0532,2026-07-28T11:30:29Z,EG,pos_terminal,0
TXN-2026-01396,141.3,ecom,FASHION,CUST-0372,2026-07-26T18:02:20Z,SA,mobile,0
TXN-2026-01397,107.28,pos,UTILITIES,CUST-0465,2026-06-26T01:35:55Z,SA,atm,0
TXN-2026-01398,133.89,ecom,ELECTRONICS,CUST-0661,2026-06-29T22:46:13Z,SA,mobile,0
TXN-2026-01399,383.14,transfer,RESTAURANT,CUST-0581,2026-07-08T02:40:19Z,SA,web,0
TXN-2026-01400,122.21,pos,PHARMACY,CUST-0171,2026-07-07T17:13:20Z,AE,pos_terminal,0
TXN-2026-01401,9.33,ecom,ENTERTAINMENT,CUST-0755,2026-06-19T07:01:36Z,EG,pos_terminal,0
TXN-2026-01402,146.57,atm,EDUCATION,CUST-0592,2026-06-08T05:57:28Z,GB,mobile,1
TXN-2026-01403,306.14,pos,UTILITIES,CUST-0057,2026-07-04T15:46:07Z,SA,atm,0
TXN-2026-01404,423.6,pos,JEWELRY,CUST-0335,2026-06-09T04:01:51Z,SA,web,0
TXN-2026-01405,389.06,ecom,TRAVEL,CUST-0056,2026-07-22T21:56:29Z,GB,pos_terminal,0
TXN-2026-01406,1270.61,ecom,HEALTHCARE,CUST-0710,2026-06-23T05:15:40Z,US,mobile,0
TXN-2026-01407,40.45,pos,GROCERY,CUST-0788,2026-07-30T12:41:05Z,EG,mobile,0
TXN-2026-01408,955.36,atm,TRAVEL,CUST-0356,2026-06-06T00:49:09Z,SA,pos_terminal,1
TXN-2026-01409,151.83,ecom,HEALTHCARE,CUST-0284,2026-07-23T06:58:00Z,US,atm,0
TXN-2026-01410,187.13,ecom,ELECTRONICS,CUST-0704,2026-06-26T01:40:09Z,SA,mobile,0
TXN-2026-01411,61.21,transfer,FUEL,CUST-0718,2026-06-04T03:38:49Z,SA,mobile,0
TXN-2026-01412,37.13,pos,TELECOM,CUST-0413,2026-07-17T01:28:08Z,EG,atm,0
TXN-2026-01413,93.56,pos,FASHION,CUST-0748,2026-06-22T06:34:00Z,SA,atm,0
TXN-2026-01414,155.49,atm,EDUCATION,CUST-0682,2026-07-21T09:11:06Z,SA,pos_terminal,0
TXN-2026-01415,366.2,pos,PHARMACY,CUST-0538,2026-06-21T04:09:38Z,AE,atm,1
TXN-2026-01416,999.78,pos,HOME_GOODS,CUST-0606,2026-06-05T23:47:41Z,SA,web,0
TXN-2026-01417,58.17,ecom,ENTERTAINMENT,CUST-0798,2026-06-10T08:12:27Z,EG,pos_terminal,0
TXN-2026-01418,45.11,pos,TELECOM,CUST-0397,2026-07-18T04:01:09Z,GB,mobile,0
TXN-2026-01419,18.74,ecom,FASHION,CUST-0237,2026-06-04T14:46:46Z,SA,atm,0
TXN-2026-01420,214.48,pos,RESTAURANT,CUST-0605,2026-06-07T10:20:16Z,SA,mobile,0
TXN-2026-01421,797.65,pos,GROCERY,CUST-0256,2026-06-26T15:36:58Z,GB,pos_terminal,0
TXN-2026-01422,106.25,ecom,PHARMACY,CUST-0316,2026-06-23T11:18:27Z,SA,web,0
TXN-2026-01423,28.47,ecom,GROCERY,CUST-0258,2026-07-20T03:51:50Z,SA,mobile,0
TXN-2026-01424,58.81,atm,JEWELRY,CUST-0755,2026-06-18T02:31:10Z,US,mobile,0
TXN-2026-01425,151.19,pos,ELECTRONICS,CUST-0687,2026-06-13T16:02:26Z,GB,mobile,0
TXN-2026-01426,443.0,ecom,PHARMACY,CUST-0474,2026-07-04T08:31:19Z,SA,atm,1
TXN-2026-01427,83.66,pos,PHARMACY,CUST-0579,2026-06-23T14:27:45Z,US,pos_terminal,0
TXN-2026-01428,962.61,pos,GROCERY,CUST-0210,2026-07-09T12:10:52Z,GB,pos_terminal,0
TXN-2026-01429,24.95,pos,ONLINE_SERVICES,CUST-0153,2026-06-09T22:54:30Z,SA,mobile,0
TXN-2026-01430,94.21,pos,FUEL,CUST-0273,2026-06-05T03:03:28Z,GB,atm,1
TXN-2026-01431,303.34,pos,RESTAURANT,CUST-0671,2026-06-05T22:36:48Z,AE,mobile,0
TXN-2026-01432,48.53,transfer,ELECTRONICS,CUST-0684,2026-06-17T19:38:32Z,SA,pos_terminal,0
TXN-2026-01433,210.31,atm,JEWELRY,CUST-0405,2026-07-08T14:43:07Z,US,atm,0
TXN-2026-01434,20.33,pos,FUEL,CUST-0768,2026-06-04T15:30:36Z,AE,web,0
TXN-2026-01435,113.33,pos,HEALTHCARE,CUST-0188,2026-07-29T03:39:28Z,SA,mobile,0
TXN-2026-01436,31.01,pos,FUEL,CUST-0271,2026-06-04T16:29:52Z,SA,mobile,0
TXN-2026-01437,690.47,ecom,UTILITIES,CUST-0682,2026-06-07T17:51:05Z,SA,pos_terminal,0
TXN-2026-01438,710.52,ecom,JEWELRY,CUST-0769,2026-07-20T18:28:57Z,SA,mobile,1
TXN-2026-01439,161.41,ecom,ONLINE_SERVICES,CUST-0551,2026-07-25T02:34:59Z,US,pos_terminal,1
TXN-2026-01440,34.22,pos,ELECTRONICS,CUST-0142,2026-06-23T16:32:47Z,SA,atm,0
TXN-2026-01441,58.82,pos,EDUCATION,CUST-0553,2026-07-13T02:53:53Z,SA,web,0
TXN-2026-01442,8.25,pos,FUEL,CUST-0088,2026-06-06T05:32:57Z,GB,pos_terminal,0
TXN-2026-01443,227.96,pos,HEALTHCARE,CUST-0517,2026-07-13T15:42:40Z,SA,pos_terminal,0
TXN-2026-01444,8.38,pos,ELECTRONICS,CUST-0364,2026-07-21T18:27:07Z,EG,atm,0
TXN-2026-01445,174.99,ecom,UTILITIES,CUST-0182,2026-06-25T11:06:49Z,GB,atm,0
TXN-2026-01446,25.81,pos,ONLINE_SERVICES,CUST-0656,2026-06-25T17:15:46Z,AE,atm,0
TXN-2026-01447,83.75,pos,TRAVEL,CUST-0067,2026-06-10T05:59:22Z,SA,atm,0
TXN-2026-01448,150.86,pos,JEWELRY,CUST-0560,2026-06-26T17:44:32Z,SA,mobile,0
TXN-2026-01449,83.85,pos,EDUCATION,CUST-0492,2026-06-05T13:01:39Z,SA,mobile,0
TXN-2026-01450,144.15,transfer,ELECTRONICS,CUST-0220,2026-07-17T07:22:42Z,SA,web,0
TXN-2026-01451,23.22,pos,GROCERY,CUST-0737,2026-07-06T16:06:25Z,EG,mobile,0
TXN-2026-01452,188.12,transfer,FASHION,CUST-0369,2026-06-17T03:39:06Z,US,pos_terminal,0
TXN-2026-01453,26.61,pos,ONLINE_SERVICES,CUST-0281,2026-07-01T23:30:57Z,SA,web,0
TXN-2026-01454,162.69,ecom,EDUCATION,CUST-0609,2026-07-05T23:00:55Z,US,atm,0
TXN-2026-01455,34.25,pos,JEWELRY,CUST-0454,2026-06-12T12:40:24Z,AE,atm,0
TXN-2026-01456,88.65,ecom,TELECOM,CUST-0552,2026-06-29T09:59:32Z,US,pos_terminal,0
TXN-2026-01457,32.47,pos,PHARMACY,CUST-0603,2026-07-09T21:11:03Z,GB,pos_terminal,0
TXN-2026-01458,109.73,atm,GROCERY,CUST-0391,2026-06-06T13:43:46Z,SA,web,0
TXN-2026-01459,100.44,pos,PHARMACY,CUST-0405,2026-07-08T08:20:23Z,SA,atm,0
TXN-2026-01460,110.9,pos,UTILITIES,CUST-0051,2026-06-09T09:33:37Z,AE,web,0
TXN-2026-01461,216.22,atm,EDUCATION,CUST-0699,2026-06-27T01:20:50Z,US,pos_terminal,1
TXN-2026-01462,25.75,pos,HOME_GOODS,CUST-0319,2026-06-22T17:57:01Z,GB,pos_terminal,0
TXN-2026-01463,123.17,atm,GROCERY,CUST-0519,2026-07-21T11:16:51Z,US,atm,0
TXN-2026-01464,47.75,pos,FUEL,CUST-0649,2026-06-07T12:40:21Z,EG,web,0
TXN-2026-01465,31.52,pos,TRAVEL,CUST-0436,2026-06-12T14:27:56Z,GB,atm,0
TXN-2026-01466,49.17,atm,ONLINE_SERVICES,CUST-0138,2026-06-07T02:23:58Z,AE,atm,0
TXN-2026-01467,68.7,pos,ENTERTAINMENT,CUST-0550,2026-07-06T04:12:55Z,SA,web,0
TXN-2026-01468,44.94,pos,EDUCATION,CUST-0367,2026-07-16T13:50:16Z,SA,atm,0
TXN-2026-01469,8.76,pos,FASHION,CUST-0055,2026-07-01T10:14:27Z,EG,atm,0
TXN-2026-01470,15.48,pos,JEWELRY,CUST-0546,2026-06-11T11:16:32Z,SA,pos_terminal,0
TXN-2026-01471,14.98,ecom,TELECOM,CUST-0239,2026-06-18T01:02:43Z,US,pos_terminal,0
TXN-2026-01472,51.59,pos,ENTERTAINMENT,CUST-0377,2026-06-13T02:07:08Z,SA,web,0
TXN-2026-01473,349.58,ecom,HEALTHCARE,CUST-0551,2026-07-10T23:52:05Z,GB,atm,0
TXN-2026-01474,355.88,atm,RESTAURANT,CUST-0408,2026-07-14T23:10:31Z,SA,mobile,0
TXN-2026-01475,235.38,pos,ELECTRONICS,CUST-0702,2026-06-01T20:34:03Z,SA,atm,0
TXN-2026-01476,95.98,pos,HEALTHCARE,CUST-0043,2026-07-09T07:20:46Z,SA,pos_terminal,0
TXN-2026-01477,97.8,pos,HOME_GOODS,CUST-0313,2026-06-05T22:55:25Z,GB,atm,0
TXN-2026-01478,42.11,transfer,HOME_GOODS,CUST-0527,2026-07-13T11:16:16Z,US,mobile,0
TXN-2026-01479,190.15,ecom,ENTERTAINMENT,CUST-0371,2026-07-16T17:06:00Z,EG,web,0
TXN-2026-01480,437.88,pos,ENTERTAINMENT,CUST-0127,2026-06-17T17:47:24Z,US,web,0
TXN-2026-01481,65.42,transfer,PHARMACY,CUST-0314,2026-07-24T15:06:17Z,GB,web,0
TXN-2026-01482,596.78,pos,ELECTRONICS,CUST-0239,2026-07-16T08:11:17Z,SA,web,0
TXN-2026-01483,171.25,ecom,RESTAURANT,CUST-0167,2026-06-08T20:42:35Z,GB,mobile,0
TXN-2026-01484,38.05,transfer,ONLINE_SERVICES,CUST-0161,2026-07-26T16:59:03Z,SA,web,0
TXN-2026-01485,79.61,pos,TELECOM,CUST-0190,2026-06-25T03:02:58Z,SA,atm,0
TXN-2026-01486,154.45,pos,ELECTRONICS,CUST-0125,2026-06-25T02:18:03Z,SA,pos_terminal,0
TXN-2026-01487,28.48,ecom,EDUCATION,CUST-0088,2026-06-27T17:41:08Z,SA,pos_terminal,0
TXN-2026-01488,6.01,pos,UTILITIES,CUST-0603,2026-06-02T14:53:48Z,US,web,0
TXN-2026-01489,18.65,transfer,ONLINE_SERVICES,CUST-0338,2026-06-22T00:57:44Z,SA,atm,0
TXN-2026-01490,2027.91,pos,FASHION,CUST-0685,2026-06-20T02:45:05Z,SA,pos_terminal,0
TXN-2026-01491,434.63,ecom,TELECOM,CUST-0409,2026-07-10T15:02:33Z,SA,pos_terminal,0
TXN-2026-01492,83.84,pos,FUEL,CUST-0779,2026-06-10T12:34:46Z,US,web,0
TXN-2026-01493,412.56,ecom,JEWELRY,CUST-0240,2026-07-07T03:30:33Z,GB,mobile,1
TXN-2026-01494,49.26,atm,FUEL,CUST-0380,2026-06-05T18:29:57Z,US,mobile,1
TXN-2026-01495,7.08,pos,TELECOM,CUST-0090,2026-07-04T18:35:53Z,SA,atm,0
TXN-2026-01496,1169.97,ecom,GROCERY,CUST-0081,2026-06-05T14:23:21Z,EG,mobile,0
TXN-2026-01497,56.61,ecom,ENTERTAINMENT,CUST-0688,2026-07-21T02:06:34Z,SA,pos_terminal,1
TXN-2026-01498,128.08,ecom,TRAVEL,CUST-0730,2026-06-10T19:30:21Z,SA,atm,0
TXN-2026-01499,89.32,ecom,PHARMACY,CUST-0271,2026-07-23T17:22:43Z,AE,pos_terminal,0
TXN-2026-01500,74.51,pos,EDUCATION,CUST-0047,2026-07-07T04:08:54Z,EG,atm,1
TXN-2026-01501,5.78,pos,UTILITIES,CUST-0752,2026-07-28T10:26:17Z,SA,atm,0
TXN-2026-01502,68.8,pos,HOME_GOODS,CUST-0140,2026-06-11T17:39:20Z,AE,mobile,0
TXN-2026-01503,32.42,pos,HEALTHCARE,CUST-0530,2026-06-06T04:26:04Z,US,pos_terminal,1
TXN-2026-01504,122.42,pos,PHARMACY,CUST-0068,2026-06-08T18:23:00Z,SA,atm,0
TXN-2026-01505,133.71,pos,FUEL,CUST-0089,2026-07-23T14:03:52Z,SA,web,0
TXN-2026-01506,128.14,pos,FUEL,CUST-0474,2026-06-01T15:16:57Z,SA,pos_terminal,0
TXN-2026-01507,79.08,pos,ONLINE_SERVICES,CUST-0662,2026-07-06T18:13:55Z,US,pos_terminal,0
TXN-2026-01508,173.42,pos,ENTERTAINMENT,CUST-0264,2026-07-17T02:39:50Z,SA,atm,0
TXN-2026-01509,50.71,transfer,HEALTHCARE,CUST-0219,2026-07-20T17:42:39Z,US,web,0
TXN-2026-01510,349.67,ecom,FASHION,CUST-0071,2026-06-17T16:48:56Z,SA,pos_terminal,0
TXN-2026-01511,91.97,atm,JEWELRY,CUST-0416,2026-06-29T06:37:35Z,SA,pos_terminal,0
TXN-2026-01512,94.62,ecom,JEWELRY,CUST-0555,2026-07-22T07:24:58Z,AE,atm,0
TXN-2026-01513,51.17,pos,ENTERTAINMENT,CUST-0055,2026-06-22T11:05:23Z,US,web,0
TXN-2026-01514,218.46,ecom,GROCERY,CUST-0188,2026-06-22T10:06:02Z,GB,pos_terminal,0
TXN-2026-01515,75.43,pos,ELECTRONICS,CUST-0240,2026-07-09T21:01:09Z,EG,pos_terminal,0
TXN-2026-01516,227.75,ecom,GROCERY,CUST-0456,2026-07-11T00:25:45Z,EG,web,1
TXN-2026-01517,1374.7,ecom,GROCERY,CUST-0086,2026-06-12T14:57:20Z,EG,mobile,1
TXN-2026-01518,58.28,atm,HEALTHCARE,CUST-0428,2026-07-17T05:58:56Z,EG,pos_terminal,0
TXN-2026-01519,69.29,pos,HOME_GOODS,CUST-0449,2026-07-16T06:54:08Z,GB,mobile,0
TXN-2026-01520,114.45,ecom,UTILITIES,CUST-0726,2026-06-15T21:48:53Z,SA,mobile,0
TXN-2026-01521,172.73,pos,FASHION,CUST-0637,2026-06-01T08:22:08Z,SA,web,0
TXN-2026-01522,95.7,ecom,EDUCATION,CUST-0519,2026-06-20T20:39:58Z,SA,web,0
TXN-2026-01523,23.06,transfer,PHARMACY,CUST-0179,2026-07-29T11:43:36Z,EG,web,0
TXN-2026-01524,52.46,pos,GROCERY,CUST-0398,2026-07-07T00:41:01Z,US,atm,0
TXN-2026-01525,127.03,ecom,HEALTHCARE,CUST-0076,2026-07-20T22:57:15Z,GB,pos_terminal,0
TXN-2026-01526,302.58,ecom,RESTAURANT,CUST-0129,2026-06-19T09:37:44Z,EG,web,0
TXN-2026-01527,55.59,atm,TRAVEL,CUST-0777,2026-06-01T02:31:13Z,US,pos_terminal,1
TXN-2026-01528,66.5,pos,ELECTRONICS,CUST-0401,2026-07-08T01:40:11Z,SA,web,0
TXN-2026-01529,267.51,pos,EDUCATION,CUST-0072,2026-07-14T01:22:15Z,SA,atm,0
TXN-2026-01530,56.83,pos,TELECOM,CUST-0249,2026-06-09T19:59:00Z,AE,pos_terminal,0
TXN-2026-01531,77.82,atm,ONLINE_SERVICES,CUST-0773,2026-07-26T05:05:10Z,US,pos_terminal,1
TXN-2026-01532,16.61,pos,HOME_GOODS,CUST-0048,2026-07-27T05:51:00Z,SA,atm,0
TXN-2026-01533,22.7,transfer,TELECOM,CUST-0474,2026-06-11T07:45:48Z,SA,web,0
TXN-2026-01534,149.58,transfer,ELECTRONICS,CUST-0718,2026-07-13T05:04:22Z,SA,atm,0
TXN-2026-01535,74.25,pos,ELECTRONICS,CUST-0445,2026-06-24T10:35:35Z,SA,pos_terminal,0
TXN-2026-01536,19.51,ecom,ENTERTAINMENT,CUST-0475,2026-06-25T17:33:02Z,SA,pos_terminal,0
TXN-2026-01537,189.15,ecom,RESTAURANT,CUST-0717,2026-07-29T18:30:57Z,SA,pos_terminal,0
TXN-2026-01538,30.92,atm,UTILITIES,CUST-0319,2026-06-11T23:48:30Z,SA,mobile,0
TXN-2026-01539,168.77,pos,TELECOM,CUST-0550,2026-07-13T04:03:16Z,SA,pos_terminal,0
TXN-2026-01540,156.46,ecom,HEALTHCARE,CUST-0286,2026-06-27T11:36:38Z,SA,mobile,0
TXN-2026-01541,257.08,pos,RESTAURANT,CUST-0131,2026-07-16T22:09:14Z,SA,web,0
TXN-2026-01542,13.27,pos,TELECOM,CUST-0510,2026-06-03T04:32:05Z,US,pos_terminal,0
TXN-2026-01543,2321.98,ecom,HOME_GOODS,CUST-0003,2026-06-29T14:29:22Z,US,mobile,0
TXN-2026-01544,199.52,pos,ELECTRONICS,CUST-0230,2026-07-09T02:26:43Z,SA,atm,1
TXN-2026-01545,1006.38,ecom,JEWELRY,CUST-0163,2026-06-18T02:39:24Z,US,web,1
TXN-2026-01546,618.6,atm,RESTAURANT,CUST-0084,2026-06-01T16:03:23Z,US,pos_terminal,0
TXN-2026-01547,64.8,ecom,EDUCATION,CUST-0403,2026-06-10T02:36:32Z,US,pos_terminal,0
TXN-2026-01548,288.91,ecom,EDUCATION,CUST-0311,2026-07-12T01:28:27Z,US,web,1
TXN-2026-01549,97.02,ecom,PHARMACY,CUST-0231,2026-06-09T05:24:08Z,US,mobile,1
TXN-2026-01550,60.65,pos,EDUCATION,CUST-0151,2026-07-24T23:21:41Z,EG,pos_terminal,0
TXN-2026-01551,168.31,ecom,GROCERY,CUST-0526,2026-07-09T21:39:06Z,US,web,0
TXN-2026-01552,236.39,pos,HOME_GOODS,CUST-0742,2026-07-07T21:24:16Z,SA,web,0
TXN-2026-01553,29.02,transfer,FASHION,CUST-0738,2026-06-04T11:34:15Z,SA,web,0
TXN-2026-01554,158.85,transfer,GROCERY,CUST-0208,2026-06-06T22:53:23Z,GB,atm,0
TXN-2026-01555,897.79,atm,FUEL,CUST-0479,2026-06-18T15:21:50Z,GB,atm,0
TXN-2026-01556,483.92,atm,FASHION,CUST-0738,2026-06-13T11:15:27Z,EG,atm,0
TXN-2026-01557,46.99,ecom,JEWELRY,CUST-0746,2026-06-28T06:57:17Z,SA,mobile,0
TXN-2026-01558,10.32,pos,JEWELRY,CUST-0293,2026-07-10T09:32:05Z,EG,web,0
TXN-2026-01559,75.57,ecom,FUEL,CUST-0381,2026-06-08T07:00:29Z,AE,web,0
TXN-2026-01560,72.33,ecom,ELECTRONICS,CUST-0796,2026-07-30T09:03:42Z,AE,web,0
TXN-2026-01561,186.13,pos,PHARMACY,CUST-0120,2026-07-22T01:28:36Z,US,web,0
TXN-2026-01562,90.51,pos,TELECOM,CUST-0469,2026-06-08T15:33:52Z,EG,web,0
TXN-2026-01563,229.29,pos,TELECOM,CUST-0563,2026-06-11T06:23:52Z,AE,web,0
TXN-2026-01564,37.53,atm,FASHION,CUST-0518,2026-07-27T21:31:03Z,SA,atm,0
TXN-2026-01565,57.1,pos,JEWELRY,CUST-0693,2026-07-18T04:14:57Z,GB,atm,0
TXN-2026-01566,48.94,pos,UTILITIES,CUST-0592,2026-06-30T00:07:17Z,SA,mobile,0
TXN-2026-01567,159.43,atm,TELECOM,CUST-0157,2026-07-30T11:20:41Z,SA,mobile,1
TXN-2026-01568,73.96,ecom,UTILITIES,CUST-0156,2026-06-20T05:20:29Z,SA,mobile,0
TXN-2026-01569,284.12,ecom,ELECTRONICS,CUST-0588,2026-06-26T16:51:40Z,SA,atm,0
TXN-2026-01570,51.85,pos,RESTAURANT,CUST-0036,2026-07-16T04:33:49Z,US,web,0
TXN-2026-01571,142.82,ecom,HOME_GOODS,CUST-0590,2026-06-09T23:23:39Z,EG,web,0
TXN-2026-01572,527.21,pos,UTILITIES,CUST-0152,2026-06-15T22:39:12Z,SA,mobile,0
TXN-2026-01573,44.12,atm,RESTAURANT,CUST-0228,2026-06-06T16:22:02Z,GB,atm,1
TXN-2026-01574,385.0,ecom,ENTERTAINMENT,CUST-0051,2026-06-08T16:51:10Z,SA,atm,0
TXN-2026-01575,189.66,pos,UTILITIES,CUST-0406,2026-07-06T21:35:40Z,SA,mobile,0
TXN-2026-01576,3620.25,ecom,HOME_GOODS,CUST-0505,2026-07-19T08:34:55Z,AE,atm,0
TXN-2026-01577,32.9,pos,RESTAURANT,CUST-0135,2026-07-16T16:01:40Z,SA,pos_terminal,0
TXN-2026-01578,349.73,pos,UTILITIES,CUST-0158,2026-07-16T21:43:40Z,SA,web,0
TXN-2026-01579,604.3,atm,ONLINE_SERVICES,CUST-0188,2026-06-24T20:03:57Z,US,web,0
TXN-2026-01580,368.93,atm,ENTERTAINMENT,CUST-0651,2026-07-25T20:07:34Z,SA,pos_terminal,0
TXN-2026-01581,6.46,pos,UTILITIES,CUST-0242,2026-06-20T03:41:35Z,EG,web,1
TXN-2026-01582,51.35,pos,EDUCATION,CUST-0676,2026-06-04T16:50:18Z,US,web,0
TXN-2026-01583,32.99,pos,HEALTHCARE,CUST-0396,2026-06-24T10:16:36Z,SA,web,0
TXN-2026-01584,45.37,pos,ELECTRONICS,CUST-0676,2026-06-05T02:36:49Z,EG,pos_terminal,0
TXN-2026-01585,185.16,ecom,FUEL,CUST-0094,2026-06-21T14:35:31Z,EG,web,1
TXN-2026-01586,65.21,atm,GROCERY,CUST-0001,2026-06-11T21:00:04Z,GB,mobile,0
TXN-2026-01587,13.38,transfer,ONLINE_SERVICES,CUST-0076,2026-07-28T19:25:29Z,GB,atm,0
TXN-2026-01588,42.91,ecom,ELECTRONICS,CUST-0536,2026-07-01T07:05:51Z,SA,web,0
TXN-2026-01589,100.34,transfer,HEALTHCARE,CUST-0472,2026-07-10T15:41:34Z,US,pos_terminal,0
TXN-2026-01590,126.64,transfer,UTILITIES,CUST-0653,2026-06-08T19:05:40Z,US,pos_terminal,0
TXN-2026-01591,98.85,atm,UTILITIES,CUST-0743,2026-06-10T01:10:07Z,SA,pos_terminal,0
TXN-2026-01592,91.72,pos,EDUCATION,CUST-0794,2026-07-29T09:30:00Z,SA,mobile,0
TXN-2026-01593,197.1,pos,UTILITIES,CUST-0314,2026-06-20T18:28:37Z,GB,pos_terminal,0
TXN-2026-01594,52.95,pos,RESTAURANT,CUST-0092,2026-07-15T01:16:54Z,EG,mobile,0
TXN-2026-01595,195.03,ecom,GROCERY,CUST-0226,2026-06-18T18:27:39Z,SA,atm,0
TXN-2026-01596,206.09,atm,ONLINE_SERVICES,CUST-0113,2026-07-15T12:14:20Z,SA,mobile,0
TXN-2026-01597,34.42,pos,ELECTRONICS,CUST-0184,2026-06-27T21:13:27Z,AE,web,0
TXN-2026-01598,202.02,ecom,TELECOM,CUST-0322,2026-07-24T18:48:21Z,US,pos_terminal,0
TXN-2026-01599,45.18,transfer,EDUCATION,CUST-0306,2026-06-05T09:39:07Z,US,web,0
TXN-2026-01600,50.36,atm,HOME_GOODS,CUST-0249,2026-06-19T07:36:56Z,AE,atm,0
TXN-2026-01601,84.85,ecom,TRAVEL,CUST-0674,2026-07-09T23:30:46Z,SA,pos_terminal,0
TXN-2026-01602,66.06,pos,GROCERY,CUST-0162,2026-06-12T03:55:30Z,SA,atm,0
TXN-2026-01603,172.87,pos,HEALTHCARE,CUST-0198,2026-07-01T18:08:54Z,SA,mobile,0
TXN-2026-01604,61.42,pos,ONLINE_SERVICES,CUST-0044,2026-07-30T02:09:46Z,SA,mobile,0
TXN-2026-01605,44.09,pos,EDUCATION,CUST-0365,2026-07-26T11:33:45Z,US,web,0
TXN-2026-01606,140.59,ecom,HOME_GOODS,CUST-0346,2026-06-28T02:59:36Z,SA,mobile,0
TXN-2026-01607,117.79,ecom,FUEL,CUST-0266,2026-06-15T17:35:23Z,SA,web,0
TXN-2026-01608,10.35,pos,FUEL,CUST-0188,2026-06-09T01:54:15Z,SA,pos_terminal,0
TXN-2026-01609,29.35,pos,FASHION,CUST-0672,2026-07-08T13:32:47Z,US,mobile,0
TXN-2026-01610,419.62,pos,HEALTHCARE,CUST-0667,2026-06-18T12:48:37Z,SA,web,0
TXN-2026-01611,24.14,pos,FASHION,CUST-0499,2026-06-03T09:13:53Z,EG,mobile,0
TXN-2026-01612,113.97,atm,HOME_GOODS,CUST-0550,2026-06-11T17:39:17Z,US,atm,0
TXN-2026-01613,38.26,transfer,TRAVEL,CUST-0772,2026-06-10T19:50:14Z,SA,web,0
TXN-2026-01614,38.34,pos,ELECTRONICS,CUST-0339,2026-06-17T13:29:28Z,SA,mobile,0
TXN-2026-01615,20.18,pos,FUEL,CUST-0011,2026-07-10T11:48:52Z,EG,web,0
TXN-2026-01616,56.85,pos,UTILITIES,CUST-0059,2026-07-28T05:58:14Z,AE,atm,0
TXN-2026-01617,48.76,pos,JEWELRY,CUST-0135,2026-07-22T18:51:47Z,SA,mobile,0
TXN-2026-01618,162.8,transfer,UTILITIES,CUST-0167,2026-07-27T11:03:28Z,US,pos_terminal,0
TXN-2026-01619,353.66,atm,ENTERTAINMENT,CUST-0105,2026-06-21T08:26:06Z,SA,pos_terminal,0
TXN-2026-01620,355.68,ecom,RESTAURANT,CUST-0369,2026-06-10T21:30:40Z,SA,pos_terminal,0
TXN-2026-01621,91.08,ecom,EDUCATION,CUST-0325,2026-07-05T09:45:16Z,SA,web,0
TXN-2026-01622,127.79,pos,ONLINE_SERVICES,CUST-0643,2026-06-12T03:08:05Z,SA,mobile,0
TXN-2026-01623,248.93,ecom,HEALTHCARE,CUST-0242,2026-07-18T19:03:42Z,SA,atm,0
TXN-2026-01624,98.14,pos,GROCERY,CUST-0497,2026-07-08T19:39:16Z,EG,web,0
TXN-2026-01625,51.05,ecom,TRAVEL,CUST-0113,2026-06-12T05:01:23Z,AE,web,1
TXN-2026-01626,12.29,pos,UTILITIES,CUST-0385,2026-07-08T20:24:54Z,SA,web,0
TXN-2026-01627,36.74,pos,FASHION,CUST-0201,2026-07-28T00:19:32Z,GB,pos_terminal,1
TXN-2026-01628,16.83,pos,TRAVEL,CUST-0476,2026-07-14T12:49:32Z,EG,mobile,0
TXN-2026-01629,837.2,pos,FASHION,CUST-0699,2026-06-26T13:40:42Z,SA,web,0
TXN-2026-01630,80.01,ecom,FUEL,CUST-0613,2026-07-29T15:30:20Z,SA,web,1
TXN-2026-01631,163.04,atm,PHARMACY,CUST-0083,2026-07-09T04:01:41Z,EG,web,1
TXN-2026-01632,140.96,pos,PHARMACY,CUST-0293,2026-06-10T18:20:20Z,US,web,0
TXN-2026-01633,1370.87,ecom,TRAVEL,CUST-0158,2026-07-13T05:02:27Z,US,mobile,1
TXN-2026-01634,274.57,ecom,GROCERY,CUST-0266,2026-06-07T06:13:46Z,SA,web,0
TXN-2026-01635,1394.77,ecom,HOME_GOODS,CUST-0280,2026-06-11T02:52:41Z,SA,web,0
TXN-2026-01636,172.06,transfer,TRAVEL,CUST-0097,2026-06-19T16:42:58Z,SA,pos_terminal,0
TXN-2026-01637,259.48,ecom,FUEL,CUST-0549,2026-06-21T08:35:34Z,SA,atm,0
TXN-2026-01638,291.8,atm,HOME_GOODS,CUST-0313,2026-07-30T16:58:59Z,GB,atm,0
TXN-2026-01639,594.95,pos,HEALTHCARE,CUST-0534,2026-06-08T19:27:46Z,SA,web,0
TXN-2026-01640,151.27,pos,TRAVEL,CUST-0185,2026-06-10T05:04:12Z,SA,mobile,0
TXN-2026-01641,138.27,pos,RESTAURANT,CUST-0627,2026-07-17T15:32:58Z,SA,mobile,0
TXN-2026-01642,242.95,pos,HOME_GOODS,CUST-0630,2026-07-09T19:17:36Z,SA,web,0
TXN-2026-01643,59.3,pos,TELECOM,CUST-0021,2026-07-18T22:47:10Z,SA,mobile,0
TXN-2026-01644,75.5,ecom,JEWELRY,CUST-0202,2026-06-13T03:00:20Z,SA,pos_terminal,0
TXN-2026-01645,932.98,ecom,GROCERY,CUST-0241,2026-06-11T13:53:51Z,SA,mobile,1
TXN-2026-01646,46.13,ecom,FUEL,CUST-0408,2026-06-28T07:54:14Z,SA,web,0
TXN-2026-01647,52.28,atm,RESTAURANT,CUST-0690,2026-07-28T23:05:32Z,EG,mobile,0
TXN-2026-01648,207.1,transfer,EDUCATION,CUST-0556,2026-06-26T14:06:15Z,US,pos_terminal,0
TXN-2026-01649,146.59,pos,JEWELRY,CUST-0195,2026-06-15T22:38:09Z,SA,web,0
TXN-2026-01650,235.09,ecom,ONLINE_SERVICES,CUST-0192,2026-07-01T10:45:48Z,SA,atm,0
TXN-2026-01651,108.53,pos,EDUCATION,CUST-0667,2026-07-08T05:00:40Z,SA,pos_terminal,0
TXN-2026-01652,261.8,ecom,ENTERTAINMENT,CUST-0077,2026-07-08T13:37:54Z,SA,pos_terminal,0
TXN-2026-01653,319.23,transfer,HOME_GOODS,CUST-0018,2026-06-25T11:44:52Z,US,atm,0
TXN-2026-01654,305.36,atm,ONLINE_SERVICES,CUST-0627,2026-06-29T06:19:39Z,SA,pos_terminal,0
TXN-2026-01655,127.79,ecom,EDUCATION,CUST-0644,2026-06-09T18:55:38Z,SA,atm,0
TXN-2026-01656,49.14,pos,ONLINE_SERVICES,CUST-0487,2026-06-20T02:48:28Z,US,atm,0
TXN-2026-01657,73.08,pos,UTILITIES,CUST-0469,2026-07-14T19:54:36Z,AE,atm,0
TXN-2026-01658,18.93,pos,ONLINE_SERVICES,CUST-0522,2026-06-19T14:33:40Z,EG,web,0
TXN-2026-01659,225.56,transfer,FASHION,CUST-0110,2026-06-17T09:20:00Z,SA,atm,0
TXN-2026-01660,35.27,transfer,ELECTRONICS,CUST-0335,2026-06-30T01:25:25Z,AE,mobile,0
TXN-2026-01661,390.64,pos,ELECTRONICS,CUST-0259,2026-06-13T21:51:02Z,EG,atm,0
TXN-2026-01662,208.65,ecom,ONLINE_SERVICES,CUST-0554,2026-07-24T23:06:35Z,EG,atm,0
TXN-2026-01663,40.12,atm,TELECOM,CUST-0458,2026-06-25T21:25:06Z,EG,web,1
TXN-2026-01664,117.91,pos,ELECTRONICS,CUST-0367,2026-06-13T14:34:42Z,AE,atm,0
TXN-2026-01665,18.83,transfer,UTILITIES,CUST-0739,2026-06-27T20:51:02Z,SA,mobile,0
TXN-2026-01666,106.95,pos,TELECOM,CUST-0209,2026-06-18T09:19:16Z,SA,mobile,0
TXN-2026-01667,15.78,ecom,TELECOM,CUST-0433,2026-06-11T09:02:24Z,SA,web,0
TXN-2026-01668,334.92,ecom,FUEL,CUST-0353,2026-07-30T13:49:11Z,SA,web,0
TXN-2026-01669,131.96,ecom,FASHION,CUST-0651,2026-07-02T09:30:57Z,US,pos_terminal,0
TXN-2026-01670,235.07,atm,PHARMACY,CUST-0702,2026-06-21T05:06:54Z,SA,web,1
TXN-2026-01671,53.52,pos,HEALTHCARE,CUST-0141,2026-07-15T19:03:00Z,SA,atm,0
TXN-2026-01672,146.97,transfer,TELECOM,CUST-0190,2026-07-20T20:09:40Z,GB,atm,0
TXN-2026-01673,96.87,ecom,ONLINE_SERVICES,CUST-0559,2026-07-14T10:35:20Z,SA,web,0
TXN-2026-01674,26.84,pos,HOME_GOODS,CUST-0313,2026-06-21T03:25:07Z,EG,atm,0
TXN-2026-01675,49.49,transfer,JEWELRY,CUST-0345,2026-06-29T14:19:17Z,GB,web,0
TXN-2026-01676,22.07,pos,EDUCATION,CUST-0654,2026-07-04T23:47:54Z,AE,mobile,0
TXN-2026-01677,393.73,pos,EDUCATION,CUST-0595,2026-06-17T09:54:57Z,SA,mobile,0
TXN-2026-01678,81.54,ecom,GROCERY,CUST-0501,2026-06-14T13:05:55Z,SA,web,0
TXN-2026-01679,77.45,pos,GROCERY,CUST-0187,2026-07-27T05:51:58Z,SA,pos_terminal,0
TXN-2026-01680,123.98,ecom,RESTAURANT,CUST-0492,2026-06-05T10:11:07Z,GB,pos_terminal,0
TXN-2026-01681,26.06,ecom,ENTERTAINMENT,CUST-0336,2026-07-26T03:22:27Z,GB,web,0
TXN-2026-01682,127.44,ecom,HEALTHCARE,CUST-0391,2026-07-30T05:37:51Z,US,mobile,0
TXN-2026-01683,71.16,ecom,ONLINE_SERVICES,CUST-0140,2026-07-21T13:16:57Z,EG,mobile,0
TXN-2026-01684,222.02,ecom,GROCERY,CUST-0589,2026-07-05T19:35:21Z,GB,web,0
TXN-2026-01685,252.09,ecom,TRAVEL,CUST-0701,2026-06-19T09:10:41Z,AE,atm,0
TXN-2026-01686,783.48,atm,FASHION,CUST-0527,2026-06-30T18:23:28Z,SA,pos_terminal,0
TXN-2026-01687,295.41,ecom,EDUCATION,CUST-0728,2026-07-18T03:53:37Z,SA,web,0
TXN-2026-01688,453.08,ecom,ENTERTAINMENT,CUST-0452,2026-07-28T21:54:40Z,SA,web,0
TXN-2026-01689,37.94,atm,ENTERTAINMENT,CUST-0463,2026-07-08T16:19:58Z,AE,pos_terminal,0
TXN-2026-01690,82.48,atm,RESTAURANT,CUST-0273,2026-06-11T16:25:33Z,SA,mobile,1
TXN-2026-01691,113.64,ecom,EDUCATION,CUST-0541,2026-07-20T02:36:15Z,GB,mobile,1
TXN-2026-01692,1497.46,ecom,TELECOM,CUST-0345,2026-07-10T21:58:55Z,SA,mobile,0
TXN-2026-01693,1024.26,ecom,FUEL,CUST-0152,2026-06-15T11:05:40Z,EG,mobile,0
TXN-2026-01694,341.1,transfer,GROCERY,CUST-0476,2026-06-13T04:43:25Z,SA,mobile,0
TXN-2026-01695,112.0,pos,HOME_GOODS,CUST-0011,2026-07-01T09:08:41Z,EG,pos_terminal,0
TXN-2026-01696,12.5,pos,ONLINE_SERVICES,CUST-0741,2026-07-23T17:51:06Z,SA,mobile,0
TXN-2026-01697,20.22,ecom,RESTAURANT,CUST-0218,2026-07-30T22:50:50Z,GB,web,0
TXN-2026-01698,77.13,pos,ENTERTAINMENT,CUST-0412,2026-07-07T07:13:22Z,SA,mobile,0
TXN-2026-01699,18.07,atm,FUEL,CUST-0770,2026-06-19T14:42:15Z,SA,pos_terminal,0
TXN-2026-01700,90.01,pos,ENTERTAINMENT,CUST-0385,2026-07-21T03:06:24Z,AE,web,1
TXN-2026-01701,57.12,atm,TELECOM,CUST-0138,2026-06-30T00:54:10Z,US,atm,0
TXN-2026-01702,160.73,transfer,FASHION,CUST-0352,2026-07-23T22:43:26Z,SA,mobile,0
TXN-2026-01703,12.94,ecom,RESTAURANT,CUST-0332,2026-07-11T09:26:53Z,AE,mobile,0
TXN-2026-01704,72.02,pos,UTILITIES,CUST-0128,2026-06-17T04:31:26Z,SA,atm,0
TXN-2026-01705,90.94,ecom,UTILITIES,CUST-0270,2026-07-19T18:14:37Z,EG,web,0
TXN-2026-01706,13.44,pos,EDUCATION,CUST-0590,2026-06-17T22:48:55Z,SA,web,0
TXN-2026-01707,78.32,ecom,EDUCATION,CUST-0629,2026-06-23T03:54:45Z,SA,pos_terminal,0
TXN-2026-01708,27.98,pos,ENTERTAINMENT,CUST-0465,2026-06-13T00:41:27Z,SA,mobile,0
TXN-2026-01709,42.0,ecom,HOME_GOODS,CUST-0795,2026-06-14T18:32:48Z,SA,atm,0
TXN-2026-01710,42.75,pos,HEALTHCARE,CUST-0482,2026-07-17T07:13:25Z,AE,atm,0
TXN-2026-01711,95.67,pos,GROCERY,CUST-0735,2026-06-23T06:32:52Z,US,mobile,0
TXN-2026-01712,43.23,pos,PHARMACY,CUST-0131,2026-06-03T08:04:41Z,SA,web,0
TXN-2026-01713,471.29,ecom,TRAVEL,CUST-0365,2026-07-24T22:17:06Z,SA,web,0
TXN-2026-01714,98.24,pos,JEWELRY,CUST-0800,2026-07-01T22:39:19Z,SA,web,0
TXN-2026-01715,168.84,ecom,HEALTHCARE,CUST-0029,2026-06-25T08:55:59Z,US,web,0
TXN-2026-01716,571.97,pos,ENTERTAINMENT,CUST-0383,2026-07-14T06:11:26Z,SA,mobile,0
TXN-2026-01717,21.7,pos,FUEL,CUST-0313,2026-06-04T15:00:09Z,US,atm,0
TXN-2026-01718,165.5,pos,TELECOM,CUST-0174,2026-06-16T12:57:51Z,US,web,0
TXN-2026-01719,83.12,ecom,GROCERY,CUST-0557,2026-06-21T00:03:06Z,GB,web,1
TXN-2026-01720,151.22,transfer,GROCERY,CUST-0577,2026-06-30T02:12:48Z,SA,atm,0
TXN-2026-01721,172.84,ecom,HEALTHCARE,CUST-0390,2026-07-12T12:31:09Z,SA,mobile,1
TXN-2026-01722,127.71,pos,TELECOM,CUST-0260,2026-06-27T03:31:07Z,SA,mobile,0
TXN-2026-01723,945.14,pos,TRAVEL,CUST-0251,2026-06-19T04:11:23Z,SA,mobile,0
TXN-2026-01724,19.97,pos,TRAVEL,CUST-0016,2026-07-19T02:09:46Z,SA,pos_terminal,0
TXN-2026-01725,196.16,atm,FUEL,CUST-0486,2026-06-12T13:41:40Z,EG,pos_terminal,1
TXN-2026-01726,304.83,ecom,ELECTRONICS,CUST-0134,2026-06-20T23:35:01Z,SA,pos_terminal,0
TXN-2026-01727,86.4,pos,FUEL,CUST-0554,2026-07-30T17:37:59Z,SA,web,0
TXN-2026-01728,622.0,atm,EDUCATION,CUST-0554,2026-07-22T17:56:26Z,AE,atm,0
TXN-2026-01729,62.18,ecom,TRAVEL,CUST-0527,2026-06-04T00:32:33Z,AE,pos_terminal,0
TXN-2026-01730,105.67,ecom,RESTAURANT,CUST-0025,2026-06-06T18:07:36Z,SA,atm,0
TXN-2026-01731,36.92,pos,GROCERY,CUST-0448,2026-07-19T16:59:52Z,SA,atm,0
TXN-2026-01732,63.6,ecom,HOME_GOODS,CUST-0748,2026-06-15T08:34:17Z,US,pos_terminal,0
TXN-2026-01733,58.35,pos,JEWELRY,CUST-0121,2026-06-12T04:45:54Z,SA,web,0
TXN-2026-01734,57.0,pos,HEALTHCARE,CUST-0171,2026-06-10T00:22:57Z,EG,mobile,1
TXN-2026-01735,23.96,pos,JEWELRY,CUST-0022,2026-07-18T22:25:29Z,SA,mobile,0
TXN-2026-01736,478.93,ecom,ONLINE_SERVICES,CUST-0004,2026-06-06T03:16:07Z,US,mobile,0
TXN-2026-01737,568.25,ecom,HEALTHCARE,CUST-0394,2026-06-09T21:31:12Z,GB,atm,0
TXN-2026-01738,99.02,pos,GROCERY,CUST-0633,2026-06-20T17:53:05Z,US,atm,0
TXN-2026-01739,353.63,transfer,HOME_GOODS,CUST-0024,2026-06-18T21:14:15Z,US,mobile,0
TXN-2026-01740,427.76,atm,ENTERTAINMENT,CUST-0741,2026-07-13T19:35:41Z,EG,pos_terminal,0
TXN-2026-01741,33.36,pos,GROCERY,CUST-0317,2026-07-25T21:00:04Z,EG,web,0
TXN-2026-01742,19.93,pos,FUEL,CUST-0245,2026-07-07T19:38:16Z,AE,pos_terminal,0
TXN-2026-01743,662.79,pos,JEWELRY,CUST-0055,2026-07-16T17:58:05Z,SA,web,0
TXN-2026-01744,17.37,pos,TELECOM,CUST-0526,2026-07-03T02:31:16Z,EG,web,0
TXN-2026-01745,220.17,pos,TRAVEL,CUST-0198,2026-06-30T00:00:18Z,SA,web,0
TXN-2026-01746,171.73,ecom,TRAVEL,CUST-0791,2026-07-06T03:43:26Z,SA,web,0
TXN-2026-01747,14.14,pos,HOME_GOODS,CUST-0019,2026-06-12T07:03:16Z,US,atm,0
TXN-2026-01748,79.67,pos,RESTAURANT,CUST-0088,2026-06-02T02:46:56Z,SA,web,0
TXN-2026-01749,161.84,pos,PHARMACY,CUST-0643,2026-06-21T07:52:49Z,AE,pos_terminal,0
TXN-2026-01750,1160.63,transfer,FASHION,CUST-0048,2026-06-29T13:14:54Z,AE,atm,0
TXN-2026-01751,73.28,pos,PHARMACY,CUST-0341,2026-07-11T06:46:19Z,GB,web,0
TXN-2026-01752,160.51,ecom,FUEL,CUST-0359,2026-06-21T03:47:43Z,SA,atm,0
TXN-2026-01753,66.14,ecom,HOME_GOODS,CUST-0004,2026-07-30T11:59:44Z,US,web,0
TXN-2026-01754,111.11,transfer,TELECOM,CUST-0283,2026-06-27T17:28:32Z,AE,pos_terminal,0
TXN-2026-01755,56.2,pos,RESTAURANT,CUST-0593,2026-07-30T03:51:32Z,AE,atm,0
TXN-2026-01756,43.64,pos,PHARMACY,CUST-0150,2026-06-27T23:48:24Z,SA,mobile,0
TXN-2026-01757,97.35,ecom,EDUCATION,CUST-0259,2026-07-07T05:01:25Z,AE,pos_terminal,0
TXN-2026-01758,340.57,atm,ELECTRONICS,CUST-0091,2026-07-20T06:34:35Z,SA,web,0
TXN-2026-01759,359.3,pos,PHARMACY,CUST-0240,2026-07-03T16:51:11Z,SA,pos_terminal,0
TXN-2026-01760,38.96,ecom,FUEL,CUST-0430,2026-06-02T11:54:06Z,SA,mobile,0
TXN-2026-01761,8.95,pos,HEALTHCARE,CUST-0319,2026-06-12T07:55:01Z,SA,atm,0
TXN-2026-01762,65.68,ecom,JEWELRY,CUST-0626,2026-06-16T15:09:06Z,US,mobile,0
TXN-2026-01763,41.07,pos,ONLINE_SERVICES,CUST-0716,2026-07-10T19:58:03Z,SA,mobile,0
TXN-2026-01764,160.55,transfer,RESTAURANT,CUST-0034,2026-07-19T22:31:47Z,SA,atm,0
TXN-2026-01765,28.15,pos,UTILITIES,CUST-0768,2026-07-19T01:46:32Z,AE,mobile,0
TXN-2026-01766,130.04,atm,UTILITIES,CUST-0292,2026-07-26T11:58:00Z,SA,mobile,0
TXN-2026-01767,103.38,pos,ELECTRONICS,CUST-0543,2026-07-24T14:33:47Z,SA,atm,0
TXN-2026-01768,318.23,ecom,GROCERY,CUST-0480,2026-06-27T03:27:01Z,SA,atm,0
TXN-2026-01769,59.09,ecom,EDUCATION,CUST-0694,2026-06-08T17:12:31Z,EG,web,1
TXN-2026-01770,514.19,ecom,ELECTRONICS,CUST-0430,2026-07-14T23:45:35Z,EG,pos_terminal,1
TXN-2026-01771,351.45,ecom,UTILITIES,CUST-0174,2026-07-20T04:13:56Z,US,web,1
TXN-2026-01772,178.94,pos,GROCERY,CUST-0125,2026-07-13T12:35:22Z,GB,pos_terminal,0
TXN-2026-01773,17.25,ecom,PHARMACY,CUST-0454,2026-06-08T07:36:54Z,EG,web,0
TXN-2026-01774,115.44,ecom,HOME_GOODS,CUST-0057,2026-06-10T12:04:00Z,GB,mobile,0
TXN-2026-01775,357.38,ecom,FASHION,CUST-0665,2026-07-25T06:44:47Z,SA,web,0
TXN-2026-01776,149.64,ecom,FASHION,CUST-0296,2026-06-01T09:58:06Z,US,mobile,0
TXN-2026-01777,15.72,pos,TELECOM,CUST-0151,2026-06-24T22:35:24Z,AE,atm,0
TXN-2026-01778,24.02,pos,HOME_GOODS,CUST-0251,2026-06-06T00:20:01Z,SA,pos_terminal,0
TXN-2026-01779,2287.47,ecom,HOME_GOODS,CUST-0160,2026-07-25T03:20:30Z,SA,pos_terminal,1
TXN-2026-01780,51.58,transfer,ELECTRONICS,CUST-0784,2026-06-15T18:23:48Z,GB,mobile,0
TXN-2026-01781,220.18,pos,UTILITIES,CUST-0655,2026-06-15T23:24:01Z,SA,pos_terminal,0
TXN-2026-01782,113.19,atm,HOME_GOODS,CUST-0446,2026-06-10T01:22:04Z,GB,mobile,0
TXN-2026-01783,772.98,pos,FUEL,CUST-0475,2026-07-01T17:41:48Z,SA,atm,0
TXN-2026-01784,94.99,pos,ENTERTAINMENT,CUST-0063,2026-07-27T14:18:52Z,SA,pos_terminal,0
TXN-2026-01785,87.97,pos,TRAVEL,CUST-0186,2026-07-20T12:43:33Z,US,web,0
TXN-2026-01786,99.99,ecom,HOME_GOODS,CUST-0191,2026-06-27T13:16:08Z,SA,atm,0
TXN-2026-01787,163.42,transfer,HOME_GOODS,CUST-0490,2026-06-22T06:46:35Z,US,atm,0
TXN-2026-01788,23.8,pos,TRAVEL,CUST-0142,2026-07-17T16:53:30Z,SA,atm,0
TXN-2026-01789,43.25,transfer,JEWELRY,CUST-0530,2026-06-22T11:49:15Z,AE,mobile,0
TXN-2026-01790,186.69,ecom,HOME_GOODS,CUST-0027,2026-06-13T18:26:47Z,SA,pos_terminal,0
TXN-2026-01791,272.83,pos,RESTAURANT,CUST-0796,2026-06-27T14:03:47Z,GB,atm,0
TXN-2026-01792,64.7,pos,TRAVEL,CUST-0348,2026-07-16T00:15:53Z,AE,web,0
TXN-2026-01793,251.22,atm,ENTERTAINMENT,CUST-0768,2026-07-16T05:11:41Z,SA,atm,1
TXN-2026-01794,439.81,pos,ENTERTAINMENT,CUST-0780,2026-07-02T13:38:07Z,GB,mobile,0
TXN-2026-01795,54.85,atm,PHARMACY,CUST-0632,2026-07-06T12:36:35Z,SA,mobile,0
TXN-2026-01796,302.33,atm,ONLINE_SERVICES,CUST-0107,2026-07-28T05:47:26Z,SA,mobile,1
TXN-2026-01797,18.53,pos,HOME_GOODS,CUST-0408,2026-06-02T02:28:29Z,SA,web,0
TXN-2026-01798,46.38,pos,RESTAURANT,CUST-0083,2026-07-27T10:43:00Z,SA,pos_terminal,0
TXN-2026-01799,27.54,pos,TELECOM,CUST-0470,2026-07-25T03:55:51Z,GB,web,0
TXN-2026-01800,22.23,pos,RESTAURANT,CUST-0455,2026-07-18T12:48:59Z,EG,pos_terminal,0
TXN-2026-01801,49.58,atm,JEWELRY,CUST-0628,2026-06-15T23:38:14Z,SA,atm,0
TXN-2026-01802,334.11,ecom,JEWELRY,CUST-0777,2026-07-07T03:52:24Z,SA,pos_terminal,0
TXN-2026-01803,58.78,pos,HOME_GOODS,CUST-0440,2026-06-26T20:21:52Z,SA,atm,0
TXN-2026-01804,25.33,ecom,PHARMACY,CUST-0567,2026-07-08T11:01:28Z,SA,atm,0
TXN-2026-01805,344.89,atm,HOME_GOODS,CUST-0373,2026-07-05T00:42:45Z,SA,web,0
TXN-2026-01806,25.45,pos,ELECTRONICS,CUST-0170,2026-06-03T18:14:11Z,SA,pos_terminal,0
TXN-2026-01807,33.79,pos,ELECTRONICS,CUST-0172,2026-06-22T22:43:57Z,SA,web,0
TXN-2026-01808,335.0,ecom,JEWELRY,CUST-0595,2026-07-21T06:39:12Z,SA,web,0
TXN-2026-01809,47.43,ecom,TRAVEL,CUST-0168,2026-07-05T20:14:07Z,SA,pos_terminal,0
TXN-2026-01810,160.97,pos,ONLINE_SERVICES,CUST-0093,2026-07-29T19:38:39Z,SA,mobile,0
TXN-2026-01811,41.53,pos,ENTERTAINMENT,CUST-0203,2026-06-11T02:58:00Z,US,web,0
TXN-2026-01812,53.78,ecom,ONLINE_SERVICES,CUST-0275,2026-07-10T03:37:08Z,SA,atm,0
TXN-2026-01813,21.81,pos,FUEL,CUST-0382,2026-06-18T15:20:09Z,US,pos_terminal,0
TXN-2026-01814,192.33,ecom,TELECOM,CUST-0146,2026-07-22T07:01:00Z,SA,pos_terminal,0
TXN-2026-01815,103.72,ecom,ELECTRONICS,CUST-0171,2026-06-22T11:00:20Z,SA,pos_terminal,0
TXN-2026-01816,107.42,pos,ONLINE_SERVICES,CUST-0791,2026-07-13T01:33:54Z,GB,atm,0
TXN-2026-01817,59.37,ecom,TRAVEL,CUST-0478,2026-07-26T04:09:05Z,SA,pos_terminal,0
TXN-2026-01818,80.17,pos,TELECOM,CUST-0692,2026-06-12T23:59:00Z,AE,atm,0
TXN-2026-01819,63.69,pos,RESTAURANT,CUST-0589,2026-07-26T19:03:10Z,EG,atm,0
TXN-2026-01820,39.15,pos,FUEL,CUST-0682,2026-07-21T11:47:33Z,SA,web,0
TXN-2026-01821,6.83,pos,EDUCATION,CUST-0490,2026-06-18T12:30:08Z,SA,pos_terminal,0
TXN-2026-01822,21.94,atm,UTILITIES,CUST-0222,2026-06-11T17:10:11Z,SA,pos_terminal,0
TXN-2026-01823,201.87,atm,TELECOM,CUST-0747,2026-07-27T09:28:11Z,US,web,0
TXN-2026-01824,70.48,atm,UTILITIES,CUST-0258,2026-07-30T08:05:18Z,SA,mobile,0
TXN-2026-01825,65.14,pos,HEALTHCARE,CUST-0404,2026-06-26T00:16:58Z,EG,mobile,0
TXN-2026-01826,97.78,pos,TRAVEL,CUST-0370,2026-06-15T19:04:03Z,SA,web,0
TXN-2026-01827,219.4,pos,FASHION,CUST-0182,2026-07-25T00:44:02Z,US,mobile,0
TXN-2026-01828,34.63,ecom,UTILITIES,CUST-0148,2026-06-26T03:59:43Z,US,mobile,0
TXN-2026-01829,137.4,pos,JEWELRY,CUST-0289,2026-06-01T18:20:14Z,GB,web,0
TXN-2026-01830,62.52,pos,HOME_GOODS,CUST-0434,2026-06-15T21:07:13Z,SA,atm,0
TXN-2026-01831,258.0,pos,ELECTRONICS,CUST-0266,2026-06-13T22:06:24Z,EG,pos_terminal,0
TXN-2026-01832,36.71,pos,HEALTHCARE,CUST-0295,2026-07-01T21:57:24Z,EG,atm,0
TXN-2026-01833,592.03,atm,RESTAURANT,CUST-0433,2026-06-12T19:02:52Z,AE,atm,0
TXN-2026-01834,13.75,pos,PHARMACY,CUST-0485,2026-06-02T02:53:54Z,GB,web,1
TXN-2026-01835,64.02,pos,RESTAURANT,CUST-0173,2026-06-18T02:49:31Z,SA,web,0
TXN-2026-01836,190.28,atm,EDUCATION,CUST-0439,2026-07-19T00:10:22Z,AE,pos_terminal,0
TXN-2026-01837,68.26,ecom,GROCERY,CUST-0429,2026-06-13T16:27:46Z,AE,mobile,0
TXN-2026-01838,148.78,ecom,RESTAURANT,CUST-0004,2026-07-27T10:30:47Z,AE,web,0
TXN-2026-01839,409.06,ecom,GROCERY,CUST-0799,2026-06-05T08:43:27Z,SA,pos_terminal,0
TXN-2026-01840,55.41,ecom,HEALTHCARE,CUST-0664,2026-07-03T16:16:17Z,SA,atm,0
TXN-2026-01841,570.86,ecom,UTILITIES,CUST-0771,2026-06-27T08:57:26Z,GB,web,0
TXN-2026-01842,251.76,atm,FUEL,CUST-0398,2026-07-21T02:23:42Z,AE,mobile,0
TXN-2026-01843,20.86,pos,GROCERY,CUST-0585,2026-07-15T05:36:53Z,SA,mobile,0
TXN-2026-01844,42.87,pos,HEALTHCARE,CUST-0316,2026-07-06T12:01:18Z,SA,pos_terminal,0
TXN-2026-01845,21.4,pos,RESTAURANT,CUST-0038,2026-07-08T16:15:13Z,SA,atm,0
TXN-2026-01846,460.51,ecom,GROCERY,CUST-0451,2026-07-21T03:35:59Z,SA,web,0
TXN-2026-01847,47.02,transfer,UTILITIES,CUST-0487,2026-06-02T16:28:32Z,US,pos_terminal,0
TXN-2026-01848,68.75,pos,ONLINE_SERVICES,CUST-0779,2026-06-27T06:19:43Z,SA,atm,0
TXN-2026-01849,439.88,pos,GROCERY,CUST-0653,2026-07-07T04:08:53Z,SA,atm,1
TXN-2026-01850,1244.53,atm,FUEL,CUST-0664,2026-07-05T12:43:46Z,GB,mobile,0
TXN-2026-01851,1167.36,pos,EDUCATION,CUST-0781,2026-07-01T06:51:37Z,SA,mobile,0
TXN-2026-01852,71.55,atm,TELECOM,CUST-0581,2026-06-10T13:44:20Z,SA,web,0
TXN-2026-01853,736.6,ecom,HOME_GOODS,CUST-0007,2026-06-11T12:37:18Z,SA,mobile,0
TXN-2026-01854,454.08,ecom,UTILITIES,CUST-0713,2026-07-27T02:43:49Z,SA,pos_terminal,0
TXN-2026-01855,279.43,pos,PHARMACY,CUST-0020,2026-06-27T14:01:24Z,SA,mobile,0
TXN-2026-01856,295.89,pos,GROCERY,CUST-0552,2026-06-18T07:35:58Z,AE,web,0
TXN-2026-01857,37.09,ecom,HEALTHCARE,CUST-0711,2026-07-26T00:24:40Z,US,pos_terminal,0
TXN-2026-01858,141.49,pos,TELECOM,CUST-0695,2026-07-19T01:06:24Z,AE,web,1
TXN-2026-01859,132.34,pos,ENTERTAINMENT,CUST-0002,2026-06-04T19:09:26Z,AE,mobile,0
TXN-2026-01860,94.78,pos,JEWELRY,CUST-0050,2026-07-11T02:29:10Z,US,web,0
TXN-2026-01861,85.68,ecom,EDUCATION,CUST-0179,2026-07-04T10:48:01Z,SA,atm,0
TXN-2026-01862,314.72,ecom,PHARMACY,CUST-0520,2026-06-06T02:26:34Z,SA,atm,0
TXN-2026-01863,384.79,atm,TRAVEL,CUST-0395,2026-06-09T00:35:02Z,SA,mobile,1
TXN-2026-01864,267.46,ecom,UTILITIES,CUST-0123,2026-07-30T13:12:43Z,AE,pos_terminal,0
TXN-2026-01865,2265.21,ecom,UTILITIES,CUST-0646,2026-07-28T00:05:11Z,SA,pos_terminal,0
TXN-2026-01866,118.53,pos,TRAVEL,CUST-0674,2026-06-27T19:01:37Z,SA,web,0
TXN-2026-01867,185.24,ecom,FASHION,CUST-0188,2026-07-23T22:03:15Z,US,atm,1
TXN-2026-01868,8.12,pos,FUEL,CUST-0773,2026-07-28T22:19:02Z,EG,pos_terminal,0
TXN-2026-01869,152.83,pos,JEWELRY,CUST-0772,2026-06-02T07:55:25Z,AE,web,0
TXN-2026-01870,69.98,ecom,ENTERTAINMENT,CUST-0735,2026-07-16T12:26:09Z,SA,web,0
TXN-2026-01871,663.85,ecom,ONLINE_SERVICES,CUST-0475,2026-07-08T02:08:23Z,AE,atm,0
TXN-2026-01872,21.2,transfer,TRAVEL,CUST-0683,2026-06-12T05:26:36Z,SA,mobile,0
TXN-2026-01873,60.63,ecom,TRAVEL,CUST-0583,2026-07-10T18:58:56Z,SA,web,0
TXN-2026-01874,467.84,ecom,ENTERTAINMENT,CUST-0770,2026-07-03T14:45:31Z,GB,web,1
TXN-2026-01875,20.17,pos,JEWELRY,CUST-0125,2026-07-26T08:57:38Z,SA,mobile,0
TXN-2026-01876,70.42,ecom,RESTAURANT,CUST-0618,2026-06-01T00:00:57Z,SA,pos_terminal,0
TXN-2026-01877,756.24,transfer,TRAVEL,CUST-0478,2026-06-05T09:47:41Z,SA,mobile,0
TXN-2026-01878,40.28,transfer,ELECTRONICS,CUST-0749,2026-06-14T16:51:36Z,GB,pos_terminal,0
TXN-2026-01879,91.2,pos,ONLINE_SERVICES,CUST-0136,2026-07-24T21:24:19Z,SA,web,0
TXN-2026-01880,99.25,pos,HEALTHCARE,CUST-0012,2026-06-12T07:21:53Z,SA,mobile,0
TXN-2026-01881,100.74,transfer,ELECTRONICS,CUST-0624,2026-07-28T19:25:08Z,SA,pos_terminal,0
TXN-2026-01882,137.33,atm,ELECTRONICS,CUST-0135,2026-07-11T00:28:39Z,US,atm,0
TXN-2026-01883,214.84,pos,EDUCATION,CUST-0492,2026-07-20T09:54:54Z,SA,pos_terminal,0
TXN-2026-01884,265.96,ecom,ELECTRONICS,CUST-0315,2026-06-05T21:12:30Z,EG,atm,0
TXN-2026-01885,117.18,ecom,ELECTRONICS,CUST-0202,2026-06-04T07:26:05Z,SA,mobile,0
TXN-2026-01886,716.91,atm,HEALTHCARE,CUST-0342,2026-06-05T18:12:33Z,GB,web,0
TXN-2026-01887,119.62,atm,HOME_GOODS,CUST-0189,2026-06-01T08:31:27Z,SA,atm,0
TXN-2026-01888,157.02,pos,TRAVEL,CUST-0548,2026-06-05T00:44:53Z,GB,atm,0
TXN-2026-01889,1668.47,ecom,TELECOM,CUST-0483,2026-06-23T02:30:44Z,SA,web,0
TXN-2026-01890,52.11,pos,FASHION,CUST-0608,2026-06-17T01:38:52Z,SA,pos_terminal,0
TXN-2026-01891,131.03,ecom,EDUCATION,CUST-0081,2026-07-22T19:25:42Z,EG,web,0
TXN-2026-01892,346.5,transfer,GROCERY,CUST-0120,2026-06-01T01:18:00Z,SA,mobile,0
TXN-2026-01893,93.17,pos,GROCERY,CUST-0553,2026-07-08T12:25:49Z,SA,mobile,0
TXN-2026-01894,102.21,transfer,JEWELRY,CUST-0381,2026-06-18T20:44:47Z,SA,atm,0
TXN-2026-01895,71.56,ecom,PHARMACY,CUST-0162,2026-07-09T06:55:13Z,SA,pos_terminal,0
TXN-2026-01896,5.95,pos,TELECOM,CUST-0136,2026-07-03T16:57:03Z,US,atm,0
TXN-2026-01897,89.13,transfer,GROCERY,CUST-0495,2026-07-14T22:07:38Z,SA,pos_terminal,0
TXN-2026-01898,161.79,pos,UTILITIES,CUST-0081,2026-06-25T12:06:06Z,EG,pos_terminal,0
TXN-2026-01899,12.56,pos,UTILITIES,CUST-0409,2026-06-26T01:18:29Z,SA,web,0
TXN-2026-01900,281.89,ecom,ENTERTAINMENT,CUST-0232,2026-06-18T11:45:17Z,AE,atm,1
TXN-2026-01901,288.79,ecom,UTILITIES,CUST-0545,2026-07-18T02:52:39Z,EG,web,0
TXN-2026-01902,46.01,atm,ENTERTAINMENT,CUST-0432,2026-06-16T10:44:48Z,US,mobile,0
TXN-2026-01903,47.89,pos,JEWELRY,CUST-0394,2026-07-02T17:58:28Z,SA,web,0
TXN-2026-01904,32.34,pos,PHARMACY,CUST-0530,2026-06-16T13:53:00Z,EG,mobile,0
TXN-2026-01905,806.54,ecom,FASHION,CUST-0663,2026-07-08T03:00:55Z,SA,mobile,0
TXN-2026-01906,56.76,pos,HEALTHCARE,CUST-0169,2026-06-17T10:10:44Z,SA,atm,0
TXN-2026-01907,164.07,pos,ELECTRONICS,CUST-0376,2026-06-26T01:03:39Z,US,mobile,0
TXN-2026-01908,111.14,pos,HOME_GOODS,CUST-0475,2026-06-18T20:37:08Z,SA,pos_terminal,0
TXN-2026-01909,41.66,pos,PHARMACY,CUST-0711,2026-07-06T00:40:35Z,SA,atm,0
TXN-2026-01910,337.56,ecom,FASHION,CUST-0359,2026-06-26T05:55:10Z,EG,web,1
TXN-2026-01911,5.17,pos,GROCERY,CUST-0717,2026-06-07T13:53:08Z,AE,atm,0
TXN-2026-01912,219.94,pos,HOME_GOODS,CUST-0011,2026-07-28T12:01:08Z,SA,pos_terminal,0
TXN-2026-01913,106.29,pos,RESTAURANT,CUST-0028,2026-06-15T21:46:40Z,SA,atm,0
TXN-2026-01914,43.99,pos,GROCERY,CUST-0097,2026-06-04T11:08:11Z,AE,pos_terminal,0
TXN-2026-01915,295.78,ecom,GROCERY,CUST-0453,2026-06-07T21:51:20Z,GB,mobile,0
TXN-2026-01916,463.46,pos,TELECOM,CUST-0472,2026-07-30T16:40:36Z,US,atm,0
TXN-2026-01917,9.1,ecom,FUEL,CUST-0415,2026-07-06T07:12:56Z,EG,atm,0
TXN-2026-01918,162.26,ecom,FUEL,CUST-0687,2026-07-14T14:03:49Z,SA,web,0
TXN-2026-01919,136.43,pos,FASHION,CUST-0749,2026-06-11T00:38:23Z,US,atm,0
TXN-2026-01920,367.13,atm,TRAVEL,CUST-0195,2026-07-01T06:50:43Z,SA,web,0
TXN-2026-01921,238.32,pos,JEWELRY,CUST-0041,2026-07-19T05:52:25Z,GB,atm,0
TXN-2026-01922,44.73,ecom,FASHION,CUST-0608,2026-06-16T19:59:45Z,SA,web,0
TXN-2026-01923,17.97,pos,UTILITIES,CUST-0048,2026-06-17T22:00:04Z,US,web,0
TXN-2026-01924,146.81,ecom,FASHION,CUST-0180,2026-07-08T16:09:56Z,SA,atm,0
TXN-2026-01925,487.09,ecom,TRAVEL,CUST-0276,2026-07-07T22:38:39Z,SA,web,0
TXN-2026-01926,144.58,pos,GROCERY,CUST-0227,2026-06-19T07:13:43Z,SA,web,0
TXN-2026-01927,71.83,pos,TRAVEL,CUST-0798,2026-06-14T06:04:26Z,SA,atm,0
TXN-2026-01928,627.34,ecom,GROCERY,CUST-0306,2026-06-14T17:23:03Z,SA,atm,0
TXN-2026-01929,56.47,ecom,FASHION,CUST-0639,2026-07-17T01:40:30Z,AE,mobile,1
TXN-2026-01930,120.75,pos,UTILITIES,CUST-0508,2026-07-21T11:32:10Z,US,atm,0
TXN-2026-01931,349.62,atm,GROCERY,CUST-0441,2026-06-26T06:51:32Z,EG,atm,0
TXN-2026-01932,11.03,transfer,HEALTHCARE,CUST-0269,2026-06-18T10:38:31Z,SA,mobile,0
TXN-2026-01933,2716.07,ecom,ENTERTAINMENT,CUST-0789,2026-07-16T08:53:38Z,SA,pos_terminal,0
TXN-2026-01934,231.28,ecom,GROCERY,CUST-0724,2026-06-21T10:00:55Z,AE,web,0
TXN-2026-01935,35.16,pos,TRAVEL,CUST-0304,2026-06-09T03:10:45Z,SA,mobile,0
TXN-2026-01936,235.38,ecom,PHARMACY,CUST-0296,2026-06-29T13:47:44Z,SA,web,0
TXN-2026-01937,8.36,transfer,ENTERTAINMENT,CUST-0721,2026-07-30T20:10:21Z,US,atm,0
TXN-2026-01938,156.13,ecom,HOME_GOODS,CUST-0713,2026-06-10T04:13:28Z,GB,mobile,0
TXN-2026-01939,58.19,pos,GROCERY,CUST-0070,2026-07-17T06:44:46Z,AE,pos_terminal,0
TXN-2026-01940,634.49,ecom,ONLINE_SERVICES,CUST-0479,2026-07-19T21:20:32Z,US,atm,0
TXN-2026-01941,2424.52,atm,JEWELRY,CUST-0198,2026-06-10T06:25:51Z,SA,mobile,0
TXN-2026-01942,115.15,ecom,TRAVEL,CUST-0061,2026-06-09T00:06:26Z,EG,pos_terminal,0
TXN-2026-01943,72.31,transfer,PHARMACY,CUST-0417,2026-06-26T10:20:48Z,EG,atm,0
TXN-2026-01944,50.04,pos,FUEL,CUST-0177,2026-07-04T13:51:33Z,SA,pos_terminal,0
TXN-2026-01945,185.32,pos,ELECTRONICS,CUST-0362,2026-07-20T16:37:39Z,GB,pos_terminal,1
TXN-2026-01946,8.63,pos,FUEL,CUST-0207,2026-06-27T06:02:56Z,AE,pos_terminal,0
TXN-2026-01947,287.26,pos,EDUCATION,CUST-0063,2026-07-05T19:47:34Z,SA,mobile,0
TXN-2026-01948,48.79,atm,HEALTHCARE,CUST-0796,2026-07-08T00:37:49Z,US,mobile,0
TXN-2026-01949,391.19,atm,TRAVEL,CUST-0590,2026-06-10T17:17:07Z,SA,pos_terminal,0
TXN-2026-01950,103.64,ecom,FASHION,CUST-0277,2026-06-14T11:48:49Z,US,atm,0
TXN-2026-01951,103.32,pos,UTILITIES,CUST-0587,2026-06-17T21:01:56Z,EG,mobile,0
TXN-2026-01952,99.74,pos,HEALTHCARE,CUST-0443,2026-07-12T01:51:14Z,SA,pos_terminal,0
TXN-2026-01953,63.61,ecom,ONLINE_SERVICES,CUST-0341,2026-06-03T07:06:36Z,GB,atm,0
TXN-2026-01954,25.67,pos,PHARMACY,CUST-0546,2026-07-03T13:47:17Z,SA,web,0
TXN-2026-01955,78.46,pos,UTILITIES,CUST-0621,2026-07-03T08:06:36Z,US,web,0
TXN-2026-01956,44.41,pos,TELECOM,CUST-0785,2026-06-24T23:35:24Z,AE,web,0
TXN-2026-01957,15.3,pos,HOME_GOODS,CUST-0529,2026-07-24T18:13:42Z,SA,pos_terminal,0
TXN-2026-01958,188.48,transfer,EDUCATION,CUST-0543,2026-07-03T04:18:49Z,SA,atm,0
TXN-2026-01959,426.75,ecom,ONLINE_SERVICES,CUST-0425,2026-06-30T23:09:14Z,GB,mobile,0
TXN-2026-01960,14.87,transfer,GROCERY,CUST-0515,2026-07-07T01:02:45Z,US,pos_terminal,0
TXN-2026-01961,305.21,ecom,GROCERY,CUST-0643,2026-07-22T14:28:37Z,EG,pos_terminal,0
TXN-2026-01962,31.07,pos,PHARMACY,CUST-0456,2026-06-05T17:34:39Z,SA,atm,0
TXN-2026-01963,114.16,pos,ENTERTAINMENT,CUST-0598,2026-06-20T11:32:38Z,US,web,0
TXN-2026-01964,87.46,pos,FASHION,CUST-0564,2026-06-14T16:01:55Z,SA,mobile,0
TXN-2026-01965,287.11,pos,ELECTRONICS,CUST-0608,2026-07-11T10:47:05Z,SA,web,0
TXN-2026-01966,875.43,atm,JEWELRY,CUST-0663,2026-07-21T03:32:49Z,SA,mobile,0
TXN-2026-01967,39.63,ecom,HOME_GOODS,CUST-0398,2026-06-09T07:30:49Z,SA,web,0
TXN-2026-01968,34.92,atm,RESTAURANT,CUST-0622,2026-07-13T13:42:19Z,GB,mobile,0
TXN-2026-01969,105.85,ecom,ONLINE_SERVICES,CUST-0336,2026-07-17T07:12:21Z,EG,atm,1
TXN-2026-01970,29.76,pos,HEALTHCARE,CUST-0499,2026-07-22T21:57:56Z,SA,mobile,0
TXN-2026-01971,242.18,pos,UTILITIES,CUST-0787,2026-07-12T02:33:30Z,SA,pos_terminal,0
TXN-2026-01972,44.31,pos,FASHION,CUST-0287,2026-06-14T03:04:19Z,SA,pos_terminal,0
TXN-2026-01973,21.63,pos,TRAVEL,CUST-0719,2026-06-29T03:20:40Z,US,mobile,0
TXN-2026-01974,935.2,ecom,TELECOM,CUST-0597,2026-07-05T01:55:56Z,SA,web,0
TXN-2026-01975,37.8,pos,JEWELRY,CUST-0274,2026-07-01T18:51:18Z,SA,web,0
TXN-2026-01976,52.13,ecom,FUEL,CUST-0434,2026-06-09T19:20:30Z,SA,atm,0
TXN-2026-01977,25.32,transfer,PHARMACY,CUST-0597,2026-07-09T22:42:09Z,GB,web,0
TXN-2026-01978,359.66,transfer,EDUCATION,CUST-0403,2026-06-09T18:53:05Z,EG,pos_terminal,0
TXN-2026-01979,119.0,pos,FASHION,CUST-0233,2026-06-23T20:47:16Z,SA,atm,0
TXN-2026-01980,33.79,transfer,TELECOM,CUST-0025,2026-06-25T15:45:16Z,US,web,0
TXN-2026-01981,17.93,ecom,UTILITIES,CUST-0366,2026-06-18T23:59:59Z,SA,atm,0
TXN-2026-01982,124.09,pos,TRAVEL,CUST-0004,2026-07-06T02:41:53Z,AE,mobile,0
TXN-2026-01983,51.62,ecom,HEALTHCARE,CUST-0684,2026-07-15T15:51:28Z,AE,mobile,0
TXN-2026-01984,640.24,ecom,HEALTHCARE,CUST-0132,2026-06-19T21:40:15Z,SA,mobile,0
TXN-2026-01985,127.55,transfer,HEALTHCARE,CUST-0357,2026-06-12T03:35:57Z,SA,atm,0
TXN-2026-01986,49.63,pos,HEALTHCARE,CUST-0471,2026-06-28T02:00:08Z,EG,atm,0
TXN-2026-01987,153.98,pos,HOME_GOODS,CUST-0033,2026-07-15T07:17:39Z,SA,mobile,0
TXN-2026-01988,376.54,ecom,FUEL,CUST-0214,2026-07-02T11:39:47Z,SA,mobile,0
TXN-2026-01989,291.23,ecom,FASHION,CUST-0154,2026-06-19T00:39:10Z,SA,web,0
TXN-2026-01990,61.62,pos,FASHION,CUST-0359,2026-07-26T12:52:03Z,SA,atm,0
TXN-2026-01991,883.43,ecom,EDUCATION,CUST-0069,2026-07-12T12:57:39Z,EG,pos_terminal,0
TXN-2026-01992,259.84,ecom,ENTERTAINMENT,CUST-0162,2026-07-27T08:51:05Z,AE,mobile,0
TXN-2026-01993,146.78,pos,TRAVEL,CUST-0561,2026-06-05T23:46:13Z,AE,pos_terminal,0
TXN-2026-01994,142.1,atm,FUEL,CUST-0262,2026-07-29T17:14:36Z,SA,pos_terminal,0
TXN-2026-01995,30.51,transfer,FASHION,CUST-0259,2026-06-06T11:43:30Z,AE,web,0
TXN-2026-01996,196.5,pos,HEALTHCARE,CUST-0096,2026-07-04T14:37:52Z,EG,web,1
TXN-2026-01997,56.93,ecom,FASHION,CUST-0015,2026-06-28T13:06:32Z,SA,mobile,0
TXN-2026-01998,141.34,ecom,GROCERY,CUST-0383,2026-06-20T06:37:05Z,EG,mobile,0
TXN-2026-01999,69.48,pos,UTILITIES,CUST-0548,2026-07-06T14:06:02Z,US,pos_terminal,0
TXN-2026-02000,216.55,pos,ENTERTAINMENT,CUST-0132,2026-07-06T20:53:00Z,SA,atm,0
TXN-2026-02001,6.99,pos,FASHION,CUST-0739,2026-06-01T12:02:03Z,SA,web,0
TXN-2026-02002,26.54,pos,PHARMACY,CUST-0515,2026-07-14T10:58:53Z,SA,web,0
TXN-2026-02003,70.72,pos,FUEL,CUST-0158,2026-06-05T08:20:47Z,SA,mobile,0
TXN-2026-02004,8.7,pos,RESTAURANT,CUST-0412,2026-06-10T04:08:54Z,SA,pos_terminal,0
TXN-2026-02005,27.83,pos,UTILITIES,CUST-0602,2026-06-09T20:01:06Z,SA,mobile,0
TXN-2026-02006,20.2,pos,FASHION,CUST-0213,2026-06-13T07:41:11Z,EG,web,0
TXN-2026-02007,97.27,pos,HEALTHCARE,CUST-0220,2026-07-26T13:43:18Z,EG,web,0
TXN-2026-02008,308.74,ecom,FASHION,CUST-0191,2026-06-29T13:50:00Z,SA,pos_terminal,0
TXN-2026-02009,22.01,ecom,HEALTHCARE,CUST-0179,2026-07-11T21:30:40Z,SA,pos_terminal,0
TXN-2026-02010,46.85,ecom,PHARMACY,CUST-0564,2026-06-15T11:25:53Z,SA,pos_terminal,0
TXN-2026-02011,83.66,pos,PHARMACY,CUST-0414,2026-07-02T12:10:23Z,SA,mobile,0
TXN-2026-02012,9.7,pos,ELECTRONICS,CUST-0427,2026-06-24T07:15:25Z,EG,web,0
TXN-2026-02013,61.45,transfer,FUEL,CUST-0278,2026-06-15T10:13:35Z,US,web,0
TXN-2026-02014,99.01,ecom,TELECOM,CUST-0785,2026-06-19T06:56:58Z,US,atm,0
TXN-2026-02015,58.85,pos,UTILITIES,CUST-0487,2026-07-30T13:12:47Z,SA,pos_terminal,0
TXN-2026-02016,20.29,pos,JEWELRY,CUST-0676,2026-06-16T21:36:01Z,US,mobile,0
TXN-2026-02017,358.59,ecom,RESTAURANT,CUST-0482,2026-07-19T17:50:42Z,SA,atm,0
TXN-2026-02018,40.57,ecom,JEWELRY,CUST-0230,2026-07-21T16:41:12Z,GB,mobile,0
TXN-2026-02019,69.1,pos,GROCERY,CUST-0486,2026-07-24T00:06:17Z,US,atm,0
TXN-2026-02020,86.31,pos,TELECOM,CUST-0729,2026-06-08T09:25:50Z,SA,pos_terminal,0
TXN-2026-02021,111.05,pos,TRAVEL,CUST-0658,2026-07-15T09:22:48Z,US,web,0
TXN-2026-02022,775.94,ecom,ENTERTAINMENT,CUST-0196,2026-07-28T09:00:13Z,US,pos_terminal,0
TXN-2026-02023,136.96,pos,FUEL,CUST-0113,2026-06-19T18:29:05Z,US,atm,0
TXN-2026-02024,83.3,pos,TELECOM,CUST-0027,2026-06-15T19:07:02Z,SA,atm,0
TXN-2026-02025,191.22,pos,EDUCATION,CUST-0029,2026-06-18T23:37:02Z,SA,web,0
TXN-2026-02026,64.44,transfer,RESTAURANT,CUST-0279,2026-07-24T15:42:51Z,SA,pos_terminal,0
TXN-2026-02027,29.06,ecom,HEALTHCARE,CUST-0577,2026-06-05T13:31:38Z,SA,mobile,0
TXN-2026-02028,22.52,transfer,ELECTRONICS,CUST-0258,2026-07-08T21:42:05Z,SA,mobile,0
TXN-2026-02029,215.11,pos,JEWELRY,CUST-0040,2026-06-27T03:25:58Z,SA,mobile,0
TXN-2026-02030,146.32,pos,FASHION,CUST-0617,2026-07-28T23:59:21Z,AE,pos_terminal,0
TXN-2026-02031,172.16,pos,GROCERY,CUST-0203,2026-07-13T03:31:53Z,SA,web,0
TXN-2026-02032,134.48,pos,PHARMACY,CUST-0392,2026-07-15T02:50:31Z,SA,web,0
TXN-2026-02033,36.9,pos,HOME_GOODS,CUST-0699,2026-07-26T00:10:59Z,SA,pos_terminal,0
TXN-2026-02034,381.92,atm,ENTERTAINMENT,CUST-0136,2026-06-09T15:59:44Z,SA,web,0
TXN-2026-02035,52.42,pos,HOME_GOODS,CUST-0503,2026-06-16T17:50:05Z,SA,atm,0
TXN-2026-02036,27.43,ecom,FUEL,CUST-0114,2026-06-19T05:15:41Z,SA,mobile,0
TXN-2026-02037,101.74,pos,PHARMACY,CUST-0244,2026-07-13T05:24:04Z,US,pos_terminal,0
TXN-2026-02038,12.43,pos,PHARMACY,CUST-0346,2026-07-18T09:57:04Z,SA,web,0
TXN-2026-02039,109.11,transfer,ENTERTAINMENT,CUST-0067,2026-07-10T08:33:33Z,EG,atm,0
TXN-2026-02040,81.2,ecom,ONLINE_SERVICES,CUST-0290,2026-07-11T22:46:21Z,US,atm,0
TXN-2026-02041,46.99,pos,JEWELRY,CUST-0375,2026-06-12T14:40:46Z,SA,atm,0
TXN-2026-02042,48.79,pos,UTILITIES,CUST-0414,2026-06-17T12:55:00Z,GB,mobile,0
TXN-2026-02043,250.73,transfer,ELECTRONICS,CUST-0670,2026-06-27T05:16:02Z,GB,mobile,0
TXN-2026-02044,51.27,transfer,HOME_GOODS,CUST-0004,2026-06-04T21:17:51Z,SA,atm,0
TXN-2026-02045,23.8,pos,HEALTHCARE,CUST-0173,2026-07-21T21:10:08Z,SA,web,0
TXN-2026-02046,30.6,pos,TRAVEL,CUST-0186,2026-07-01T10:55:09Z,SA,pos_terminal,0
TXN-2026-02047,192.09,pos,GROCERY,CUST-0002,2026-06-29T19:51:07Z,SA,pos_terminal,0
TXN-2026-02048,35.24,ecom,TELECOM,CUST-0105,2026-07-23T10:12:20Z,GB,web,0
TXN-2026-02049,49.24,atm,FUEL,CUST-0008,2026-07-30T21:23:31Z,SA,atm,0
TXN-2026-02050,5.0,pos,JEWELRY,CUST-0030,2026-06-22T07:19:04Z,EG,web,0
TXN-2026-02051,124.58,pos,ENTERTAINMENT,CUST-0672,2026-06-19T23:56:40Z,SA,mobile,0
TXN-2026-02052,418.13,ecom,JEWELRY,CUST-0657,2026-06-25T07:48:22Z,GB,mobile,0
TXN-2026-02053,806.26,pos,TRAVEL,CUST-0792,2026-06-29T08:59:58Z,SA,atm,0
TXN-2026-02054,773.63,pos,PHARMACY,CUST-0015,2026-07-29T15:50:23Z,AE,mobile,0
TXN-2026-02055,103.56,pos,FUEL,CUST-0755,2026-07-11T01:44:19Z,EG,web,0
TXN-2026-02056,40.92,pos,FUEL,CUST-0557,2026-06-15T14:48:17Z,EG,atm,0
TXN-2026-02057,15.53,pos,TELECOM,CUST-0455,2026-06-05T09:37:57Z,SA,web,0
TXN-2026-02058,9.2,pos,FASHION,CUST-0651,2026-07-10T19:10:40Z,US,pos_terminal,0
TXN-2026-02059,258.55,pos,TELECOM,CUST-0185,2026-07-14T05:15:47Z,SA,pos_terminal,0
TXN-2026-02060,262.69,ecom,EDUCATION,CUST-0309,2026-07-17T10:21:15Z,US,mobile,0
TXN-2026-02061,21.6,transfer,FUEL,CUST-0599,2026-07-22T12:00:10Z,AE,web,0
TXN-2026-02062,15.18,pos,EDUCATION,CUST-0063,2026-07-10T10:43:38Z,AE,pos_terminal,0
TXN-2026-02063,48.9,ecom,EDUCATION,CUST-0656,2026-06-03T08:01:58Z,SA,atm,0
TXN-2026-02064,131.6,ecom,ELECTRONICS,CUST-0707,2026-06-19T05:38:08Z,SA,mobile,0
TXN-2026-02065,51.94,pos,ELECTRONICS,CUST-0788,2026-06-12T12:24:38Z,SA,atm,0
TXN-2026-02066,833.62,pos,TRAVEL,CUST-0006,2026-06-14T03:53:14Z,SA,mobile,0
TXN-2026-02067,46.02,pos,GROCERY,CUST-0008,2026-06-04T03:36:15Z,SA,web,0
TXN-2026-02068,454.47,ecom,ENTERTAINMENT,CUST-0232,2026-06-28T03:24:09Z,SA,pos_terminal,0
TXN-2026-02069,19.69,pos,HEALTHCARE,CUST-0505,2026-07-08T19:51:57Z,SA,web,1
TXN-2026-02070,125.96,pos,EDUCATION,CUST-0799,2026-07-29T17:49:04Z,AE,pos_terminal,0
TXN-2026-02071,239.04,pos,EDUCATION,CUST-0251,2026-07-19T11:12:43Z,SA,mobile,0
TXN-2026-02072,134.92,pos,FUEL,CUST-0511,2026-06-23T05:42:30Z,US,mobile,0
TXN-2026-02073,70.4,atm,UTILITIES,CUST-0089,2026-06-27T21:04:51Z,SA,web,0
TXN-2026-02074,135.67,ecom,FUEL,CUST-0071,2026-07-30T14:01:24Z,GB,atm,0
TXN-2026-02075,107.52,ecom,JEWELRY,CUST-0701,2026-07-26T04:24:52Z,AE,pos_terminal,0
TXN-2026-02076,386.6,pos,FASHION,CUST-0510,2026-06-13T00:02:01Z,SA,atm,0
TXN-2026-02077,2812.49,ecom,TELECOM,CUST-0771,2026-07-15T22:04:13Z,SA,pos_terminal,0
TXN-2026-02078,432.55,ecom,JEWELRY,CUST-0614,2026-06-14T04:30:48Z,AE,mobile,0
TXN-2026-02079,358.59,pos,ONLINE_SERVICES,CUST-0509,2026-06-02T12:51:22Z,SA,atm,0
TXN-2026-02080,149.79,pos,HOME_GOODS,CUST-0189,2026-07-27T11:04:51Z,SA,atm,0
TXN-2026-02081,48.53,transfer,TELECOM,CUST-0226,2026-07-30T12:39:30Z,US,pos_terminal,0
TXN-2026-02082,30.26,pos,FUEL,CUST-0524,2026-07-22T18:18:45Z,EG,mobile,0
TXN-2026-02083,14.64,transfer,ONLINE_SERVICES,CUST-0006,2026-06-21T12:34:59Z,EG,mobile,0
TXN-2026-02084,551.59,pos,FUEL,CUST-0689,2026-07-27T13:45:31Z,SA,web,0
TXN-2026-02085,239.2,atm,FASHION,CUST-0599,2026-06-09T02:08:36Z,SA,pos_terminal,0
TXN-2026-02086,34.05,pos,GROCERY,CUST-0673,2026-07-06T22:59:54Z,SA,pos_terminal,0
TXN-2026-02087,25.68,atm,TRAVEL,CUST-0475,2026-06-19T22:41:03Z,GB,mobile,0
TXN-2026-02088,36.55,ecom,TRAVEL,CUST-0666,2026-07-14T04:49:15Z,SA,atm,0
TXN-2026-02089,43.56,ecom,FASHION,CUST-0582,2026-06-26T15:25:49Z,GB,mobile,0
TXN-2026-02090,78.48,ecom,UTILITIES,CUST-0417,2026-06-09T04:01:52Z,SA,pos_terminal,0
TXN-2026-02091,164.41,atm,HOME_GOODS,CUST-0260,2026-07-19T06:27:54Z,GB,atm,1
TXN-2026-02092,83.75,pos,HEALTHCARE,CUST-0522,2026-07-17T23:40:05Z,SA,atm,0
TXN-2026-02093,17.07,transfer,TELECOM,CUST-0622,2026-06-09T00:35:23Z,US,pos_terminal,0
TXN-2026-02094,12.58,pos,RESTAURANT,CUST-0054,2026-07-19T02:58:36Z,SA,pos_terminal,0
TXN-2026-02095,43.75,pos,TELECOM,CUST-0001,2026-07-01T11:50:57Z,SA,mobile,0
TXN-2026-02096,389.44,ecom,ONLINE_SERVICES,CUST-0537,2026-06-03T09:16:40Z,SA,mobile,0
TXN-2026-02097,28.07,pos,JEWELRY,CUST-0416,2026-07-24T10:12:33Z,SA,pos_terminal,0
TXN-2026-02098,74.57,ecom,ENTERTAINMENT,CUST-0223,2026-06-13T01:39:40Z,SA,mobile,0
TXN-2026-02099,237.7,pos,ENTERTAINMENT,CUST-0289,2026-06-17T01:05:59Z,SA,web,0
TXN-2026-02100,141.94,pos,TELECOM,CUST-0673,2026-07-12T22:13:30Z,SA,atm,0
TXN-2026-02101,94.14,transfer,JEWELRY,CUST-0435,2026-07-24T12:28:22Z,SA,web,0
TXN-2026-02102,3176.1,ecom,GROCERY,CUST-0068,2026-06-22T17:13:23Z,SA,pos_terminal,0
TXN-2026-02103,25.84,pos,HEALTHCARE,CUST-0433,2026-06-24T07:15:37Z,SA,pos_terminal,0
TXN-2026-02104,113.36,ecom,ELECTRONICS,CUST-0410,2026-07-01T10:35:02Z,SA,pos_terminal,0
TXN-2026-02105,339.22,ecom,HOME_GOODS,CUST-0562,2026-06-11T14:11:30Z,US,atm,0
TXN-2026-02106,20.26,pos,PHARMACY,CUST-0663,2026-07-18T22:03:10Z,EG,web,0
TXN-2026-02107,216.11,transfer,GROCERY,CUST-0110,2026-06-13T00:34:58Z,GB,web,0
TXN-2026-02108,599.13,ecom,EDUCATION,CUST-0009,2026-07-16T05:30:50Z,GB,atm,0
TXN-2026-02109,83.51,atm,JEWELRY,CUST-0124,2026-07-15T23:30:41Z,US,web,1
TXN-2026-02110,161.63,pos,ENTERTAINMENT,CUST-0618,2026-06-19T21:18:31Z,SA,mobile,0
TXN-2026-02111,19.86,ecom,ENTERTAINMENT,CUST-0709,2026-07-30T22:57:27Z,SA,atm,0
TXN-2026-02112,92.65,ecom,FUEL,CUST-0374,2026-07-20T14:26:18Z,SA,atm,0
TXN-2026-02113,118.52,pos,ONLINE_SERVICES,CUST-0273,2026-07-30T09:08:43Z,US,pos_terminal,0
TXN-2026-02114,277.37,ecom,HEALTHCARE,CUST-0470,2026-06-16T19:45:00Z,GB,mobile,0
TXN-2026-02115,16.83,pos,ELECTRONICS,CUST-0432,2026-07-08T03:05:58Z,EG,mobile,0
TXN-2026-02116,62.95,pos,FUEL,CUST-0099,2026-06-03T04:25:22Z,SA,pos_terminal,0
TXN-2026-02117,35.11,transfer,RESTAURANT,CUST-0570,2026-07-03T22:13:22Z,GB,mobile,0
TXN-2026-02118,69.54,pos,FUEL,CUST-0111,2026-06-17T12:15:57Z,US,atm,0
TXN-2026-02119,72.87,pos,RESTAURANT,CUST-0160,2026-07-13T13:27:23Z,SA,web,0
TXN-2026-02120,486.57,pos,HOME_GOODS,CUST-0552,2026-07-18T21:42:09Z,SA,atm,0
TXN-2026-02121,297.72,atm,PHARMACY,CUST-0387,2026-07-23T04:31:56Z,SA,atm,0
TXN-2026-02122,402.04,ecom,TELECOM,CUST-0208,2026-06-16T10:57:26Z,SA,atm,0
TXN-2026-02123,88.15,pos,GROCERY,CUST-0014,2026-06-29T16:07:46Z,SA,pos_terminal,0
TXN-2026-02124,1293.7,transfer,TRAVEL,CUST-0545,2026-06-15T10:44:17Z,SA,pos_terminal,0
TXN-2026-02125,238.8,ecom,ONLINE_SERVICES,CUST-0640,2026-06-17T22:14:40Z,GB,atm,0
TXN-2026-02126,264.12,atm,FUEL,CUST-0249,2026-06-05T11:54:55Z,AE,atm,0
TXN-2026-02127,231.3,atm,TELECOM,CUST-0004,2026-07-24T02:02:22Z,SA,web,1
TXN-2026-02128,26.69,pos,TELECOM,CUST-0628,2026-07-03T09:08:06Z,SA,pos_terminal,0
TXN-2026-02129,468.13,ecom,PHARMACY,CUST-0418,2026-06-07T12:51:31Z,US,atm,0
TXN-2026-02130,22.56,ecom,ENTERTAINMENT,CUST-0101,2026-07-13T16:34:51Z,SA,atm,0
TXN-2026-02131,15.59,ecom,GROCERY,CUST-0681,2026-07-27T20:10:29Z,US,web,0
TXN-2026-02132,39.4,pos,FUEL,CUST-0189,2026-07-03T00:36:44Z,SA,atm,0
TXN-2026-02133,532.31,pos,JEWELRY,CUST-0333,2026-07-28T22:34:38Z,SA,atm,0
TXN-2026-02134,84.65,pos,PHARMACY,CUST-0598,2026-06-21T10:39:30Z,GB,atm,0
TXN-2026-02135,82.6,pos,GROCERY,CUST-0508,2026-07-06T11:47:34Z,SA,pos_terminal,0
TXN-2026-02136,12.94,transfer,TELECOM,CUST-0075,2026-06-07T12:21:30Z,SA,mobile,0
TXN-2026-02137,503.54,atm,PHARMACY,CUST-0361,2026-06-29T02:41:07Z,AE,atm,1
TXN-2026-02138,24.34,pos,GROCERY,CUST-0668,2026-07-11T05:33:28Z,GB,pos_terminal,0
TXN-2026-02139,87.56,pos,TRAVEL,CUST-0658,2026-06-07T23:56:09Z,EG,mobile,0
TXN-2026-02140,22.03,pos,UTILITIES,CUST-0520,2026-07-07T00:25:42Z,EG,web,0
TXN-2026-02141,28.88,ecom,HOME_GOODS,CUST-0418,2026-06-25T05:56:02Z,SA,atm,0
TXN-2026-02142,42.79,transfer,EDUCATION,CUST-0021,2026-06-25T20:45:27Z,SA,pos_terminal,0
TXN-2026-02143,128.11,transfer,HEALTHCARE,CUST-0481,2026-07-27T22:05:51Z,AE,pos_terminal,0
TXN-2026-02144,207.53,transfer,PHARMACY,CUST-0680,2026-07-17T12:34:57Z,GB,web,0
TXN-2026-02145,19.61,pos,HEALTHCARE,CUST-0225,2026-06-28T17:34:42Z,US,pos_terminal,0
TXN-2026-02146,306.5,pos,HEALTHCARE,CUST-0527,2026-07-21T09:35:47Z,SA,pos_terminal,0
TXN-2026-02147,121.0,atm,RESTAURANT,CUST-0427,2026-06-20T16:20:15Z,SA,mobile,0
TXN-2026-02148,72.02,ecom,JEWELRY,CUST-0472,2026-07-28T19:18:15Z,SA,atm,0
TXN-2026-02149,11.8,pos,RESTAURANT,CUST-0665,2026-06-24T23:02:38Z,SA,pos_terminal,0
TXN-2026-02150,189.24,ecom,GROCERY,CUST-0170,2026-06-03T22:29:28Z,SA,atm,0
TXN-2026-02151,67.6,ecom,TELECOM,CUST-0277,2026-07-14T00:15:35Z,SA,mobile,0
TXN-2026-02152,15.04,ecom,PHARMACY,CUST-0344,2026-06-01T09:21:01Z,SA,mobile,0
TXN-2026-02153,18.11,transfer,ONLINE_SERVICES,CUST-0143,2026-07-14T21:14:52Z,SA,atm,0
TXN-2026-02154,567.09,pos,ELECTRONICS,CUST-0777,2026-06-07T03:09:15Z,EG,mobile,0
TXN-2026-02155,55.04,atm,HOME_GOODS,CUST-0190,2026-07-24T21:24:57Z,SA,pos_terminal,0
TXN-2026-02156,77.77,ecom,ENTERTAINMENT,CUST-0053,2026-07-16T21:22:22Z,AE,pos_terminal,0
TXN-2026-02157,84.97,atm,HOME_GOODS,CUST-0042,2026-07-01T21:57:59Z,AE,pos_terminal,0
TXN-2026-02158,483.39,atm,RESTAURANT,CUST-0321,2026-07-30T13:08:30Z,SA,mobile,0
TXN-2026-02159,38.21,pos,HOME_GOODS,CUST-0395,2026-06-28T23:46:48Z,SA,atm,0
TXN-2026-02160,22.25,pos,FUEL,CUST-0104,2026-06-08T16:50:41Z,GB,atm,0
TXN-2026-02161,209.26,ecom,ELECTRONICS,CUST-0435,2026-06-02T07:59:39Z,EG,mobile,0
TXN-2026-02162,25.07,transfer,FASHION,CUST-0506,2026-07-17T19:52:37Z,SA,web,0
TXN-2026-02163,12.68,ecom,ELECTRONICS,CUST-0234,2026-07-23T16:58:35Z,SA,pos_terminal,0
TXN-2026-02164,68.87,ecom,UTILITIES,CUST-0093,2026-07-09T07:25:19Z,EG,mobile,0
TXN-2026-02165,30.77,pos,RESTAURANT,CUST-0740,2026-07-20T11:28:24Z,GB,web,0
TXN-2026-02166,42.66,pos,PHARMACY,CUST-0066,2026-07-28T02:33:54Z,SA,pos_terminal,0
TXN-2026-02167,209.1,atm,UTILITIES,CUST-0087,2026-07-08T15:30:07Z,SA,pos_terminal,1
TXN-2026-02168,205.33,ecom,ELECTRONICS,CUST-0151,2026-07-21T10:51:04Z,GB,web,0
TXN-2026-02169,820.69,ecom,ELECTRONICS,CUST-0145,2026-07-02T07:52:39Z,SA,web,0
TXN-2026-02170,52.59,pos,ONLINE_SERVICES,CUST-0564,2026-06-28T15:07:49Z,SA,pos_terminal,0
TXN-2026-02171,36.01,pos,FASHION,CUST-0002,2026-07-10T23:05:23Z,SA,mobile,0
TXN-2026-02172,170.16,pos,EDUCATION,CUST-0326,2026-07-22T16:15:35Z,GB,mobile,0
TXN-2026-02173,212.43,atm,TRAVEL,CUST-0355,2026-06-29T12:03:15Z,SA,pos_terminal,1
TXN-2026-02174,38.15,ecom,RESTAURANT,CUST-0800,2026-06-30T21:22:19Z,SA,web,0
TXN-2026-02175,473.27,pos,RESTAURANT,CUST-0046,2026-06-29T05:04:03Z,EG,mobile,1
TXN-2026-02176,81.63,pos,ELECTRONICS,CUST-0288,2026-06-01T03:15:34Z,SA,pos_terminal,0
TXN-2026-02177,57.78,pos,HEALTHCARE,CUST-0758,2026-07-20T20:26:14Z,US,mobile,0
TXN-2026-02178,140.78,ecom,UTILITIES,CUST-0579,2026-06-25T19:00:29Z,AE,atm,1
TXN-2026-02179,111.79,pos,FASHION,CUST-0363,2026-06-04T15:58:00Z,GB,mobile,0
TXN-2026-02180,2212.17,ecom,HOME_GOODS,CUST-0276,2026-07-13T17:53:38Z,EG,mobile,0
TXN-2026-02181,1276.14,atm,TELECOM,CUST-0083,2026-07-10T08:51:41Z,AE,pos_terminal,1
TXN-2026-02182,24.09,pos,ENTERTAINMENT,CUST-0373,2026-06-22T12:52:07Z,SA,atm,0
TXN-2026-02183,443.47,ecom,ELECTRONICS,CUST-0752,2026-07-03T13:48:09Z,US,web,0
TXN-2026-02184,24.89,pos,HEALTHCARE,CUST-0411,2026-07-30T14:34:14Z,SA,pos_terminal,0
TXN-2026-02185,139.96,atm,JEWELRY,CUST-0558,2026-06-03T05:46:08Z,SA,pos_terminal,0
TXN-2026-02186,52.85,pos,EDUCATION,CUST-0071,2026-07-02T13:13:46Z,SA,mobile,0
TXN-2026-02187,112.27,pos,ELECTRONICS,CUST-0469,2026-07-13T03:23:11Z,AE,web,1
TXN-2026-02188,19.83,transfer,HEALTHCARE,CUST-0407,2026-06-27T08:30:01Z,AE,atm,0
TXN-2026-02189,415.01,ecom,ENTERTAINMENT,CUST-0608,2026-07-06T17:49:14Z,SA,mobile,0
TXN-2026-02190,414.78,ecom,ONLINE_SERVICES,CUST-0226,2026-07-17T07:44:53Z,SA,pos_terminal,0
TXN-2026-02191,9.51,transfer,ONLINE_SERVICES,CUST-0799,2026-07-01T01:24:21Z,SA,pos_terminal,0
TXN-2026-02192,13.78,pos,HEALTHCARE,CUST-0271,2026-06-11T04:32:10Z,AE,atm,0
TXN-2026-02193,486.34,pos,ONLINE_SERVICES,CUST-0117,2026-07-01T10:43:28Z,AE,atm,0
TXN-2026-02194,195.69,ecom,ONLINE_SERVICES,CUST-0596,2026-07-30T04:06:31Z,SA,mobile,0
TXN-2026-02195,9.87,pos,HEALTHCARE,CUST-0428,2026-07-13T03:57:00Z,US,mobile,0
TXN-2026-02196,117.51,atm,HOME_GOODS,CUST-0648,2026-06-27T06:53:06Z,SA,atm,0
TXN-2026-02197,112.42,ecom,EDUCATION,CUST-0183,2026-06-20T19:26:13Z,GB,mobile,0
TXN-2026-02198,459.21,ecom,HEALTHCARE,CUST-0217,2026-07-27T18:03:25Z,SA,mobile,0
TXN-2026-02199,18.16,pos,ENTERTAINMENT,CUST-0512,2026-07-15T05:07:24Z,SA,web,0
TXN-2026-02200,18.76,atm,RESTAURANT,CUST-0124,2026-07-04T10:17:37Z,SA,mobile,0
TXN-2026-02201,101.24,ecom,ONLINE_SERVICES,CUST-0488,2026-07-04T10:32:14Z,EG,atm,0
TXN-2026-02202,290.61,ecom,TELECOM,CUST-0241,2026-06-08T04:30:54Z,AE,web,0
TXN-2026-02203,9.67,transfer,PHARMACY,CUST-0796,2026-07-18T05:20:35Z,SA,pos_terminal,0
TXN-2026-02204,123.39,atm,TELECOM,CUST-0432,2026-07-15T17:25:14Z,AE,pos_terminal,0
TXN-2026-02205,20.99,pos,RESTAURANT,CUST-0569,2026-07-20T01:38:15Z,SA,atm,0
TXN-2026-02206,585.73,ecom,PHARMACY,CUST-0534,2026-07-12T18:27:44Z,AE,pos_terminal,0
TXN-2026-02207,354.24,pos,HEALTHCARE,CUST-0645,2026-07-15T03:29:30Z,SA,pos_terminal,0
TXN-2026-02208,60.29,transfer,FUEL,CUST-0779,2026-07-27T06:13:39Z,GB,web,0
TXN-2026-02209,35.48,pos,UTILITIES,CUST-0140,2026-06-01T22:58:11Z,AE,web,0
TXN-2026-02210,458.94,pos,HOME_GOODS,CUST-0662,2026-07-24T23:14:51Z,SA,atm,0
TXN-2026-02211,45.79,pos,TELECOM,CUST-0445,2026-07-19T17:55:54Z,AE,web,0
TXN-2026-02212,8.39,pos,HEALTHCARE,CUST-0685,2026-07-19T11:00:44Z,AE,atm,0
TXN-2026-02213,127.77,ecom,JEWELRY,CUST-0121,2026-06-22T13:17:00Z,AE,mobile,0
TXN-2026-02214,93.9,pos,JEWELRY,CUST-0360,2026-06-13T14:02:20Z,AE,web,0
TXN-2026-02215,380.27,ecom,JEWELRY,CUST-0649,2026-07-26T02:42:57Z,SA,mobile,0
TXN-2026-02216,12.77,pos,ONLINE_SERVICES,CUST-0326,2026-07-08T05:02:40Z,SA,web,0
TXN-2026-02217,170.65,transfer,FUEL,CUST-0680,2026-07-07T11:14:14Z,US,mobile,0
TXN-2026-02218,24.55,atm,UTILITIES,CUST-0096,2026-07-24T19:50:14Z,AE,web,0
TXN-2026-02219,6.81,pos,UTILITIES,CUST-0003,2026-06-18T13:12:12Z,AE,web,0
TXN-2026-02220,80.62,pos,PHARMACY,CUST-0264,2026-07-10T08:46:02Z,US,pos_terminal,0
TXN-2026-02221,484.78,pos,ONLINE_SERVICES,CUST-0576,2026-06-22T00:28:17Z,SA,pos_terminal,0
TXN-2026-02222,474.11,ecom,PHARMACY,CUST-0023,2026-07-04T19:23:38Z,AE,atm,0
TXN-2026-02223,502.56,atm,ONLINE_SERVICES,CUST-0438,2026-06-21T06:20:38Z,SA,atm,0
TXN-2026-02224,243.98,pos,ELECTRONICS,CUST-0046,2026-06-01T01:48:37Z,EG,pos_terminal,0
TXN-2026-02225,249.97,transfer,HEALTHCARE,CUST-0282,2026-07-13T12:33:27Z,US,atm,0
TXN-2026-02226,85.98,ecom,ENTERTAINMENT,CUST-0626,2026-07-12T00:55:55Z,US,mobile,0
TXN-2026-02227,23.82,pos,EDUCATION,CUST-0085,2026-07-21T22:59:28Z,SA,pos_terminal,0
TXN-2026-02228,28.61,pos,HEALTHCARE,CUST-0368,2026-06-05T17:46:32Z,US,mobile,0
TXN-2026-02229,229.13,ecom,HEALTHCARE,CUST-0268,2026-07-15T06:23:39Z,US,pos_terminal,1
TXN-2026-02230,18.69,pos,TELECOM,CUST-0285,2026-06-27T13:54:45Z,SA,atm,0
TXN-2026-02231,18.46,transfer,TELECOM,CUST-0768,2026-06-05T15:53:44Z,SA,pos_terminal,0
TXN-2026-02232,194.59,pos,GROCERY,CUST-0128,2026-07-26T21:54:15Z,EG,atm,0
TXN-2026-02233,37.56,ecom,EDUCATION,CUST-0309,2026-07-19T07:33:41Z,AE,web,0
TXN-2026-02234,37.48,atm,HOME_GOODS,CUST-0417,2026-06-21T16:22:14Z,SA,mobile,0
TXN-2026-02235,182.78,ecom,FUEL,CUST-0450,2026-07-22T19:41:13Z,SA,pos_terminal,0
TXN-2026-02236,144.05,atm,TRAVEL,CUST-0516,2026-06-25T15:03:57Z,SA,atm,0
TXN-2026-02237,44.06,pos,FASHION,CUST-0766,2026-07-11T19:16:25Z,US,web,0
TXN-2026-02238,29.63,pos,TRAVEL,CUST-0551,2026-07-14T13:05:30Z,SA,atm,0
TXN-2026-02239,38.6,pos,PHARMACY,CUST-0309,2026-06-12T21:26:56Z,SA,atm,0
TXN-2026-02240,157.02,pos,PHARMACY,CUST-0402,2026-07-28T17:58:56Z,GB,atm,0
TXN-2026-02241,87.46,ecom,UTILITIES,CUST-0384,2026-06-19T16:45:21Z,SA,pos_terminal,0
TXN-2026-02242,10.3,ecom,EDUCATION,CUST-0457,2026-06-02T07:30:24Z,GB,atm,0
TXN-2026-02243,68.66,pos,HOME_GOODS,CUST-0154,2026-06-06T09:38:28Z,EG,web,0
TXN-2026-02244,312.38,pos,ENTERTAINMENT,CUST-0078,2026-06-14T01:39:37Z,SA,mobile,0
TXN-2026-02245,50.71,pos,FUEL,CUST-0757,2026-07-03T04:15:47Z,AE,pos_terminal,0
TXN-2026-02246,29.48,transfer,EDUCATION,CUST-0538,2026-06-24T07:21:11Z,SA,web,0
TXN-2026-02247,14.32,transfer,UTILITIES,CUST-0700,2026-07-25T18:47:05Z,SA,mobile,0
TXN-2026-02248,881.08,ecom,EDUCATION,CUST-0316,2026-06-05T02:38:44Z,US,pos_terminal,1
TXN-2026-02249,71.19,ecom,HEALTHCARE,CUST-0326,2026-06-20T23:19:30Z,GB,atm,0
TXN-2026-02250,105.95,ecom,UTILITIES,CUST-0523,2026-06-01T08:46:29Z,US,atm,0
TXN-2026-02251,340.16,atm,HEALTHCARE,CUST-0561,2026-07-16T04:23:25Z,EG,pos_terminal,1
TXN-2026-02252,589.76,ecom,FASHION,CUST-0658,2026-07-15T07:00:46Z,SA,web,0
TXN-2026-02253,181.89,pos,ENTERTAINMENT,CUST-0324,2026-06-28T05:58:09Z,SA,pos_terminal,1
TXN-2026-02254,81.17,pos,ELECTRONICS,CUST-0069,2026-06-20T15:19:28Z,SA,web,0
TXN-2026-02255,46.94,ecom,PHARMACY,CUST-0751,2026-07-26T09:52:08Z,SA,web,0
TXN-2026-02256,25.95,pos,GROCERY,CUST-0269,2026-07-12T07:53:22Z,SA,atm,0
TXN-2026-02257,27.91,pos,RESTAURANT,CUST-0491,2026-06-24T02:32:43Z,SA,mobile,0
TXN-2026-02258,222.4,pos,FASHION,CUST-0527,2026-06-06T11:13:39Z,EG,web,0
TXN-2026-02259,484.65,atm,EDUCATION,CUST-0352,2026-07-04T09:45:56Z,SA,web,0
TXN-2026-02260,42.73,transfer,PHARMACY,CUST-0568,2026-07-27T03:24:29Z,EG,web,0
TXN-2026-02261,234.14,pos,JEWELRY,CUST-0602,2026-07-06T22:48:02Z,SA,web,0
TXN-2026-02262,110.78,atm,HOME_GOODS,CUST-0067,2026-07-16T19:52:11Z,AE,web,0
TXN-2026-02263,1683.72,ecom,RESTAURANT,CUST-0475,2026-06-07T05:04:32Z,EG,web,1
TXN-2026-02264,38.7,pos,ELECTRONICS,CUST-0198,2026-06-13T07:05:21Z,EG,pos_terminal,0
TXN-2026-02265,168.65,pos,GROCERY,CUST-0229,2026-06-29T14:34:05Z,SA,mobile,0
TXN-2026-02266,97.04,pos,ONLINE_SERVICES,CUST-0759,2026-06-21T10:29:26Z,US,web,0
TXN-2026-02267,128.95,pos,JEWELRY,CUST-0311,2026-07-08T03:09:26Z,AE,pos_terminal,0
TXN-2026-02268,40.98,pos,ELECTRONICS,CUST-0427,2026-06-02T01:57:48Z,SA,web,0
TXN-2026-02269,368.62,ecom,FUEL,CUST-0415,2026-07-11T12:10:41Z,US,atm,0
TXN-2026-02270,53.95,ecom,UTILITIES,CUST-0032,2026-07-30T22:05:47Z,SA,mobile,0
TXN-2026-02271,545.48,ecom,TELECOM,CUST-0650,2026-06-09T04:35:40Z,GB,mobile,0
TXN-2026-02272,213.45,pos,GROCERY,CUST-0162,2026-06-22T19:31:47Z,SA,pos_terminal,0
TXN-2026-02273,92.31,ecom,ELECTRONICS,CUST-0149,2026-07-16T01:21:43Z,SA,web,0
TXN-2026-02274,53.64,pos,EDUCATION,CUST-0529,2026-06-02T05:50:59Z,SA,pos_terminal,0
TXN-2026-02275,90.21,pos,EDUCATION,CUST-0489,2026-06-06T20:32:46Z,EG,atm,0
TXN-2026-02276,21.02,pos,GROCERY,CUST-0705,2026-07-11T11:27:51Z,SA,web,0
TXN-2026-02277,49.84,pos,TELECOM,CUST-0523,2026-07-29T19:39:53Z,SA,mobile,0
TXN-2026-02278,825.3,transfer,FUEL,CUST-0675,2026-06-09T18:01:56Z,SA,mobile,0
TXN-2026-02279,174.74,transfer,ENTERTAINMENT,CUST-0010,2026-07-19T14:57:56Z,SA,mobile,0
TXN-2026-02280,454.2,pos,ELECTRONICS,CUST-0018,2026-07-25T16:37:51Z,EG,web,0
TXN-2026-02281,140.62,pos,HEALTHCARE,CUST-0316,2026-07-22T18:46:03Z,EG,web,0
TXN-2026-02282,110.54,ecom,ONLINE_SERVICES,CUST-0132,2026-07-18T13:30:13Z,SA,pos_terminal,0
TXN-2026-02283,28.75,pos,JEWELRY,CUST-0506,2026-07-04T12:52:40Z,US,pos_terminal,0
TXN-2026-02284,437.84,pos,TELECOM,CUST-0677,2026-06-12T05:33:57Z,SA,mobile,0
TXN-2026-02285,57.78,pos,GROCERY,CUST-0252,2026-06-22T13:34:46Z,AE,atm,0
TXN-2026-02286,18.04,ecom,JEWELRY,CUST-0420,2026-06-15T15:17:46Z,AE,pos_terminal,0
TXN-2026-02287,16.23,pos,RESTAURANT,CUST-0237,2026-07-28T11:43:50Z,EG,web,0
TXN-2026-02288,169.06,ecom,FASHION,CUST-0717,2026-06-18T02:43:04Z,AE,atm,1
TXN-2026-02289,463.12,pos,ELECTRONICS,CUST-0455,2026-07-21T19:39:31Z,US,pos_terminal,0
TXN-2026-02290,266.09,ecom,PHARMACY,CUST-0275,2026-06-23T20:27:19Z,SA,atm,0
TXN-2026-02291,41.79,pos,EDUCATION,CUST-0740,2026-06-12T01:53:07Z,US,web,0
TXN-2026-02292,223.68,atm,PHARMACY,CUST-0088,2026-06-10T05:59:17Z,SA,web,0
TXN-2026-02293,105.99,pos,UTILITIES,CUST-0221,2026-06-27T17:03:36Z,AE,atm,0
TXN-2026-02294,122.87,transfer,EDUCATION,CUST-0051,2026-06-03T08:00:50Z,SA,web,0
TXN-2026-02295,313.47,atm,ENTERTAINMENT,CUST-0342,2026-07-27T16:25:25Z,GB,mobile,0
TXN-2026-02296,220.75,pos,FUEL,CUST-0335,2026-07-08T04:57:25Z,SA,atm,0
TXN-2026-02297,147.17,ecom,TRAVEL,CUST-0413,2026-06-22T23:13:25Z,AE,mobile,0
TXN-2026-02298,186.9,pos,JEWELRY,CUST-0708,2026-06-29T23:40:59Z,SA,pos_terminal,0
TXN-2026-02299,166.7,transfer,HEALTHCARE,CUST-0366,2026-06-16T00:43:31Z,GB,pos_terminal,0
TXN-2026-02300,33.53,pos,TELECOM,CUST-0563,2026-06-17T06:38:23Z,US,atm,0
TXN-2026-02301,69.68,pos,ONLINE_SERVICES,CUST-0003,2026-07-13T18:44:36Z,SA,mobile,0
TXN-2026-02302,114.32,pos,TRAVEL,CUST-0384,2026-06-20T03:50:19Z,SA,pos_terminal,0
TXN-2026-02303,1139.93,ecom,JEWELRY,CUST-0635,2026-07-04T20:21:42Z,GB,pos_terminal,0
TXN-2026-02304,69.76,pos,EDUCATION,CUST-0445,2026-06-20T23:39:16Z,SA,pos_terminal,0
TXN-2026-02305,72.64,ecom,PHARMACY,CUST-0674,2026-06-01T18:17:49Z,SA,atm,0
TXN-2026-02306,29.19,pos,HOME_GOODS,CUST-0711,2026-07-08T14:29:07Z,SA,mobile,0
TXN-2026-02307,547.17,ecom,RESTAURANT,CUST-0474,2026-06-17T07:42:04Z,AE,atm,1
TXN-2026-02308,274.32,transfer,ENTERTAINMENT,CUST-0361,2026-06-17T03:14:21Z,AE,atm,0
TXN-2026-02309,102.41,pos,RESTAURANT,CUST-0665,2026-06-16T04:34:23Z,EG,pos_terminal,0
TXN-2026-02310,138.97,ecom,ONLINE_SERVICES,CUST-0794,2026-07-24T15:23:59Z,SA,atm,0
TXN-2026-02311,195.17,atm,FASHION,CUST-0544,2026-06-13T13:10:15Z,SA,pos_terminal,0
TXN-2026-02312,6.51,pos,ELECTRONICS,CUST-0308,2026-06-29T20:45:06Z,AE,atm,0
TXN-2026-02313,24.8,pos,FASHION,CUST-0711,2026-06-21T18:21:02Z,SA,atm,0
TXN-2026-02314,29.31,ecom,FUEL,CUST-0382,2026-06-13T19:52:24Z,SA,mobile,0
TXN-2026-02315,690.95,atm,EDUCATION,CUST-0675,2026-07-21T20:17:36Z,SA,atm,0
TXN-2026-02316,49.17,ecom,JEWELRY,CUST-0718,2026-06-26T22:09:07Z,EG,web,0
TXN-2026-02317,214.55,pos,UTILITIES,CUST-0435,2026-06-16T11:56:43Z,EG,atm,0
TXN-2026-02318,161.03,ecom,TRAVEL,CUST-0060,2026-07-20T02:13:14Z,EG,mobile,1
TXN-2026-02319,226.61,pos,ENTERTAINMENT,CUST-0195,2026-07-02T20:19:39Z,SA,atm,0
TXN-2026-02320,62.35,transfer,PHARMACY,CUST-0689,2026-07-07T13:28:49Z,SA,pos_terminal,0
TXN-2026-02321,32.91,pos,GROCERY,CUST-0684,2026-07-11T13:53:23Z,SA,atm,0
TXN-2026-02322,112.07,pos,HOME_GOODS,CUST-0526,2026-07-17T15:51:37Z,AE,mobile,0
TXN-2026-02323,144.27,pos,ONLINE_SERVICES,CUST-0400,2026-06-17T20:42:10Z,EG,web,0
TXN-2026-02324,69.63,transfer,ONLINE_SERVICES,CUST-0085,2026-07-07T04:53:21Z,AE,atm,0
TXN-2026-02325,102.7,ecom,FASHION,CUST-0271,2026-06-14T05:23:43Z,EG,pos_terminal,0
TXN-2026-02326,443.83,pos,ELECTRONICS,CUST-0079,2026-07-13T22:21:05Z,SA,atm,0
TXN-2026-02327,99.57,pos,GROCERY,CUST-0704,2026-07-08T06:28:53Z,US,pos_terminal,0
TXN-2026-02328,37.54,atm,FASHION,CUST-0550,2026-06-11T00:04:16Z,SA,web,1
TXN-2026-02329,33.52,pos,ENTERTAINMENT,CUST-0100,2026-06-25T00:12:00Z,GB,atm,0
TXN-2026-02330,47.44,transfer,GROCERY,CUST-0480,2026-06-28T03:34:15Z,GB,atm,1
TXN-2026-02331,859.62,ecom,HEALTHCARE,CUST-0432,2026-06-12T03:31:09Z,SA,pos_terminal,0
TXN-2026-02332,102.49,pos,GROCERY,CUST-0529,2026-06-25T18:14:02Z,SA,web,0
TXN-2026-02333,68.76,pos,FUEL,CUST-0411,2026-07-10T02:25:02Z,EG,web,0
TXN-2026-02334,7.18,pos,TELECOM,CUST-0021,2026-06-03T18:46:45Z,GB,mobile,0
TXN-2026-02335,134.51,ecom,ONLINE_SERVICES,CUST-0118,2026-07-06T02:47:55Z,EG,mobile,1
TXN-2026-02336,68.88,pos,FUEL,CUST-0558,2026-06-18T05:07:21Z,SA,mobile,0
TXN-2026-02337,618.39,atm,PHARMACY,CUST-0142,2026-06-01T04:11:07Z,US,mobile,0
TXN-2026-02338,16.03,ecom,EDUCATION,CUST-0523,2026-06-24T17:14:48Z,AE,web,0
TXN-2026-02339,216.9,pos,RESTAURANT,CUST-0419,2026-06-06T15:19:21Z,AE,atm,0
TXN-2026-02340,280.28,ecom,PHARMACY,CUST-0791,2026-07-29T02:09:58Z,SA,web,0
TXN-2026-02341,168.44,ecom,ENTERTAINMENT,CUST-0651,2026-06-15T10:51:48Z,GB,mobile,0
TXN-2026-02342,117.39,pos,ENTERTAINMENT,CUST-0505,2026-06-23T13:32:28Z,SA,pos_terminal,0
TXN-2026-02343,237.62,pos,ELECTRONICS,CUST-0392,2026-07-22T07:48:40Z,EG,web,0
TXN-2026-02344,359.33,ecom,ELECTRONICS,CUST-0395,2026-07-24T12:29:29Z,US,mobile,0
TXN-2026-02345,264.77,atm,TELECOM,CUST-0672,2026-07-14T20:42:53Z,SA,mobile,0
TXN-2026-02346,79.48,atm,GROCERY,CUST-0484,2026-07-08T13:47:53Z,GB,pos_terminal,0
TXN-2026-02347,161.46,transfer,PHARMACY,CUST-0271,2026-07-25T01:37:19Z,GB,web,0
TXN-2026-02348,16.69,pos,PHARMACY,CUST-0555,2026-07-25T09:10:30Z,SA,atm,0
TXN-2026-02349,123.37,atm,HEALTHCARE,CUST-0369,2026-06-07T01:30:36Z,GB,atm,0
TXN-2026-02350,162.22,pos,UTILITIES,CUST-0461,2026-06-30T04:32:36Z,GB,web,0
TXN-2026-02351,296.0,pos,UTILITIES,CUST-0520,2026-07-25T11:47:26Z,SA,atm,0
TXN-2026-02352,297.09,ecom,TRAVEL,CUST-0605,2026-06-14T16:08:59Z,US,atm,0
TXN-2026-02353,208.78,atm,ENTERTAINMENT,CUST-0452,2026-07-19T20:13:36Z,US,web,0
TXN-2026-02354,127.22,ecom,TRAVEL,CUST-0509,2026-06-23T03:08:35Z,US,web,0
TXN-2026-02355,35.42,transfer,FASHION,CUST-0669,2026-07-14T07:03:50Z,SA,web,0
TXN-2026-02356,16.37,pos,FUEL,CUST-0236,2026-07-16T00:53:54Z,US,pos_terminal,1
TXN-2026-02357,26.11,pos,TRAVEL,CUST-0627,2026-07-27T12:20:49Z,SA,pos_terminal,0
TXN-2026-02358,112.98,pos,ENTERTAINMENT,CUST-0518,2026-07-21T12:55:16Z,AE,pos_terminal,0
TXN-2026-02359,211.98,pos,ONLINE_SERVICES,CUST-0252,2026-07-04T00:16:10Z,EG,pos_terminal,0
TXN-2026-02360,601.21,ecom,GROCERY,CUST-0147,2026-07-22T00:30:35Z,US,atm,1
TXN-2026-02361,64.56,ecom,TRAVEL,CUST-0235,2026-06-05T15:02:57Z,SA,pos_terminal,0
TXN-2026-02362,343.24,transfer,ONLINE_SERVICES,CUST-0425,2026-07-05T15:36:33Z,GB,web,0
TXN-2026-02363,28.9,pos,EDUCATION,CUST-0717,2026-06-24T13:11:36Z,SA,atm,0
TXN-2026-02364,36.42,pos,FASHION,CUST-0592,2026-07-06T16:00:30Z,SA,mobile,0
TXN-2026-02365,33.38,pos,UTILITIES,CUST-0500,2026-07-16T20:48:00Z,SA,atm,0
TXN-2026-02366,49.01,transfer,ELECTRONICS,CUST-0376,2026-07-10T04:42:55Z,SA,mobile,0
TXN-2026-02367,10.54,pos,HEALTHCARE,CUST-0478,2026-07-07T14:16:17Z,SA,mobile,0
TXN-2026-02368,97.5,pos,ENTERTAINMENT,CUST-0739,2026-06-19T23:34:59Z,SA,web,0
TXN-2026-02369,116.11,pos,RESTAURANT,CUST-0506,2026-07-05T22:41:00Z,US,mobile,0
TXN-2026-02370,34.62,pos,ONLINE_SERVICES,CUST-0266,2026-07-02T02:17:47Z,EG,mobile,0
TXN-2026-02371,107.01,ecom,ONLINE_SERVICES,CUST-0046,2026-07-25T15:42:08Z,SA,web,0
TXN-2026-02372,160.42,pos,ELECTRONICS,CUST-0586,2026-07-17T23:22:08Z,SA,web,0
TXN-2026-02373,209.94,atm,ONLINE_SERVICES,CUST-0004,2026-07-01T18:21:32Z,SA,mobile,0
TXN-2026-02374,50.28,transfer,TELECOM,CUST-0647,2026-06-28T06:51:38Z,GB,mobile,0
TXN-2026-02375,57.31,pos,TELECOM,CUST-0478,2026-06-08T09:58:11Z,AE,atm,0
TXN-2026-02376,12.81,pos,FUEL,CUST-0597,2026-07-04T17:15:44Z,SA,web,0
TXN-2026-02377,592.06,ecom,RESTAURANT,CUST-0482,2026-07-16T14:30:10Z,AE,pos_terminal,1
TXN-2026-02378,48.09,pos,TELECOM,CUST-0314,2026-07-28T14:33:31Z,SA,atm,0
TXN-2026-02379,50.08,ecom,FASHION,CUST-0771,2026-07-14T20:02:53Z,SA,mobile,0
TXN-2026-02380,159.73,pos,JEWELRY,CUST-0232,2026-06-09T09:30:37Z,US,mobile,0
TXN-2026-02381,306.82,ecom,FUEL,CUST-0010,2026-07-01T13:08:18Z,SA,atm,0
TXN-2026-02382,25.12,transfer,HOME_GOODS,CUST-0798,2026-07-09T04:59:02Z,SA,atm,0
TXN-2026-02383,1279.73,ecom,FASHION,CUST-0087,2026-06-04T03:43:21Z,SA,atm,1
TXN-2026-02384,35.57,pos,ENTERTAINMENT,CUST-0728,2026-06-20T02:16:31Z,EG,atm,0
TXN-2026-02385,12.04,pos,FASHION,CUST-0650,2026-06-15T06:21:39Z,AE,atm,0
TXN-2026-02386,351.51,pos,JEWELRY,CUST-0168,2026-07-19T20:48:20Z,US,atm,0
TXN-2026-02387,24.56,transfer,RESTAURANT,CUST-0085,2026-07-29T05:47:19Z,GB,web,0
TXN-2026-02388,15.8,pos,RESTAURANT,CUST-0011,2026-07-07T01:45:40Z,SA,atm,0
TXN-2026-02389,61.64,pos,TRAVEL,CUST-0661,2026-07-24T23:45:20Z,EG,pos_terminal,0
TXN-2026-02390,65.79,ecom,FASHION,CUST-0054,2026-06-26T19:31:38Z,SA,mobile,0
TXN-2026-02391,102.67,transfer,RESTAURANT,CUST-0275,2026-06-15T21:36:25Z,SA,pos_terminal,0
TXN-2026-02392,182.7,ecom,UTILITIES,CUST-0218,2026-07-15T11:11:32Z,GB,web,0
TXN-2026-02393,34.28,pos,RESTAURANT,CUST-0524,2026-07-11T21:13:03Z,SA,web,0
TXN-2026-02394,70.49,atm,TRAVEL,CUST-0104,2026-06-17T00:40:36Z,EG,web,1
TXN-2026-02395,272.43,pos,PHARMACY,CUST-0236,2026-06-09T07:52:08Z,EG,mobile,0
TXN-2026-02396,517.44,ecom,PHARMACY,CUST-0500,2026-07-25T15:03:51Z,AE,mobile,0
TXN-2026-02397,119.48,ecom,PHARMACY,CUST-0704,2026-07-08T19:10:23Z,EG,mobile,0
TXN-2026-02398,26.95,ecom,HOME_GOODS,CUST-0239,2026-07-04T02:37:05Z,SA,pos_terminal,0
TXN-2026-02399,1914.9,ecom,ONLINE_SERVICES,CUST-0747,2026-06-21T11:31:07Z,US,atm,0
TXN-2026-02400,61.95,transfer,UTILITIES,CUST-0178,2026-07-21T13:07:47Z,US,web,0
TXN-2026-02401,659.53,ecom,TELECOM,CUST-0550,2026-06-21T04:00:55Z,SA,atm,0
TXN-2026-02402,28.42,pos,FASHION,CUST-0075,2026-07-06T21:24:32Z,EG,atm,0
TXN-2026-02403,350.58,ecom,HEALTHCARE,CUST-0195,2026-06-07T01:46:13Z,SA,atm,0
TXN-2026-02404,162.44,ecom,ELECTRONICS,CUST-0538,2026-06-18T12:42:07Z,US,web,0
TXN-2026-02405,82.29,ecom,HEALTHCARE,CUST-0485,2026-07-14T11:59:26Z,SA,pos_terminal,0
TXN-2026-02406,161.03,ecom,PHARMACY,CUST-0677,2026-07-01T05:33:02Z,SA,atm,1
TXN-2026-02407,16.3,ecom,JEWELRY,CUST-0002,2026-07-26T09:28:09Z,SA,atm,0
TXN-2026-02408,82.19,pos,ENTERTAINMENT,CUST-0431,2026-07-16T00:34:14Z,SA,atm,0
TXN-2026-02409,75.35,ecom,ONLINE_SERVICES,CUST-0613,2026-06-23T09:38:35Z,SA,atm,0
TXN-2026-02410,56.82,pos,ENTERTAINMENT,CUST-0082,2026-07-17T13:28:23Z,SA,pos_terminal,0
TXN-2026-02411,36.01,pos,GROCERY,CUST-0312,2026-06-24T12:13:19Z,SA,mobile,0
TXN-2026-02412,180.52,ecom,RESTAURANT,CUST-0641,2026-07-17T01:08:22Z,EG,atm,1
TXN-2026-02413,59.7,ecom,ENTERTAINMENT,CUST-0481,2026-07-15T17:30:06Z,SA,atm,0
TXN-2026-02414,19.96,ecom,UTILITIES,CUST-0290,2026-06-09T11:52:18Z,EG,pos_terminal,0
TXN-2026-02415,156.97,transfer,JEWELRY,CUST-0605,2026-07-06T06:36:54Z,GB,atm,0
TXN-2026-02416,49.1,ecom,ENTERTAINMENT,CUST-0243,2026-06-26T06:00:12Z,AE,web,0
TXN-2026-02417,79.88,ecom,FASHION,CUST-0031,2026-06-20T19:59:14Z,SA,atm,0
TXN-2026-02418,109.47,pos,ENTERTAINMENT,CUST-0732,2026-06-18T13:48:24Z,SA,atm,0
TXN-2026-02419,95.91,pos,PHARMACY,CUST-0387,2026-06-11T04:15:02Z,SA,web,0
TXN-2026-02420,170.39,pos,FUEL,CUST-0294,2026-07-25T03:11:23Z,SA,pos_terminal,0
TXN-2026-02421,214.63,transfer,HOME_GOODS,CUST-0105,2026-07-03T00:21:04Z,US,atm,0
TXN-2026-02422,345.02,ecom,ELECTRONICS,CUST-0727,2026-06-09T15:33:35Z,AE,pos_terminal,0
TXN-2026-02423,109.5,atm,FUEL,CUST-0391,2026-07-06T09:19:19Z,SA,mobile,0
TXN-2026-02424,52.95,ecom,TRAVEL,CUST-0266,2026-06-26T06:46:04Z,SA,atm,0
TXN-2026-02425,150.12,transfer,HOME_GOODS,CUST-0232,2026-07-05T01:44:09Z,US,atm,0
TXN-2026-02426,126.61,transfer,EDUCATION,CUST-0125,2026-06-25T02:01:16Z,GB,mobile,0
TXN-2026-02427,283.23,atm,EDUCATION,CUST-0105,2026-06-21T12:42:43Z,SA,pos_terminal,0
TXN-2026-02428,309.77,ecom,UTILITIES,CUST-0420,2026-06-03T07:16:05Z,AE,mobile,1
TXN-2026-02429,70.83,ecom,FASHION,CUST-0576,2026-06-08T14:55:37Z,SA,pos_terminal,0
TXN-2026-02430,595.85,ecom,FUEL,CUST-0040,2026-06-19T21:52:32Z,GB,web,0
TXN-2026-02431,65.46,atm,FUEL,CUST-0363,2026-07-19T04:29:20Z,GB,pos_terminal,0
TXN-2026-02432,456.55,ecom,GROCERY,CUST-0466,2026-07-10T20:37:39Z,GB,mobile,0
TXN-2026-02433,56.96,pos,HEALTHCARE,CUST-0726,2026-06-01T12:01:14Z,SA,atm,0
TXN-2026-02434,174.7,pos,ELECTRONICS,CUST-0462,2026-06-23T15:59:25Z,SA,mobile,0
TXN-2026-02435,87.03,ecom,UTILITIES,CUST-0547,2026-06-07T05:20:14Z,US,mobile,0
TXN-2026-02436,7.69,pos,FASHION,CUST-0296,2026-06-26T14:38:19Z,US,pos_terminal,0
TXN-2026-02437,317.86,pos,EDUCATION,CUST-0666,2026-06-30T00:48:04Z,GB,atm,0
TXN-2026-02438,136.11,atm,UTILITIES,CUST-0784,2026-06-20T19:12:51Z,SA,mobile,0
TXN-2026-02439,143.4,pos,ONLINE_SERVICES,CUST-0076,2026-06-04T01:17:39Z,SA,web,0
TXN-2026-02440,34.23,pos,ELECTRONICS,CUST-0275,2026-06-29T08:14:14Z,SA,pos_terminal,0
TXN-2026-02441,65.52,pos,TRAVEL,CUST-0351,2026-07-23T06:46:14Z,EG,web,0
TXN-2026-02442,178.91,pos,ONLINE_SERVICES,CUST-0776,2026-06-12T12:40:25Z,EG,web,0
TXN-2026-02443,135.38,ecom,HOME_GOODS,CUST-0629,2026-06-30T06:36:55Z,AE,atm,0
TXN-2026-02444,119.64,pos,ENTERTAINMENT,CUST-0159,2026-07-29T06:50:47Z,EG,atm,0
TXN-2026-02445,120.28,pos,ENTERTAINMENT,CUST-0637,2026-06-30T21:05:16Z,SA,web,0
TXN-2026-02446,5.52,atm,TELECOM,CUST-0206,2026-06-28T00:23:23Z,SA,atm,0
TXN-2026-02447,32.23,pos,HEALTHCARE,CUST-0129,2026-06-02T12:44:51Z,SA,pos_terminal,0
TXN-2026-02448,269.72,pos,RESTAURANT,CUST-0403,2026-07-09T14:00:06Z,AE,pos_terminal,0
TXN-2026-02449,265.25,ecom,FASHION,CUST-0614,2026-07-24T03:46:34Z,US,atm,0
TXN-2026-02450,31.56,transfer,PHARMACY,CUST-0598,2026-07-25T20:03:21Z,SA,web,0
TXN-2026-02451,906.01,atm,EDUCATION,CUST-0083,2026-07-18T01:05:52Z,EG,atm,1
TXN-2026-02452,67.9,atm,ENTERTAINMENT,CUST-0073,2026-06-17T23:39:40Z,SA,web,1
TXN-2026-02453,161.34,ecom,JEWELRY,CUST-0689,2026-06-25T18:39:03Z,US,atm,0
TXN-2026-02454,82.18,transfer,ELECTRONICS,CUST-0691,2026-07-27T14:40:15Z,US,pos_terminal,0
TXN-2026-02455,219.91,pos,ELECTRONICS,CUST-0142,2026-06-09T04:01:26Z,SA,mobile,0
TXN-2026-02456,142.75,atm,ELECTRONICS,CUST-0408,2026-07-11T20:45:14Z,SA,web,0
TXN-2026-02457,61.69,pos,RESTAURANT,CUST-0643,2026-07-29T20:39:37Z,SA,atm,0
TXN-2026-02458,39.49,pos,HOME_GOODS,CUST-0445,2026-07-07T21:04:45Z,SA,web,0
TXN-2026-02459,380.33,atm,UTILITIES,CUST-0153,2026-07-27T19:15:29Z,AE,pos_terminal,0
TXN-2026-02460,15.74,transfer,PHARMACY,CUST-0170,2026-07-19T08:16:19Z,AE,web,0
TXN-2026-02461,165.28,ecom,FUEL,CUST-0721,2026-07-27T03:04:19Z,SA,web,1
TXN-2026-02462,77.85,pos,HEALTHCARE,CUST-0264,2026-07-02T15:05:53Z,EG,pos_terminal,0
TXN-2026-02463,21.93,pos,UTILITIES,CUST-0711,2026-07-01T19:03:10Z,EG,mobile,0
TXN-2026-02464,138.6,ecom,FASHION,CUST-0017,2026-06-12T23:25:25Z,SA,web,0
TXN-2026-02465,211.18,atm,TRAVEL,CUST-0549,2026-07-10T18:36:31Z,GB,web,0
TXN-2026-02466,43.79,pos,HOME_GOODS,CUST-0585,2026-07-08T10:48:22Z,SA,web,0
TXN-2026-02467,30.6,pos,UTILITIES,CUST-0076,2026-07-30T14:00:13Z,US,web,0
TXN-2026-02468,5.35,transfer,ENTERTAINMENT,CUST-0403,2026-06-14T06:01:50Z,SA,mobile,0
TXN-2026-02469,152.53,ecom,ONLINE_SERVICES,CUST-0521,2026-07-29T05:51:07Z,SA,atm,0
TXN-2026-02470,48.97,ecom,ELECTRONICS,CUST-0535,2026-07-16T13:22:48Z,AE,pos_terminal,0
TXN-2026-02471,41.35,ecom,HOME_GOODS,CUST-0066,2026-07-05T15:16:53Z,SA,atm,0
TXN-2026-02472,45.53,ecom,HEALTHCARE,CUST-0165,2026-07-11T12:20:04Z,SA,pos_terminal,0
TXN-2026-02473,14.51,transfer,TELECOM,CUST-0019,2026-07-10T09:44:34Z,AE,web,0
TXN-2026-02474,15.17,pos,GROCERY,CUST-0178,2026-06-29T04:08:15Z,EG,mobile,0
TXN-2026-02475,44.6,transfer,UTILITIES,CUST-0723,2026-07-23T20:17:12Z,GB,pos_terminal,0
TXN-2026-02476,132.7,pos,FUEL,CUST-0589,2026-07-06T00:55:38Z,SA,atm,0
TXN-2026-02477,221.8,ecom,HOME_GOODS,CUST-0437,2026-06-20T00:15:13Z,SA,pos_terminal,0
TXN-2026-02478,50.93,pos,GROCERY,CUST-0259,2026-06-17T18:29:00Z,SA,pos_terminal,0
TXN-2026-02479,20.3,pos,UTILITIES,CUST-0103,2026-06-10T18:26:53Z,SA,mobile,0
TXN-2026-02480,49.06,pos,PHARMACY,CUST-0303,2026-07-16T13:06:46Z,SA,mobile,0
TXN-2026-02481,22.74,ecom,HEALTHCARE,CUST-0164,2026-07-06T01:20:32Z,SA,atm,0
TXN-2026-02482,29.05,pos,PHARMACY,CUST-0652,2026-07-26T21:12:38Z,EG,mobile,0
TXN-2026-02483,24.9,pos,PHARMACY,CUST-0795,2026-07-24T05:29:28Z,SA,atm,0
TXN-2026-02484,78.31,transfer,FASHION,CUST-0085,2026-06-16T00:16:58Z,EG,mobile,0
TXN-2026-02485,149.89,pos,EDUCATION,CUST-0557,2026-07-09T07:23:44Z,EG,pos_terminal,0
TXN-2026-02486,92.87,ecom,TRAVEL,CUST-0374,2026-06-21T14:31:38Z,SA,mobile,0
TXN-2026-02487,42.56,pos,HEALTHCARE,CUST-0562,2026-06-27T04:28:55Z,AE,pos_terminal,0
TXN-2026-02488,232.85,pos,FUEL,CUST-0700,2026-07-04T18:29:58Z,SA,mobile,0
TXN-2026-02489,10.61,pos,RESTAURANT,CUST-0186,2026-07-09T12:03:00Z,SA,pos_terminal,0
TXN-2026-02490,360.97,ecom,TRAVEL,CUST-0698,2026-07-27T16:37:39Z,SA,mobile,0
TXN-2026-02491,7.86,ecom,HEALTHCARE,CUST-0109,2026-07-09T20:30:36Z,SA,atm,0
TXN-2026-02492,342.03,ecom,TELECOM,CUST-0337,2026-07-14T15:47:34Z,EG,web,0
TXN-2026-02493,84.7,atm,JEWELRY,CUST-0575,2026-07-05T08:49:15Z,GB,atm,0
TXN-2026-02494,213.58,ecom,TELECOM,CUST-0053,2026-07-01T07:31:37Z,AE,pos_terminal,0
TXN-2026-02495,324.75,ecom,HOME_GOODS,CUST-0658,2026-07-25T01:28:25Z,SA,atm,1
TXN-2026-02496,87.45,atm,PHARMACY,CUST-0656,2026-07-20T14:53:22Z,SA,atm,0
TXN-2026-02497,214.27,ecom,TELECOM,CUST-0350,2026-07-04T10:40:40Z,SA,atm,0
TXN-2026-02498,25.22,atm,FUEL,CUST-0721,2026-06-29T16:48:14Z,GB,pos_terminal,0
TXN-2026-02499,101.52,ecom,FASHION,CUST-0388,2026-07-24T22:13:03Z,GB,mobile,0
TXN-2026-02500,204.4,ecom,FUEL,CUST-0478,2026-07-13T00:41:40Z,SA,atm,0
TXN-2026-02501,132.76,pos,HEALTHCARE,CUST-0153,2026-06-01T07:57:12Z,US,pos_terminal,0
TXN-2026-02502,168.97,pos,EDUCATION,CUST-0568,2026-06-11T14:15:20Z,EG,mobile,0
TXN-2026-02503,71.05,pos,TRAVEL,CUST-0707,2026-06-28T19:21:56Z,SA,web,0
TXN-2026-02504,41.17,pos,HEALTHCARE,CUST-0322,2026-06-20T08:59:59Z,EG,pos_terminal,0
TXN-2026-02505,18.13,pos,ONLINE_SERVICES,CUST-0164,2026-06-06T20:09:30Z,SA,atm,0
TXN-2026-02506,373.19,ecom,ELECTRONICS,CUST-0449,2026-06-10T17:41:15Z,SA,pos_terminal,0
TXN-2026-02507,273.26,pos,GROCERY,CUST-0362,2026-06-21T10:37:21Z,SA,web,0
TXN-2026-02508,535.63,ecom,FUEL,CUST-0218,2026-07-14T09:59:50Z,SA,web,0
TXN-2026-02509,124.85,ecom,ONLINE_SERVICES,CUST-0197,2026-06-12T22:47:52Z,SA,atm,0
TXN-2026-02510,19.66,ecom,HOME_GOODS,CUST-0739,2026-06-02T05:43:11Z,SA,mobile,0
TXN-2026-02511,1844.4,pos,ENTERTAINMENT,CUST-0024,2026-06-02T23:04:21Z,SA,web,0
TXN-2026-02512,44.67,ecom,RESTAURANT,CUST-0213,2026-06-30T13:38:30Z,SA,mobile,0
TXN-2026-02513,234.44,ecom,EDUCATION,CUST-0199,2026-07-18T20:54:53Z,SA,web,0
TXN-2026-02514,108.3,atm,ONLINE_SERVICES,CUST-0387,2026-06-06T05:11:58Z,US,mobile,1
TXN-2026-02515,112.68,ecom,UTILITIES,CUST-0149,2026-06-12T14:49:03Z,EG,pos_terminal,0
TXN-2026-02516,167.42,ecom,JEWELRY,CUST-0332,2026-06-11T17:59:09Z,SA,atm,0
TXN-2026-02517,413.04,ecom,GROCERY,CUST-0711,2026-06-17T13:45:26Z,EG,pos_terminal,1
TXN-2026-02518,452.81,ecom,GROCERY,CUST-0278,2026-07-15T00:41:27Z,AE,atm,0
TXN-2026-02519,22.54,pos,ENTERTAINMENT,CUST-0351,2026-07-15T08:30:31Z,AE,mobile,0
TXN-2026-02520,109.74,ecom,FASHION,CUST-0714,2026-06-30T01:27:05Z,SA,atm,0
TXN-2026-02521,217.53,ecom,EDUCATION,CUST-0409,2026-06-10T12:43:46Z,SA,atm,0
TXN-2026-02522,23.78,pos,PHARMACY,CUST-0449,2026-07-12T16:27:02Z,EG,atm,0
TXN-2026-02523,317.93,pos,HOME_GOODS,CUST-0207,2026-06-20T15:55:36Z,EG,mobile,0
TXN-2026-02524,62.74,ecom,TELECOM,CUST-0597,2026-07-19T08:08:35Z,EG,web,0
TXN-2026-02525,173.9,atm,ELECTRONICS,CUST-0409,2026-07-10T17:43:16Z,SA,atm,1
TXN-2026-02526,381.44,pos,GROCERY,CUST-0720,2026-07-14T12:31:55Z,SA,pos_terminal,0
TXN-2026-02527,30.01,transfer,ENTERTAINMENT,CUST-0742,2026-07-06T18:23:46Z,GB,atm,0
TXN-2026-02528,89.92,ecom,FASHION,CUST-0156,2026-06-21T02:05:02Z,SA,mobile,1
TXN-2026-02529,40.12,ecom,GROCERY,CUST-0569,2026-06-19T18:30:10Z,SA,web,0
TXN-2026-02530,535.3,transfer,TRAVEL,CUST-0013,2026-06-24T19:50:38Z,GB,pos_terminal,0
TXN-2026-02531,195.52,ecom,HOME_GOODS,CUST-0342,2026-07-26T23:28:47Z,AE,pos_terminal,0
TXN-2026-02532,193.11,pos,FUEL,CUST-0172,2026-07-19T23:16:42Z,SA,mobile,0
TXN-2026-02533,49.97,ecom,ENTERTAINMENT,CUST-0798,2026-07-20T19:49:14Z,GB,atm,0
TXN-2026-02534,580.49,ecom,EDUCATION,CUST-0405,2026-06-25T17:07:47Z,US,mobile,0
TXN-2026-02535,49.66,atm,ENTERTAINMENT,CUST-0091,2026-07-22T11:33:19Z,US,mobile,0
TXN-2026-02536,458.64,ecom,JEWELRY,CUST-0603,2026-06-11T09:47:02Z,EG,atm,0
TXN-2026-02537,57.03,ecom,RESTAURANT,CUST-0592,2026-06-16T10:09:28Z,SA,mobile,0
TXN-2026-02538,742.14,ecom,GROCERY,CUST-0093,2026-07-22T22:55:04Z,AE,atm,0
TXN-2026-02539,200.92,transfer,PHARMACY,CUST-0685,2026-06-05T07:22:52Z,US,mobile,0
TXN-2026-02540,55.46,pos,UTILITIES,CUST-0215,2026-07-12T08:44:59Z,SA,mobile,0
TXN-2026-02541,423.8,pos,ONLINE_SERVICES,CUST-0272,2026-07-30T04:00:21Z,EG,pos_terminal,0
TXN-2026-02542,862.22,atm,JEWELRY,CUST-0168,2026-06-07T22:39:09Z,SA,pos_terminal,0
TXN-2026-02543,54.41,pos,FASHION,CUST-0553,2026-07-08T07:59:29Z,SA,atm,0
TXN-2026-02544,116.22,ecom,EDUCATION,CUST-0259,2026-07-02T10:34:03Z,AE,pos_terminal,0
TXN-2026-02545,13.59,pos,HOME_GOODS,CUST-0434,2026-07-04T20:39:29Z,GB,atm,0
TXN-2026-02546,351.75,pos,FASHION,CUST-0286,2026-07-27T00:44:21Z,US,web,0
TXN-2026-02547,108.91,ecom,FASHION,CUST-0716,2026-07-09T00:07:09Z,AE,pos_terminal,0
TXN-2026-02548,516.73,ecom,FUEL,CUST-0491,2026-06-27T03:58:56Z,SA,pos_terminal,1
TXN-2026-02549,706.02,ecom,RESTAURANT,CUST-0136,2026-07-13T13:21:39Z,AE,mobile,0
TXN-2026-02550,33.11,pos,GROCERY,CUST-0238,2026-07-11T09:15:15Z,SA,web,0
TXN-2026-02551,143.69,ecom,TELECOM,CUST-0667,2026-07-11T20:10:18Z,AE,atm,0
TXN-2026-02552,80.12,pos,HOME_GOODS,CUST-0361,2026-07-05T05:35:57Z,GB,mobile,0
TXN-2026-02553,76.81,pos,HOME_GOODS,CUST-0306,2026-06-25T07:22:27Z,EG,pos_terminal,0
TXN-2026-02554,90.14,pos,HOME_GOODS,CUST-0030,2026-06-22T04:04:10Z,US,atm,0
TXN-2026-02555,556.35,pos,ONLINE_SERVICES,CUST-0629,2026-07-19T09:11:34Z,SA,pos_terminal,0
TXN-2026-02556,16.92,pos,GROCERY,CUST-0037,2026-07-24T21:10:52Z,GB,mobile,0
TXN-2026-02557,27.91,pos,GROCERY,CUST-0764,2026-06-25T16:27:18Z,SA,atm,0
TXN-2026-02558,828.07,ecom,FUEL,CUST-0767,2026-06-12T15:09:33Z,GB,atm,1
TXN-2026-02559,65.05,transfer,ENTERTAINMENT,CUST-0518,2026-06-18T14:05:47Z,SA,atm,0
TXN-2026-02560,22.1,pos,RESTAURANT,CUST-0550,2026-07-23T20:45:23Z,GB,web,0
TXN-2026-02561,247.64,pos,EDUCATION,CUST-0666,2026-07-12T22:49:02Z,SA,pos_terminal,0
TXN-2026-02562,181.78,ecom,HEALTHCARE,CUST-0348,2026-06-09T14:14:47Z,SA,web,0
TXN-2026-02563,122.12,pos,TRAVEL,CUST-0024,2026-06-22T10:18:58Z,US,web,0
TXN-2026-02564,221.06,atm,ENTERTAINMENT,CUST-0461,2026-06-07T13:30:35Z,SA,pos_terminal,0
TXN-2026-02565,62.87,pos,UTILITIES,CUST-0293,2026-07-24T10:24:38Z,SA,pos_terminal,0
TXN-2026-02566,89.02,ecom,TELECOM,CUST-0286,2026-06-14T05:45:11Z,SA,web,0
TXN-2026-02567,62.0,transfer,ENTERTAINMENT,CUST-0477,2026-07-14T19:16:20Z,AE,web,0
TXN-2026-02568,279.77,ecom,GROCERY,CUST-0033,2026-06-14T01:05:08Z,SA,web,0
TXN-2026-02569,394.13,pos,HEALTHCARE,CUST-0711,2026-07-26T12:09:34Z,SA,web,0
TXN-2026-02570,759.92,ecom,PHARMACY,CUST-0563,2026-06-05T01:34:43Z,SA,mobile,0
TXN-2026-02571,65.8,pos,ENTERTAINMENT,CUST-0203,2026-07-20T14:04:20Z,US,pos_terminal,0
TXN-2026-02572,360.43,ecom,ENTERTAINMENT,CUST-0676,2026-07-28T09:22:31Z,EG,pos_terminal,0
TXN-2026-02573,19.62,pos,UTILITIES,CUST-0351,2026-06-09T18:45:40Z,SA,atm,0
TXN-2026-02574,246.76,pos,TELECOM,CUST-0527,2026-06-05T17:14:39Z,EG,web,0
TXN-2026-02575,16.24,pos,TELECOM,CUST-0376,2026-07-13T16:41:32Z,SA,mobile,0
TXN-2026-02576,150.94,pos,ELECTRONICS,CUST-0321,2026-06-06T09:53:58Z,EG,atm,0
TXN-2026-02577,133.06,pos,EDUCATION,CUST-0210,2026-06-25T19:56:16Z,GB,web,1
TXN-2026-02578,99.51,atm,TRAVEL,CUST-0749,2026-07-23T23:23:43Z,SA,web,0
TXN-2026-02579,125.38,atm,FASHION,CUST-0292,2026-07-24T00:36:16Z,SA,web,0
TXN-2026-02580,236.79,atm,TELECOM,CUST-0091,2026-07-07T10:37:36Z,SA,mobile,0
TXN-2026-02581,203.53,pos,EDUCATION,CUST-0259,2026-06-10T10:19:26Z,SA,mobile,0
TXN-2026-02582,396.88,pos,EDUCATION,CUST-0609,2026-06-15T08:51:32Z,EG,atm,0
TXN-2026-02583,268.75,pos,TRAVEL,CUST-0639,2026-06-27T02:11:31Z,SA,pos_terminal,0
TXN-2026-02584,80.65,atm,TRAVEL,CUST-0119,2026-06-15T01:05:18Z,AE,mobile,0
TXN-2026-02585,382.31,ecom,JEWELRY,CUST-0570,2026-07-14T13:19:51Z,EG,web,0
TXN-2026-02586,10.15,pos,ONLINE_SERVICES,CUST-0587,2026-06-13T10:25:35Z,SA,mobile,0
TXN-2026-02587,273.71,pos,GROCERY,CUST-0642,2026-06-05T15:05:00Z,SA,mobile,0
TXN-2026-02588,82.92,atm,ENTERTAINMENT,CUST-0519,2026-07-26T00:07:15Z,SA,web,1
TXN-2026-02589,25.59,ecom,FUEL,CUST-0270,2026-06-17T16:30:49Z,US,pos_terminal,0
TXN-2026-02590,259.78,ecom,PHARMACY,CUST-0733,2026-07-16T20:29:09Z,SA,mobile,0
TXN-2026-02591,74.28,pos,RESTAURANT,CUST-0404,2026-07-12T21:47:49Z,SA,pos_terminal,0
TXN-2026-02592,468.05,atm,HOME_GOODS,CUST-0707,2026-06-25T06:03:27Z,US,atm,0
TXN-2026-02593,211.75,transfer,HOME_GOODS,CUST-0413,2026-07-14T19:15:55Z,SA,web,0
TXN-2026-02594,7.24,pos,ENTERTAINMENT,CUST-0473,2026-07-04T00:50:01Z,GB,mobile,0
TXN-2026-02595,151.38,pos,FASHION,CUST-0256,2026-07-05T15:18:18Z,SA,web,0
TXN-2026-02596,527.39,ecom,GROCERY,CUST-0344,2026-06-10T16:54:56Z,EG,web,0
TXN-2026-02597,10.75,pos,HOME_GOODS,CUST-0281,2026-06-08T18:26:50Z,SA,web,0
TXN-2026-02598,339.87,atm,EDUCATION,CUST-0532,2026-07-05T17:58:13Z,GB,web,0
TXN-2026-02599,37.69,transfer,JEWELRY,CUST-0149,2026-06-24T16:19:26Z,US,pos_terminal,0
TXN-2026-02600,71.66,ecom,HEALTHCARE,CUST-0756,2026-07-02T02:08:02Z,US,web,0
TXN-2026-02601,22.64,pos,FUEL,CUST-0589,2026-07-03T09:00:32Z,SA,mobile,0
TXN-2026-02602,54.66,pos,ELECTRONICS,CUST-0276,2026-06-08T22:19:45Z,SA,atm,0
TXN-2026-02603,76.49,pos,FUEL,CUST-0122,2026-07-18T23:01:50Z,EG,pos_terminal,0
TXN-2026-02604,188.26,pos,PHARMACY,CUST-0646,2026-06-26T16:15:24Z,AE,web,0
TXN-2026-02605,160.22,pos,TELECOM,CUST-0028,2026-07-14T10:17:21Z,EG,atm,0
TXN-2026-02606,18.95,pos,GROCERY,CUST-0030,2026-06-10T07:33:24Z,GB,pos_terminal,0
TXN-2026-02607,760.46,transfer,ENTERTAINMENT,CUST-0745,2026-06-25T16:14:34Z,EG,mobile,0
TXN-2026-02608,184.49,atm,UTILITIES,CUST-0333,2026-07-20T22:38:36Z,SA,atm,1
TXN-2026-02609,1137.89,pos,FUEL,CUST-0117,2026-07-25T00:15:17Z,AE,pos_terminal,0
TXN-2026-02610,68.71,transfer,HOME_GOODS,CUST-0764,2026-06-27T05:51:31Z,EG,pos_terminal,0
TXN-2026-02611,14.66,transfer,FASHION,CUST-0609,2026-06-28T18:21:18Z,SA,mobile,0
TXN-2026-02612,313.6,ecom,HOME_GOODS,CUST-0770,2026-06-22T05:32:00Z,SA,mobile,0
TXN-2026-02613,62.09,atm,UTILITIES,CUST-0736,2026-07-21T09:44:48Z,EG,web,0
TXN-2026-02614,179.28,pos,FUEL,CUST-0691,2026-07-23T05:27:17Z,GB,mobile,1
TXN-2026-02615,523.95,pos,ENTERTAINMENT,CUST-0093,2026-06-09T21:45:39Z,AE,pos_terminal,0
TXN-2026-02616,45.26,ecom,RESTAURANT,CUST-0077,2026-07-20T18:19:35Z,AE,mobile,0
TXN-2026-02617,393.05,atm,HOME_GOODS,CUST-0723,2026-07-16T11:49:09Z,SA,web,0
TXN-2026-02618,2588.79,ecom,ENTERTAINMENT,CUST-0691,2026-07-13T15:36:35Z,SA,web,0
TXN-2026-02619,369.25,pos,ENTERTAINMENT,CUST-0388,2026-07-23T02:21:33Z,SA,mobile,0
TXN-2026-02620,367.19,transfer,UTILITIES,CUST-0480,2026-07-07T03:07:26Z,SA,mobile,0
TXN-2026-02621,19.67,ecom,ELECTRONICS,CUST-0730,2026-06-30T11:51:19Z,SA,pos_terminal,0
TXN-2026-02622,443.44,pos,HEALTHCARE,CUST-0502,2026-07-29T17:54:41Z,EG,web,0
TXN-2026-02623,865.34,ecom,HOME_GOODS,CUST-0300,2026-06-01T01:30:35Z,SA,web,1
TXN-2026-02624,193.02,pos,ELECTRONICS,CUST-0177,2026-06-02T17:10:48Z,SA,atm,0
TXN-2026-02625,245.98,ecom,FUEL,CUST-0419,2026-06-28T11:58:46Z,SA,web,0
TXN-2026-02626,22.42,transfer,ENTERTAINMENT,CUST-0663,2026-07-19T21:33:08Z,SA,mobile,0
TXN-2026-02627,1468.32,pos,EDUCATION,CUST-0484,2026-06-02T14:02:51Z,SA,atm,0
TXN-2026-02628,335.28,ecom,JEWELRY,CUST-0063,2026-07-16T22:48:27Z,SA,web,0
TXN-2026-02629,192.83,pos,TELECOM,CUST-0724,2026-07-03T08:38:09Z,US,atm,0
TXN-2026-02630,61.51,pos,FUEL,CUST-0554,2026-07-01T09:43:55Z,AE,pos_terminal,0
TXN-2026-02631,10.74,pos,FASHION,CUST-0405,2026-06-11T16:06:28Z,AE,atm,0
TXN-2026-02632,151.01,pos,TELECOM,CUST-0359,2026-06-22T04:48:09Z,SA,web,0
TXN-2026-02633,213.99,pos,TRAVEL,CUST-0232,2026-07-28T08:22:10Z,EG,atm,0
TXN-2026-02634,107.37,ecom,HEALTHCARE,CUST-0011,2026-06-17T01:46:24Z,SA,pos_terminal,1
TXN-2026-02635,153.02,pos,FUEL,CUST-0153,2026-06-09T10:45:35Z,SA,atm,0
TXN-2026-02636,12.16,ecom,GROCERY,CUST-0589,2026-06-27T19:59:13Z,SA,web,0
TXN-2026-02637,114.73,pos,PHARMACY,CUST-0133,2026-07-20T16:14:29Z,SA,web,0
TXN-2026-02638,87.14,pos,EDUCATION,CUST-0181,2026-06-15T07:45:30Z,SA,mobile,0
TXN-2026-02639,8.91,pos,TELECOM,CUST-0213,2026-07-14T03:40:40Z,SA,pos_terminal,0
TXN-2026-02640,20.45,atm,ELECTRONICS,CUST-0650,2026-07-28T17:40:59Z,SA,pos_terminal,0
TXN-2026-02641,681.42,ecom,PHARMACY,CUST-0728,2026-06-08T15:26:36Z,US,mobile,0
TXN-2026-02642,64.23,ecom,FASHION,CUST-0669,2026-06-20T09:46:53Z,SA,mobile,0
TXN-2026-02643,59.74,ecom,UTILITIES,CUST-0228,2026-06-21T06:45:09Z,GB,web,0
TXN-2026-02644,53.21,pos,JEWELRY,CUST-0617,2026-07-17T04:33:35Z,SA,mobile,0
TXN-2026-02645,782.5,transfer,UTILITIES,CUST-0480,2026-07-14T06:05:44Z,EG,mobile,0
TXN-2026-02646,2358.78,ecom,PHARMACY,CUST-0097,2026-06-27T11:51:23Z,SA,mobile,0
TXN-2026-02647,454.33,ecom,FUEL,CUST-0755,2026-06-26T20:29:14Z,AE,atm,0
TXN-2026-02648,221.54,atm,HOME_GOODS,CUST-0096,2026-06-28T07:09:35Z,EG,mobile,0
TXN-2026-02649,68.8,pos,HOME_GOODS,CUST-0190,2026-06-07T10:22:36Z,US,web,0
TXN-2026-02650,130.26,pos,ONLINE_SERVICES,CUST-0453,2026-07-09T19:16:39Z,EG,pos_terminal,0
TXN-2026-02651,51.38,pos,PHARMACY,CUST-0762,2026-06-24T06:04:30Z,SA,atm,0
TXN-2026-02652,7.5,pos,HOME_GOODS,CUST-0055,2026-07-18T14:13:24Z,US,web,0
TXN-2026-02653,22.55,ecom,ENTERTAINMENT,CUST-0400,2026-06-12T05:46:13Z,AE,atm,0
TXN-2026-02654,118.01,ecom,ELECTRONICS,CUST-0219,2026-07-22T03:37:07Z,SA,mobile,0
TXN-2026-02655,28.65,pos,ENTERTAINMENT,CUST-0745,2026-07-30T14:49:49Z,SA,atm,0
TXN-2026-02656,1004.13,pos,FASHION,CUST-0629,2026-07-10T21:01:38Z,SA,atm,0
TXN-2026-02657,52.62,ecom,UTILITIES,CUST-0790,2026-07-19T15:52:15Z,AE,atm,0
TXN-2026-02658,204.78,atm,FASHION,CUST-0589,2026-07-27T01:47:49Z,EG,web,0
TXN-2026-02659,42.97,pos,TELECOM,CUST-0399,2026-06-20T23:28:28Z,SA,web,0
TXN-2026-02660,36.74,pos,FASHION,CUST-0281,2026-06-26T16:20:39Z,SA,mobile,0
TXN-2026-02661,102.16,pos,HOME_GOODS,CUST-0246,2026-07-14T12:17:25Z,SA,pos_terminal,0
TXN-2026-02662,84.19,atm,RESTAURANT,CUST-0306,2026-07-09T10:11:07Z,SA,mobile,0
TXN-2026-02663,154.74,ecom,GROCERY,CUST-0517,2026-06-22T09:26:39Z,AE,atm,0
TXN-2026-02664,59.77,ecom,GROCERY,CUST-0307,2026-06-29T08:29:27Z,SA,mobile,0
TXN-2026-02665,23.03,pos,EDUCATION,CUST-0347,2026-07-14T12:44:20Z,EG,atm,0
TXN-2026-02666,1088.2,transfer,ELECTRONICS,CUST-0729,2026-06-03T01:50:53Z,AE,mobile,1
TXN-2026-02667,42.24,pos,JEWELRY,CUST-0382,2026-06-26T00:06:52Z,SA,pos_terminal,0
TXN-2026-02668,57.44,atm,GROCERY,CUST-0001,2026-07-25T15:12:50Z,SA,mobile,0
TXN-2026-02669,25.67,atm,HOME_GOODS,CUST-0302,2026-06-06T11:35:03Z,US,mobile,0
TXN-2026-02670,350.01,ecom,ONLINE_SERVICES,CUST-0623,2026-06-03T11:21:07Z,SA,web,0
TXN-2026-02671,205.94,ecom,EDUCATION,CUST-0084,2026-06-01T17:00:41Z,AE,web,0
TXN-2026-02672,218.74,ecom,EDUCATION,CUST-0209,2026-07-21T11:01:31Z,SA,atm,0
TXN-2026-02673,38.73,pos,RESTAURANT,CUST-0144,2026-06-09T01:36:55Z,AE,mobile,0
TXN-2026-02674,146.1,ecom,UTILITIES,CUST-0219,2026-06-23T12:09:45Z,GB,pos_terminal,0
TXN-2026-02675,374.9,transfer,TRAVEL,CUST-0708,2026-07-12T07:58:03Z,US,pos_terminal,0
TXN-2026-02676,82.09,pos,UTILITIES,CUST-0440,2026-07-12T02:34:05Z,SA,web,0
TXN-2026-02677,403.37,ecom,ONLINE_SERVICES,CUST-0696,2026-06-12T10:22:37Z,GB,web,1
TXN-2026-02678,22.07,pos,EDUCATION,CUST-0155,2026-07-09T13:35:42Z,SA,mobile,0
TXN-2026-02679,2233.0,atm,HOME_GOODS,CUST-0585,2026-06-23T00:22:10Z,SA,mobile,1
TXN-2026-02680,109.38,atm,EDUCATION,CUST-0051,2026-06-26T08:49:06Z,SA,pos_terminal,0
TXN-2026-02681,18.9,atm,HEALTHCARE,CUST-0044,2026-07-29T03:16:02Z,SA,pos_terminal,0
TXN-2026-02682,47.33,pos,ONLINE_SERVICES,CUST-0334,2026-07-22T23:21:53Z,SA,atm,0
TXN-2026-02683,103.92,pos,ONLINE_SERVICES,CUST-0349,2026-07-11T17:58:53Z,EG,mobile,0
TXN-2026-02684,186.34,ecom,FASHION,CUST-0146,2026-07-10T11:29:59Z,GB,atm,0
TXN-2026-02685,111.02,ecom,ENTERTAINMENT,CUST-0643,2026-06-06T19:51:22Z,SA,mobile,0
TXN-2026-02686,673.92,ecom,JEWELRY,CUST-0293,2026-07-01T09:43:45Z,US,pos_terminal,0
TXN-2026-02687,29.3,pos,ONLINE_SERVICES,CUST-0703,2026-07-05T12:27:00Z,SA,pos_terminal,0
TXN-2026-02688,424.27,pos,FUEL,CUST-0131,2026-07-11T21:26:30Z,SA,mobile,0
TXN-2026-02689,93.81,ecom,UTILITIES,CUST-0764,2026-07-28T11:52:59Z,GB,web,0
TXN-2026-02690,32.8,transfer,PHARMACY,CUST-0735,2026-06-13T10:09:21Z,US,mobile,0
TXN-2026-02691,271.81,pos,FUEL,CUST-0635,2026-06-07T11:54:03Z,EG,web,1
TXN-2026-02692,38.79,transfer,TELECOM,CUST-0369,2026-06-06T06:46:07Z,AE,pos_terminal,0
TXN-2026-02693,33.86,pos,UTILITIES,CUST-0639,2026-07-17T22:45:07Z,SA,mobile,0
TXN-2026-02694,190.37,pos,FASHION,CUST-0593,2026-06-07T08:58:44Z,SA,pos_terminal,0
TXN-2026-02695,934.54,ecom,FASHION,CUST-0498,2026-06-13T21:53:40Z,GB,atm,0
TXN-2026-02696,16.12,pos,HOME_GOODS,CUST-0558,2026-06-07T03:27:59Z,SA,web,0
TXN-2026-02697,128.21,transfer,JEWELRY,CUST-0698,2026-07-26T09:10:26Z,EG,atm,0
TXN-2026-02698,923.84,atm,FUEL,CUST-0632,2026-06-24T16:30:28Z,AE,pos_terminal,0
TXN-2026-02699,56.78,ecom,JEWELRY,CUST-0308,2026-07-18T05:08:40Z,EG,web,0
TXN-2026-02700,599.29,atm,JEWELRY,CUST-0070,2026-07-06T00:21:02Z,SA,pos_terminal,0
TXN-2026-02701,120.32,ecom,ENTERTAINMENT,CUST-0192,2026-06-25T12:45:02Z,SA,atm,0
TXN-2026-02702,103.26,ecom,JEWELRY,CUST-0724,2026-06-09T01:40:30Z,EG,web,1
TXN-2026-02703,58.45,ecom,ONLINE_SERVICES,CUST-0400,2026-07-19T22:08:25Z,SA,mobile,0
TXN-2026-02704,34.79,ecom,FASHION,CUST-0036,2026-06-08T00:51:24Z,SA,pos_terminal,0
TXN-2026-02705,43.96,pos,FASHION,CUST-0612,2026-06-18T06:13:04Z,GB,mobile,0
TXN-2026-02706,75.16,atm,RESTAURANT,CUST-0700,2026-06-18T18:59:28Z,SA,atm,0
TXN-2026-02707,162.32,pos,RESTAURANT,CUST-0769,2026-06-19T09:38:38Z,GB,pos_terminal,0
TXN-2026-02708,175.18,ecom,HOME_GOODS,CUST-0556,2026-06-05T23:33:33Z,SA,atm,0
TXN-2026-02709,103.75,pos,ONLINE_SERVICES,CUST-0134,2026-06-17T06:29:27Z,SA,web,0
TXN-2026-02710,62.37,ecom,GROCERY,CUST-0296,2026-06-15T19:20:16Z,SA,atm,0
TXN-2026-02711,61.53,ecom,TELECOM,CUST-0320,2026-06-30T09:29:30Z,GB,pos_terminal,1
TXN-2026-02712,168.69,pos,FUEL,CUST-0019,2026-06-01T21:28:24Z,SA,web,0
TXN-2026-02713,161.29,atm,UTILITIES,CUST-0186,2026-07-24T06:54:54Z,US,web,0
TXN-2026-02714,92.35,atm,TRAVEL,CUST-0268,2026-06-14T19:13:12Z,SA,pos_terminal,0
TXN-2026-02715,44.09,ecom,UTILITIES,CUST-0442,2026-06-23T07:06:11Z,SA,pos_terminal,0
TXN-2026-02716,85.24,pos,PHARMACY,CUST-0271,2026-07-08T17:05:07Z,AE,atm,0
TXN-2026-02717,178.39,pos,FUEL,CUST-0122,2026-07-14T02:30:48Z,SA,pos_terminal,0
TXN-2026-02718,39.48,transfer,EDUCATION,CUST-0744,2026-07-04T03:05:44Z,US,pos_terminal,0
TXN-2026-02719,5.0,atm,HEALTHCARE,CUST-0566,2026-06-11T02:39:15Z,GB,web,0
TXN-2026-02720,23.05,atm,FUEL,CUST-0214,2026-06-22T18:31:11Z,GB,atm,0
TXN-2026-02721,382.39,ecom,PHARMACY,CUST-0375,2026-06-14T09:05:31Z,AE,mobile,0
TXN-2026-02722,167.23,atm,JEWELRY,CUST-0226,2026-06-28T15:54:08Z,SA,web,0
TXN-2026-02723,9.76,pos,HOME_GOODS,CUST-0416,2026-06-22T09:33:00Z,AE,pos_terminal,0
TXN-2026-02724,73.6,pos,FASHION,CUST-0204,2026-06-05T08:37:38Z,SA,mobile,0
TXN-2026-02725,61.94,atm,FUEL,CUST-0100,2026-07-09T00:19:53Z,SA,pos_terminal,0
TXN-2026-02726,267.15,pos,UTILITIES,CUST-0493,2026-07-10T18:24:29Z,SA,atm,0
TXN-2026-02727,34.95,pos,EDUCATION,CUST-0404,2026-06-12T13:19:14Z,SA,mobile,0
TXN-2026-02728,1146.3,ecom,ENTERTAINMENT,CUST-0397,2026-07-01T03:42:54Z,EG,pos_terminal,1
TXN-2026-02729,56.67,atm,ENTERTAINMENT,CUST-0787,2026-06-07T14:43:31Z,SA,web,0
TXN-2026-02730,59.3,pos,ONLINE_SERVICES,CUST-0424,2026-07-03T17:44:34Z,US,mobile,0
TXN-2026-02731,169.28,ecom,PHARMACY,CUST-0620,2026-07-01T18:18:53Z,SA,web,0
TXN-2026-02732,73.06,pos,TELECOM,CUST-0421,2026-06-13T04:31:25Z,GB,atm,0
TXN-2026-02733,75.95,atm,EDUCATION,CUST-0404,2026-06-29T20:47:24Z,US,pos_terminal,0
TXN-2026-02734,149.73,pos,ENTERTAINMENT,CUST-0649,2026-07-24T20:51:47Z,SA,pos_terminal,0
TXN-2026-02735,46.59,pos,UTILITIES,CUST-0664,2026-06-11T19:41:00Z,AE,atm,0
TXN-2026-02736,107.3,ecom,FASHION,CUST-0233,2026-06-29T11:17:35Z,SA,atm,0
TXN-2026-02737,1002.98,ecom,PHARMACY,CUST-0204,2026-06-12T23:38:07Z,SA,atm,0
TXN-2026-02738,37.91,transfer,JEWELRY,CUST-0311,2026-07-22T08:05:22Z,SA,atm,0
TXN-2026-02739,51.39,pos,GROCERY,CUST-0031,2026-07-26T17:28:40Z,US,web,0
TXN-2026-02740,35.84,transfer,ENTERTAINMENT,CUST-0299,2026-07-15T12:55:27Z,SA,web,0
TXN-2026-02741,94.89,pos,EDUCATION,CUST-0498,2026-06-08T10:38:09Z,SA,pos_terminal,0
TXN-2026-02742,58.39,pos,ELECTRONICS,CUST-0072,2026-07-05T03:43:55Z,EG,mobile,0
TXN-2026-02743,131.61,ecom,UTILITIES,CUST-0473,2026-06-16T00:27:05Z,AE,pos_terminal,1
TXN-2026-02744,32.26,pos,UTILITIES,CUST-0330,2026-07-01T16:37:13Z,EG,mobile,0
TXN-2026-02745,120.44,ecom,TRAVEL,CUST-0787,2026-06-30T00:46:25Z,GB,pos_terminal,0
TXN-2026-02746,1489.15,pos,ELECTRONICS,CUST-0482,2026-07-05T21:07:10Z,SA,web,0
TXN-2026-02747,49.64,ecom,TRAVEL,CUST-0224,2026-06-24T19:41:37Z,AE,mobile,0
TXN-2026-02748,70.0,transfer,RESTAURANT,CUST-0213,2026-06-29T00:21:58Z,SA,atm,0
TXN-2026-02749,7.61,pos,UTILITIES,CUST-0772,2026-07-23T13:17:02Z,GB,mobile,0
TXN-2026-02750,120.08,pos,JEWELRY,CUST-0541,2026-07-04T23:17:32Z,SA,mobile,0
TXN-2026-02751,561.93,pos,TELECOM,CUST-0474,2026-07-15T21:00:55Z,AE,pos_terminal,0
TXN-2026-02752,96.17,pos,GROCERY,CUST-0491,2026-07-26T14:35:55Z,SA,atm,0
TXN-2026-02753,85.04,pos,HEALTHCARE,CUST-0085,2026-07-03T08:16:17Z,SA,pos_terminal,0
TXN-2026-02754,135.89,pos,RESTAURANT,CUST-0602,2026-06-28T19:39:49Z,SA,mobile,0
TXN-2026-02755,121.84,pos,TRAVEL,CUST-0665,2026-07-10T12:24:12Z,SA,mobile,0
TXN-2026-02756,221.18,transfer,PHARMACY,CUST-0170,2026-06-17T00:15:01Z,GB,mobile,0
TXN-2026-02757,58.81,atm,UTILITIES,CUST-0062,2026-06-02T03:09:55Z,EG,web,1
TXN-2026-02758,5.0,pos,FASHION,CUST-0335,2026-07-21T22:02:36Z,SA,mobile,0
TXN-2026-02759,77.86,pos,TELECOM,CUST-0726,2026-07-23T15:38:28Z,SA,web,0
TXN-2026-02760,37.06,pos,UTILITIES,CUST-0734,2026-06-07T11:54:05Z,SA,atm,0
TXN-2026-02761,367.85,pos,FASHION,CUST-0142,2026-07-26T03:32:21Z,SA,pos_terminal,0
TXN-2026-02762,165.82,ecom,EDUCATION,CUST-0479,2026-07-17T02:21:57Z,EG,mobile,1
TXN-2026-02763,375.69,ecom,HOME_GOODS,CUST-0434,2026-06-20T08:47:32Z,GB,atm,1
TXN-2026-02764,203.36,pos,HEALTHCARE,CUST-0347,2026-06-19T18:47:07Z,EG,mobile,0
TXN-2026-02765,70.63,ecom,GROCERY,CUST-0417,2026-06-29T13:38:59Z,EG,pos_terminal,0
TXN-2026-02766,542.88,ecom,EDUCATION,CUST-0616,2026-06-22T16:32:04Z,SA,web,0
TXN-2026-02767,61.57,pos,HOME_GOODS,CUST-0308,2026-07-02T08:23:36Z,SA,pos_terminal,0
TXN-2026-02768,76.07,pos,RESTAURANT,CUST-0726,2026-06-19T23:37:51Z,SA,atm,0
TXN-2026-02769,89.86,ecom,HOME_GOODS,CUST-0064,2026-06-19T17:53:19Z,US,atm,0
TXN-2026-02770,129.23,atm,ELECTRONICS,CUST-0737,2026-07-14T18:21:50Z,US,atm,0
TXN-2026-02771,23.63,transfer,TELECOM,CUST-0352,2026-06-29T08:39:46Z,SA,atm,0
TXN-2026-02772,69.82,transfer,TRAVEL,CUST-0159,2026-06-26T11:12:51Z,SA,pos_terminal,0
TXN-2026-02773,609.43,pos,ENTERTAINMENT,CUST-0207,2026-06-04T01:21:18Z,EG,pos_terminal,0
TXN-2026-02774,46.72,pos,ONLINE_SERVICES,CUST-0297,2026-06-12T03:27:35Z,SA,web,0
TXN-2026-02775,53.08,transfer,EDUCATION,CUST-0717,2026-07-06T19:22:48Z,SA,pos_terminal,0
TXN-2026-02776,151.64,ecom,GROCERY,CUST-0762,2026-06-04T09:12:05Z,GB,mobile,0
TXN-2026-02777,260.8,atm,ELECTRONICS,CUST-0329,2026-07-08T07:14:25Z,US,mobile,0
TXN-2026-02778,1219.83,ecom,RESTAURANT,CUST-0631,2026-06-27T01:33:36Z,EG,mobile,1
TXN-2026-02779,323.37,ecom,ONLINE_SERVICES,CUST-0781,2026-06-11T12:18:03Z,SA,web,0
TXN-2026-02780,319.56,pos,RESTAURANT,CUST-0752,2026-07-02T18:02:11Z,SA,web,0
TXN-2026-02781,98.7,transfer,ELECTRONICS,CUST-0671,2026-07-04T09:18:28Z,SA,atm,0
TXN-2026-02782,666.48,pos,HEALTHCARE,CUST-0443,2026-07-05T07:19:32Z,SA,web,0
TXN-2026-02783,308.83,ecom,TRAVEL,CUST-0300,2026-06-18T00:16:29Z,SA,web,0
TXN-2026-02784,44.26,atm,FUEL,CUST-0614,2026-07-12T10:33:05Z,GB,atm,0
TXN-2026-02785,65.89,pos,JEWELRY,CUST-0173,2026-07-30T08:24:52Z,SA,pos_terminal,0
TXN-2026-02786,43.54,pos,FUEL,CUST-0335,2026-06-13T19:17:00Z,SA,atm,0
TXN-2026-02787,26.94,transfer,EDUCATION,CUST-0569,2026-07-08T12:24:26Z,SA,mobile,0
TXN-2026-02788,146.93,pos,TRAVEL,CUST-0551,2026-06-16T21:49:41Z,SA,pos_terminal,0
TXN-2026-02789,12.98,pos,RESTAURANT,CUST-0054,2026-07-20T08:03:24Z,SA,web,0
TXN-2026-02790,333.39,transfer,HEALTHCARE,CUST-0504,2026-06-21T15:32:15Z,SA,pos_terminal,0
TXN-2026-02791,358.16,ecom,ENTERTAINMENT,CUST-0334,2026-07-13T11:52:51Z,GB,atm,0
TXN-2026-02792,9.56,pos,PHARMACY,CUST-0003,2026-06-09T12:40:47Z,GB,atm,0
TXN-2026-02793,27.76,transfer,TELECOM,CUST-0220,2026-06-24T13:06:16Z,US,pos_terminal,0
TXN-2026-02794,43.83,atm,TRAVEL,CUST-0258,2026-06-06T21:32:27Z,GB,pos_terminal,0
TXN-2026-02795,96.9,pos,ELECTRONICS,CUST-0052,2026-07-04T11:42:42Z,SA,pos_terminal,0
TXN-2026-02796,7.09,pos,RESTAURANT,CUST-0643,2026-06-21T01:34:05Z,AE,web,0
TXN-2026-02797,532.7,atm,ENTERTAINMENT,CUST-0513,2026-06-14T05:54:31Z,SA,pos_terminal,1
TXN-2026-02798,14.74,ecom,GROCERY,CUST-0210,2026-07-18T16:39:04Z,GB,mobile,0
TXN-2026-02799,654.95,pos,ENTERTAINMENT,CUST-0542,2026-07-24T09:37:53Z,US,pos_terminal,0
TXN-2026-02800,62.1,pos,TRAVEL,CUST-0022,2026-06-23T19:39:27Z,SA,mobile,0
TXN-2026-02801,10.25,atm,GROCERY,CUST-0516,2026-07-11T15:30:46Z,EG,mobile,0
TXN-2026-02802,87.58,pos,ONLINE_SERVICES,CUST-0439,2026-06-22T06:52:29Z,SA,pos_terminal,0
TXN-2026-02803,106.87,pos,ELECTRONICS,CUST-0045,2026-06-16T02:11:26Z,US,atm,0
TXN-2026-02804,10.6,pos,RESTAURANT,CUST-0045,2026-06-23T10:32:01Z,US,web,0
TXN-2026-02805,1458.71,ecom,TRAVEL,CUST-0432,2026-06-26T20:57:30Z,SA,web,0
TXN-2026-02806,230.69,pos,GROCERY,CUST-0322,2026-07-18T21:59:27Z,GB,mobile,0
TXN-2026-02807,28.58,atm,TRAVEL,CUST-0078,2026-07-25T12:29:55Z,SA,web,0
TXN-2026-02808,178.06,atm,RESTAURANT,CUST-0374,2026-07-15T07:01:40Z,EG,pos_terminal,0
TXN-2026-02809,25.76,atm,FUEL,CUST-0084,2026-07-28T14:37:18Z,SA,web,0
TXN-2026-02810,66.22,ecom,GROCERY,CUST-0724,2026-07-14T08:26:47Z,EG,pos_terminal,0
TXN-2026-02811,45.58,pos,HOME_GOODS,CUST-0036,2026-07-03T01:49:20Z,SA,mobile,0
TXN-2026-02812,52.53,pos,EDUCATION,CUST-0195,2026-06-27T06:48:15Z,SA,pos_terminal,0
TXN-2026-02813,20.14,ecom,HOME_GOODS,CUST-0199,2026-07-05T09:07:25Z,AE,web,0
TXN-2026-02814,46.37,pos,UTILITIES,CUST-0460,2026-07-23T05:21:45Z,SA,web,0
TXN-2026-02815,81.23,ecom,ELECTRONICS,CUST-0579,2026-07-05T11:24:33Z,SA,atm,0
TXN-2026-02816,108.71,pos,PHARMACY,CUST-0456,2026-07-18T07:44:49Z,SA,mobile,0
TXN-2026-02817,54.95,ecom,TELECOM,CUST-0356,2026-06-13T07:45:41Z,SA,atm,0
TXN-2026-02818,635.58,pos,ENTERTAINMENT,CUST-0385,2026-06-03T12:22:45Z,AE,pos_terminal,0
TXN-2026-02819,61.26,transfer,PHARMACY,CUST-0208,2026-07-25T12:55:23Z,SA,pos_terminal,0
TXN-2026-02820,241.33,ecom,TELECOM,CUST-0013,2026-07-12T23:11:28Z,SA,web,0
TXN-2026-02821,41.79,ecom,EDUCATION,CUST-0647,2026-07-26T00:47:07Z,SA,web,0
TXN-2026-02822,439.51,ecom,ELECTRONICS,CUST-0004,2026-06-01T17:04:41Z,GB,mobile,1
TXN-2026-02823,79.75,pos,TRAVEL,CUST-0707,2026-07-25T21:42:44Z,GB,atm,0
TXN-2026-02824,53.48,atm,ELECTRONICS,CUST-0508,2026-06-09T22:24:32Z,SA,mobile,0
TXN-2026-02825,106.77,ecom,TELECOM,CUST-0792,2026-07-02T14:12:40Z,EG,pos_terminal,0
TXN-2026-02826,300.11,ecom,ONLINE_SERVICES,CUST-0577,2026-06-23T03:13:23Z,US,web,0
TXN-2026-02827,61.85,ecom,EDUCATION,CUST-0757,2026-07-13T19:11:22Z,SA,mobile,0
TXN-2026-02828,7.15,pos,HEALTHCARE,CUST-0109,2026-07-04T13:40:30Z,SA,pos_terminal,0
TXN-2026-02829,204.89,ecom,FASHION,CUST-0502,2026-06-19T15:28:38Z,SA,pos_terminal,0
TXN-2026-02830,121.99,transfer,UTILITIES,CUST-0629,2026-07-06T09:13:34Z,SA,pos_terminal,0
TXN-2026-02831,92.25,pos,TRAVEL,CUST-0128,2026-06-25T08:27:40Z,SA,web,0
TXN-2026-02832,2255.99,pos,ELECTRONICS,CUST-0503,2026-07-07T06:13:23Z,SA,mobile,0
TXN-2026-02833,85.03,ecom,GROCERY,CUST-0490,2026-06-09T16:51:47Z,GB,pos_terminal,0
TXN-2026-02834,124.68,atm,TRAVEL,CUST-0338,2026-06-09T19:43:17Z,GB,pos_terminal,0
TXN-2026-02835,108.47,pos,HOME_GOODS,CUST-0162,2026-07-18T11:07:28Z,SA,web,0
TXN-2026-02836,120.55,ecom,ELECTRONICS,CUST-0141,2026-06-28T10:57:59Z,SA,web,0
TXN-2026-02837,98.3,pos,EDUCATION,CUST-0450,2026-06-21T15:44:42Z,GB,atm,0
TXN-2026-02838,110.53,pos,FASHION,CUST-0577,2026-07-12T10:13:22Z,SA,mobile,0
TXN-2026-02839,13.55,pos,ENTERTAINMENT,CUST-0602,2026-07-03T01:46:50Z,SA,atm,0
TXN-2026-02840,193.02,ecom,PHARMACY,CUST-0383,2026-07-07T03:26:34Z,US,atm,0
TXN-2026-02841,138.8,pos,ONLINE_SERVICES,CUST-0333,2026-07-30T18:41:58Z,AE,pos_terminal,0
TXN-2026-02842,134.39,atm,ELECTRONICS,CUST-0062,2026-07-01T08:39:12Z,EG,pos_terminal,0
TXN-2026-02843,230.99,pos,JEWELRY,CUST-0002,2026-07-27T20:39:26Z,SA,web,0
TXN-2026-02844,192.13,atm,UTILITIES,CUST-0781,2026-06-21T06:33:19Z,SA,mobile,1
TXN-2026-02845,42.45,pos,PHARMACY,CUST-0194,2026-07-26T13:18:53Z,SA,atm,0
TXN-2026-02846,61.02,transfer,FASHION,CUST-0343,2026-07-29T05:07:53Z,SA,pos_terminal,0
TXN-2026-02847,38.11,pos,UTILITIES,CUST-0713,2026-07-02T02:48:28Z,SA,pos_terminal,0
TXN-2026-02848,17.4,pos,GROCERY,CUST-0395,2026-07-17T21:03:26Z,SA,web,0
TXN-2026-02849,47.38,pos,EDUCATION,CUST-0053,2026-06-22T04:04:16Z,SA,web,1
TXN-2026-02850,24.02,pos,UTILITIES,CUST-0175,2026-06-05T12:32:02Z,EG,atm,0
TXN-2026-02851,38.02,pos,RESTAURANT,CUST-0344,2026-06-26T11:46:51Z,SA,web,0
TXN-2026-02852,84.09,atm,ELECTRONICS,CUST-0612,2026-07-19T10:35:07Z,GB,mobile,0
TXN-2026-02853,90.98,pos,PHARMACY,CUST-0580,2026-07-23T18:55:07Z,SA,pos_terminal,0
TXN-2026-02854,74.44,transfer,FASHION,CUST-0597,2026-06-19T00:48:05Z,SA,pos_terminal,0
TXN-2026-02855,463.49,ecom,FASHION,CUST-0195,2026-06-10T00:57:07Z,SA,mobile,1
TXN-2026-02856,375.35,atm,TRAVEL,CUST-0310,2026-06-28T19:32:32Z,US,atm,1
TXN-2026-02857,585.62,pos,TRAVEL,CUST-0556,2026-06-16T21:24:29Z,EG,mobile,0
TXN-2026-02858,99.48,transfer,HEALTHCARE,CUST-0320,2026-07-29T10:12:50Z,SA,mobile,0
TXN-2026-02859,185.51,pos,PHARMACY,CUST-0196,2026-06-23T12:53:56Z,SA,web,0
TXN-2026-02860,6.48,pos,HEALTHCARE,CUST-0557,2026-07-18T08:25:11Z,US,atm,0
TXN-2026-02861,18.36,pos,TRAVEL,CUST-0162,2026-06-29T01:52:28Z,GB,atm,0
TXN-2026-02862,258.78,pos,TELECOM,CUST-0792,2026-07-11T21:42:37Z,GB,atm,0
TXN-2026-02863,568.34,ecom,TELECOM,CUST-0553,2026-06-09T02:02:28Z,EG,web,0
TXN-2026-02864,592.68,pos,RESTAURANT,CUST-0705,2026-07-27T11:54:04Z,SA,atm,0
TXN-2026-02865,61.57,pos,TRAVEL,CUST-0141,2026-06-05T13:47:51Z,SA,web,0
TXN-2026-02866,248.7,atm,EDUCATION,CUST-0445,2026-07-06T10:44:11Z,SA,mobile,0
TXN-2026-02867,215.14,pos,FUEL,CUST-0591,2026-06-30T17:41:27Z,SA,atm,0
TXN-2026-02868,5.0,transfer,FASHION,CUST-0756,2026-07-20T20:14:05Z,EG,web,0
TXN-2026-02869,55.82,ecom,UTILITIES,CUST-0593,2026-06-16T09:45:29Z,SA,pos_terminal,1
TXN-2026-02870,106.35,transfer,UTILITIES,CUST-0481,2026-07-10T19:50:58Z,US,web,0
TXN-2026-02871,143.33,transfer,TRAVEL,CUST-0722,2026-07-30T00:51:20Z,EG,mobile,0
TXN-2026-02872,51.58,ecom,HEALTHCARE,CUST-0264,2026-06-11T11:37:21Z,EG,mobile,0
TXN-2026-02873,46.68,ecom,ONLINE_SERVICES,CUST-0036,2026-07-08T13:13:42Z,EG,mobile,0
TXN-2026-02874,16.15,transfer,ELECTRONICS,CUST-0721,2026-06-20T10:06:43Z,SA,atm,0
TXN-2026-02875,132.97,transfer,PHARMACY,CUST-0011,2026-07-02T07:31:56Z,SA,web,0
TXN-2026-02876,70.12,pos,HEALTHCARE,CUST-0138,2026-07-22T14:55:02Z,SA,web,0
TXN-2026-02877,412.7,pos,ELECTRONICS,CUST-0529,2026-07-07T07:22:55Z,AE,atm,0
TXN-2026-02878,287.6,pos,TRAVEL,CUST-0768,2026-06-21T18:27:15Z,GB,web,0
TXN-2026-02879,74.34,pos,ELECTRONICS,CUST-0211,2026-06-16T01:52:27Z,EG,pos_terminal,0
TXN-2026-02880,156.21,pos,HOME_GOODS,CUST-0027,2026-06-27T09:35:23Z,SA,mobile,0
TXN-2026-02881,12.45,pos,FASHION,CUST-0312,2026-06-28T02:27:40Z,GB,atm,0
TXN-2026-02882,10.99,pos,EDUCATION,CUST-0648,2026-07-07T15:55:58Z,SA,web,0
TXN-2026-02883,13.86,pos,ENTERTAINMENT,CUST-0660,2026-06-20T09:08:06Z,SA,atm,0
TXN-2026-02884,70.72,atm,FASHION,CUST-0047,2026-06-24T10:47:29Z,AE,web,0
TXN-2026-02885,343.03,ecom,TRAVEL,CUST-0151,2026-06-23T13:48:55Z,GB,web,0
TXN-2026-02886,13.83,pos,EDUCATION,CUST-0501,2026-07-19T19:57:48Z,GB,atm,0
TXN-2026-02887,148.47,atm,RESTAURANT,CUST-0380,2026-06-05T04:50:13Z,SA,web,0
TXN-2026-02888,25.71,ecom,TRAVEL,CUST-0659,2026-06-15T01:17:23Z,SA,pos_terminal,0
TXN-2026-02889,548.43,atm,ELECTRONICS,CUST-0523,2026-07-24T23:14:17Z,SA,mobile,0
TXN-2026-02890,49.34,ecom,EDUCATION,CUST-0593,2026-06-16T20:40:50Z,SA,pos_terminal,0
TXN-2026-02891,103.63,pos,ONLINE_SERVICES,CUST-0635,2026-06-26T23:08:02Z,EG,pos_terminal,0
TXN-2026-02892,98.06,pos,RESTAURANT,CUST-0616,2026-07-14T18:20:16Z,SA,atm,0
TXN-2026-02893,21.23,pos,GROCERY,CUST-0468,2026-06-30T17:42:17Z,SA,mobile,0
TXN-2026-02894,47.86,pos,UTILITIES,CUST-0355,2026-06-15T21:20:17Z,AE,mobile,0
TXN-2026-02895,22.88,ecom,ENTERTAINMENT,CUST-0608,2026-07-26T16:34:51Z,SA,web,0
TXN-2026-02896,341.29,atm,GROCERY,CUST-0109,2026-06-09T21:42:00Z,AE,mobile,0
TXN-2026-02897,26.3,transfer,EDUCATION,CUST-0070,2026-07-15T14:23:42Z,GB,mobile,0
TXN-2026-02898,39.48,pos,TELECOM,CUST-0287,2026-07-01T02:33:26Z,AE,pos_terminal,0
TXN-2026-02899,48.33,atm,ENTERTAINMENT,CUST-0308,2026-07-06T13:30:05Z,SA,mobile,0
TXN-2026-02900,34.23,ecom,EDUCATION,CUST-0515,2026-07-15T09:42:18Z,SA,mobile,0
TXN-2026-02901,101.87,pos,JEWELRY,CUST-0676,2026-07-01T21:57:16Z,SA,web,0
TXN-2026-02902,75.81,pos,RESTAURANT,CUST-0059,2026-06-30T14:39:38Z,SA,pos_terminal,0
TXN-2026-02903,105.76,pos,JEWELRY,CUST-0023,2026-07-03T13:49:18Z,SA,web,0
TXN-2026-02904,51.24,transfer,HEALTHCARE,CUST-0271,2026-07-03T03:10:29Z,EG,mobile,1
TXN-2026-02905,67.13,pos,EDUCATION,CUST-0278,2026-07-24T04:22:56Z,US,atm,0
TXN-2026-02906,102.88,pos,FUEL,CUST-0706,2026-06-08T02:52:21Z,AE,mobile,0
TXN-2026-02907,95.01,ecom,GROCERY,CUST-0028,2026-06-16T23:25:41Z,SA,mobile,0
TXN-2026-02908,42.25,atm,TRAVEL,CUST-0370,2026-06-28T14:41:15Z,EG,web,0
TXN-2026-02909,16.43,pos,HOME_GOODS,CUST-0435,2026-07-07T22:39:19Z,AE,web,0
TXN-2026-02910,197.92,pos,FASHION,CUST-0719,2026-06-14T14:48:49Z,EG,web,0
TXN-2026-02911,24.04,pos,ELECTRONICS,CUST-0378,2026-07-23T21:19:02Z,SA,web,0
TXN-2026-02912,67.95,ecom,ONLINE_SERVICES,CUST-0356,2026-06-04T22:13:42Z,EG,web,1
TXN-2026-02913,72.49,pos,HOME_GOODS,CUST-0508,2026-06-06T18:43:56Z,GB,web,0
TXN-2026-02914,9.65,transfer,PHARMACY,CUST-0302,2026-07-01T15:31:30Z,AE,pos_terminal,0
TXN-2026-02915,36.18,pos,FASHION,CUST-0602,2026-06-04T13:00:24Z,SA,atm,0
TXN-2026-02916,122.64,pos,HEALTHCARE,CUST-0445,2026-06-24T06:31:29Z,SA,pos_terminal,0
TXN-2026-02917,26.8,pos,ELECTRONICS,CUST-0389,2026-07-22T11:46:12Z,US,mobile,0
TXN-2026-02918,147.03,pos,HOME_GOODS,CUST-0445,2026-07-11T23:16:29Z,SA,atm,0
TXN-2026-02919,17.67,transfer,EDUCATION,CUST-0685,2026-06-13T03:43:25Z,SA,web,0
TXN-2026-02920,312.21,ecom,RESTAURANT,CUST-0061,2026-07-14T20:38:32Z,AE,pos_terminal,0
TXN-2026-02921,78.14,ecom,RESTAURANT,CUST-0160,2026-07-02T18:58:16Z,US,pos_terminal,0
TXN-2026-02922,89.41,ecom,HEALTHCARE,CUST-0314,2026-07-03T03:11:28Z,SA,mobile,0
TXN-2026-02923,372.06,atm,ENTERTAINMENT,CUST-0675,2026-06-09T04:59:43Z,AE,mobile,1
TXN-2026-02924,70.04,transfer,FUEL,CUST-0615,2026-06-27T08:45:01Z,AE,mobile,0
TXN-2026-02925,83.83,pos,TRAVEL,CUST-0376,2026-06-06T03:01:22Z,SA,web,0
TXN-2026-02926,43.84,ecom,ONLINE_SERVICES,CUST-0135,2026-07-12T09:43:40Z,EG,pos_terminal,0
TXN-2026-02927,67.46,transfer,ENTERTAINMENT,CUST-0736,2026-06-12T06:39:13Z,EG,pos_terminal,0
TXN-2026-02928,121.97,pos,UTILITIES,CUST-0771,2026-06-29T16:13:38Z,US,web,0
TXN-2026-02929,68.05,pos,GROCERY,CUST-0013,2026-06-05T08:12:57Z,AE,atm,0
TXN-2026-02930,14.04,ecom,FUEL,CUST-0583,2026-06-05T11:57:22Z,GB,web,0
TXN-2026-02931,33.13,ecom,RESTAURANT,CUST-0574,2026-06-02T21:51:36Z,EG,mobile,0
TXN-2026-02932,84.64,atm,ENTERTAINMENT,CUST-0215,2026-06-15T03:08:39Z,GB,web,1
TXN-2026-02933,280.63,ecom,GROCERY,CUST-0319,2026-07-29T11:38:40Z,SA,web,0
TXN-2026-02934,53.04,pos,ONLINE_SERVICES,CUST-0734,2026-07-19T03:33:37Z,AE,pos_terminal,0
TXN-2026-02935,45.05,ecom,EDUCATION,CUST-0332,2026-07-10T19:33:46Z,GB,pos_terminal,0
TXN-2026-02936,77.6,pos,ONLINE_SERVICES,CUST-0370,2026-06-28T00:56:38Z,AE,mobile,0
TXN-2026-02937,77.87,pos,RESTAURANT,CUST-0752,2026-07-02T20:22:33Z,GB,pos_terminal,0
TXN-2026-02938,108.79,pos,GROCERY,CUST-0555,2026-06-07T09:21:02Z,AE,atm,0
TXN-2026-02939,120.65,ecom,TRAVEL,CUST-0299,2026-06-22T03:34:58Z,SA,pos_terminal,0
TXN-2026-02940,113.29,pos,EDUCATION,CUST-0138,2026-06-21T01:43:44Z,AE,atm,0
TXN-2026-02941,94.4,pos,FASHION,CUST-0679,2026-07-07T09:06:27Z,US,atm,0
TXN-2026-02942,206.16,pos,TELECOM,CUST-0035,2026-07-15T13:36:32Z,EG,pos_terminal,0
TXN-2026-02943,208.96,pos,UTILITIES,CUST-0089,2026-07-12T04:27:18Z,SA,atm,0
TXN-2026-02944,201.77,ecom,JEWELRY,CUST-0669,2026-06-30T15:03:04Z,SA,pos_terminal,0
TXN-2026-02945,144.09,pos,UTILITIES,CUST-0759,2026-06-10T08:15:59Z,GB,mobile,0
TXN-2026-02946,99.77,pos,ENTERTAINMENT,CUST-0003,2026-06-23T02:51:32Z,GB,pos_terminal,0
TXN-2026-02947,1358.65,transfer,TRAVEL,CUST-0714,2026-07-20T07:42:46Z,SA,atm,0
TXN-2026-02948,48.93,atm,ELECTRONICS,CUST-0351,2026-07-01T05:04:09Z,SA,mobile,0
TXN-2026-02949,274.1,atm,PHARMACY,CUST-0519,2026-06-15T04:45:19Z,SA,pos_terminal,0
TXN-2026-02950,96.65,pos,ONLINE_SERVICES,CUST-0390,2026-06-01T10:58:31Z,SA,atm,0
TXN-2026-02951,6.42,pos,TELECOM,CUST-0032,2026-06-16T20:25:21Z,SA,web,0
TXN-2026-02952,88.03,pos,TELECOM,CUST-0331,2026-07-14T19:54:28Z,GB,mobile,0
TXN-2026-02953,52.08,ecom,FUEL,CUST-0026,2026-06-16T07:55:28Z,SA,mobile,0
TXN-2026-02954,575.77,ecom,HEALTHCARE,CUST-0751,2026-06-20T09:12:24Z,GB,mobile,0
TXN-2026-02955,145.25,pos,TELECOM,CUST-0391,2026-07-26T02:58:22Z,GB,atm,0
TXN-2026-02956,129.65,ecom,FASHION,CUST-0007,2026-06-10T09:48:34Z,GB,pos_terminal,0
TXN-2026-02957,150.07,ecom,FASHION,CUST-0240,2026-06-27T06:45:16Z,SA,mobile,0
TXN-2026-02958,104.26,pos,RESTAURANT,CUST-0140,2026-07-22T16:57:53Z,SA,mobile,0
TXN-2026-02959,327.41,atm,RESTAURANT,CUST-0716,2026-07-15T00:18:45Z,AE,pos_terminal,0
TXN-2026-02960,477.69,pos,TELECOM,CUST-0360,2026-06-08T23:29:41Z,US,atm,0
TXN-2026-02961,303.48,ecom,TELECOM,CUST-0237,2026-07-12T12:31:58Z,GB,atm,0
TXN-2026-02962,115.59,ecom,FUEL,CUST-0486,2026-06-26T01:35:22Z,SA,mobile,0
TXN-2026-02963,5.0,pos,FUEL,CUST-0657,2026-07-30T05:04:31Z,EG,mobile,0
TXN-2026-02964,169.96,ecom,ENTERTAINMENT,CUST-0639,2026-07-03T15:09:29Z,EG,pos_terminal,1
TXN-2026-02965,113.09,ecom,JEWELRY,CUST-0079,2026-07-27T19:10:38Z,GB,web,0
TXN-2026-02966,36.02,atm,FASHION,CUST-0443,2026-07-01T04:19:26Z,US,web,0
TXN-2026-02967,20.77,pos,GROCERY,CUST-0090,2026-06-13T18:52:57Z,SA,web,0
TXN-2026-02968,233.95,pos,ELECTRONICS,CUST-0081,2026-07-13T00:25:22Z,AE,pos_terminal,0
TXN-2026-02969,85.32,pos,TRAVEL,CUST-0714,2026-06-05T08:12:26Z,GB,pos_terminal,0
TXN-2026-02970,23.64,transfer,RESTAURANT,CUST-0725,2026-07-16T02:42:15Z,EG,pos_terminal,0
TXN-2026-02971,106.91,transfer,RESTAURANT,CUST-0443,2026-07-24T17:45:51Z,EG,atm,0
TXN-2026-02972,486.54,ecom,JEWELRY,CUST-0070,2026-07-14T12:57:02Z,SA,mobile,0
TXN-2026-02973,252.03,atm,TELECOM,CUST-0271,2026-06-27T22:10:37Z,SA,atm,0
TXN-2026-02974,17.44,transfer,FASHION,CUST-0701,2026-06-24T03:31:37Z,GB,web,0
TXN-2026-02975,331.22,pos,TELECOM,CUST-0050,2026-06-04T21:50:39Z,EG,web,0
TXN-2026-02976,134.81,ecom,UTILITIES,CUST-0193,2026-06-09T03:49:55Z,EG,mobile,0
TXN-2026-02977,305.61,atm,TRAVEL,CUST-0749,2026-06-12T04:02:06Z,US,pos_terminal,1
TXN-2026-02978,83.01,ecom,RESTAURANT,CUST-0223,2026-06-19T06:46:08Z,US,web,0
TXN-2026-02979,109.27,pos,GROCERY,CUST-0284,2026-07-25T19:48:33Z,AE,mobile,0
TXN-2026-02980,41.15,pos,TELECOM,CUST-0164,2026-07-19T11:03:31Z,AE,pos_terminal,0
TXN-2026-02981,181.56,atm,TRAVEL,CUST-0756,2026-07-11T18:38:50Z,GB,mobile,0
TXN-2026-02982,133.5,pos,TELECOM,CUST-0277,2026-07-29T19:00:29Z,GB,mobile,0
TXN-2026-02983,129.84,ecom,TELECOM,CUST-0720,2026-07-02T13:22:21Z,AE,atm,0
TXN-2026-02984,69.48,pos,PHARMACY,CUST-0449,2026-06-21T09:35:59Z,SA,pos_terminal,0
TXN-2026-02985,196.52,pos,PHARMACY,CUST-0417,2026-06-14T18:47:55Z,SA,pos_terminal,0
TXN-2026-02986,279.15,pos,TRAVEL,CUST-0725,2026-07-30T20:06:13Z,AE,web,0
TXN-2026-02987,180.02,ecom,HEALTHCARE,CUST-0484,2026-07-27T10:32:11Z,AE,atm,0
TXN-2026-02988,307.04,ecom,HOME_GOODS,CUST-0221,2026-07-09T19:55:02Z,SA,atm,0
TXN-2026-02989,134.05,pos,RESTAURANT,CUST-0453,2026-06-21T14:42:58Z,SA,pos_terminal,0
TXN-2026-02990,94.26,atm,ELECTRONICS,CUST-0087,2026-06-12T01:53:59Z,US,pos_terminal,0
TXN-2026-02991,237.29,pos,FASHION,CUST-0258,2026-06-19T08:13:52Z,SA,atm,0
TXN-2026-02992,98.71,pos,HEALTHCARE,CUST-0259,2026-07-27T14:25:45Z,SA,pos_terminal,0
TXN-2026-02993,58.91,transfer,TELECOM,CUST-0520,2026-07-13T15:06:03Z,SA,web,0
TXN-2026-02994,17.48,pos,GROCERY,CUST-0382,2026-07-11T04:21:32Z,US,atm,0
TXN-2026-02995,136.08,ecom,ELECTRONICS,CUST-0379,2026-06-20T14:41:01Z,SA,pos_terminal,0
TXN-2026-02996,64.27,ecom,RESTAURANT,CUST-0432,2026-06-25T11:41:50Z,US,pos_terminal,0
TXN-2026-02997,40.85,pos,RESTAURANT,CUST-0767,2026-07-02T06:20:48Z,SA,pos_terminal,0
TXN-2026-02998,81.14,atm,ENTERTAINMENT,CUST-0747,2026-06-23T22:52:36Z,EG,atm,1
TXN-2026-02999,63.81,transfer,TELECOM,CUST-0656,2026-06-12T18:53:25Z,AE,pos_terminal,0
TXN-2026-03000,21.62,pos,TRAVEL,CUST-0091,2026-06-22T11:30:58Z,EG,web,0
TXN-2026-03001,50.07,pos,ELECTRONICS,CUST-0424,2026-07-10T15:02:34Z,SA,web,0
TXN-2026-03002,168.23,pos,JEWELRY,CUST-0159,2026-07-19T04:19:57Z,SA,web,1
TXN-2026-03003,246.45,transfer,UTILITIES,CUST-0734,2026-06-26T04:35:16Z,SA,atm,0
TXN-2026-03004,307.82,ecom,ONLINE_SERVICES,CUST-0694,2026-06-04T17:29:34Z,SA,pos_terminal,0
TXN-2026-03005,74.88,pos,ENTERTAINMENT,CUST-0025,2026-06-26T13:25:24Z,AE,web,0
TXN-2026-03006,58.91,atm,UTILITIES,CUST-0701,2026-06-11T21:47:22Z,SA,pos_terminal,0
TXN-2026-03007,178.89,pos,ENTERTAINMENT,CUST-0438,2026-07-07T04:13:51Z,SA,pos_terminal,0
TXN-2026-03008,686.65,ecom,UTILITIES,CUST-0163,2026-06-11T15:03:46Z,AE,atm,0
TXN-2026-03009,518.9,ecom,TELECOM,CUST-0260,2026-06-26T03:02:22Z,SA,pos_terminal,0
TXN-2026-03010,18.7,pos,JEWELRY,CUST-0762,2026-07-03T12:10:32Z,US,atm,0
TXN-2026-03011,787.85,ecom,FASHION,CUST-0257,2026-07-12T21:58:39Z,EG,mobile,0
TXN-2026-03012,125.05,ecom,PHARMACY,CUST-0438,2026-07-13T09:17:03Z,SA,web,0
TXN-2026-03013,24.55,pos,HEALTHCARE,CUST-0125,2026-07-08T02:51:08Z,SA,atm,0
TXN-2026-03014,139.33,transfer,RESTAURANT,CUST-0617,2026-07-22T00:05:49Z,SA,web,0
TXN-2026-03015,31.26,ecom,PHARMACY,CUST-0099,2026-06-24T04:13:04Z,SA,web,0
TXN-2026-03016,83.73,ecom,UTILITIES,CUST-0405,2026-07-20T00:37:35Z,SA,mobile,0
TXN-2026-03017,143.82,ecom,FUEL,CUST-0563,2026-06-08T05:39:22Z,SA,web,1
TXN-2026-03018,499.38,ecom,UTILITIES,CUST-0792,2026-07-12T18:40:48Z,SA,atm,0
TXN-2026-03019,160.0,atm,TRAVEL,CUST-0218,2026-06-14T16:58:49Z,GB,mobile,0
TXN-2026-03020,71.95,pos,HEALTHCARE,CUST-0075,2026-06-08T03:29:40Z,SA,atm,0
TXN-2026-03021,16.32,transfer,HOME_GOODS,CUST-0191,2026-07-07T20:07:11Z,SA,web,0
TXN-2026-03022,82.12,ecom,GROCERY,CUST-0683,2026-07-16T06:11:16Z,SA,web,0
TXN-2026-03023,69.28,ecom,TRAVEL,CUST-0729,2026-06-03T05:05:14Z,SA,mobile,0
TXN-2026-03024,128.46,pos,FASHION,CUST-0578,2026-06-25T15:43:01Z,SA,mobile,0
TXN-2026-03025,635.88,transfer,ENTERTAINMENT,CUST-0444,2026-06-27T23:08:38Z,SA,web,0
TXN-2026-03026,62.38,pos,FUEL,CUST-0342,2026-06-02T05:10:02Z,AE,mobile,0
TXN-2026-03027,42.29,ecom,GROCERY,CUST-0214,2026-06-24T06:04:38Z,AE,mobile,0
TXN-2026-03028,37.81,pos,PHARMACY,CUST-0351,2026-07-06T09:26:59Z,GB,atm,0
TXN-2026-03029,216.72,ecom,ENTERTAINMENT,CUST-0447,2026-06-02T20:28:25Z,AE,pos_terminal,0
TXN-2026-03030,22.4,transfer,RESTAURANT,CUST-0348,2026-06-01T02:31:57Z,SA,atm,0
TXN-2026-03031,90.94,transfer,TRAVEL,CUST-0249,2026-06-08T22:35:58Z,SA,web,0
TXN-2026-03032,304.04,pos,TRAVEL,CUST-0111,2026-06-05T19:38:02Z,EG,mobile,0
TXN-2026-03033,258.19,ecom,UTILITIES,CUST-0068,2026-07-01T02:46:05Z,GB,mobile,0
TXN-2026-03034,705.17,ecom,EDUCATION,CUST-0279,2026-07-29T16:35:25Z,SA,mobile,0
TXN-2026-03035,97.91,pos,UTILITIES,CUST-0058,2026-06-20T17:43:05Z,SA,mobile,0
TXN-2026-03036,236.81,pos,EDUCATION,CUST-0128,2026-07-29T10:44:26Z,GB,atm,0
TXN-2026-03037,60.58,pos,ONLINE_SERVICES,CUST-0347,2026-07-01T01:36:09Z,SA,atm,0
TXN-2026-03038,40.19,pos,TELECOM,CUST-0340,2026-07-19T01:08:56Z,SA,web,0
TXN-2026-03039,260.13,pos,JEWELRY,CUST-0236,2026-07-13T04:20:55Z,SA,web,1
TXN-2026-03040,319.0,ecom,UTILITIES,CUST-0362,2026-07-04T18:35:30Z,SA,pos_terminal,0
TXN-2026-03041,437.37,ecom,TELECOM,CUST-0176,2026-07-17T10:44:30Z,SA,web,0
TXN-2026-03042,121.45,pos,HOME_GOODS,CUST-0262,2026-06-26T21:27:12Z,AE,atm,0
TXN-2026-03043,11.93,pos,JEWELRY,CUST-0466,2026-06-26T21:22:08Z,SA,mobile,0
TXN-2026-03044,31.58,pos,ENTERTAINMENT,CUST-0567,2026-06-10T15:15:21Z,SA,web,0
TXN-2026-03045,20.16,pos,HOME_GOODS,CUST-0646,2026-06-16T08:49:03Z,SA,pos_terminal,0
TXN-2026-03046,119.2,pos,FUEL,CUST-0137,2026-07-15T10:11:55Z,US,web,0
TXN-2026-03047,25.41,pos,RESTAURANT,CUST-0430,2026-06-19T08:17:23Z,EG,mobile,0
TXN-2026-03048,40.07,transfer,RESTAURANT,CUST-0669,2026-06-10T02:04:06Z,GB,pos_terminal,0
TXN-2026-03049,13.49,pos,UTILITIES,CUST-0582,2026-06-06T20:35:34Z,AE,web,0
TXN-2026-03050,81.95,pos,RESTAURANT,CUST-0787,2026-06-05T05:39:07Z,SA,atm,0
TXN-2026-03051,32.96,ecom,FASHION,CUST-0258,2026-07-03T14:11:16Z,GB,web,0
TXN-2026-03052,81.94,transfer,ONLINE_SERVICES,CUST-0668,2026-07-19T20:36:51Z,SA,pos_terminal,0
TXN-2026-03053,13.44,pos,UTILITIES,CUST-0123,2026-07-25T08:30:56Z,SA,web,0
TXN-2026-03054,59.3,atm,JEWELRY,CUST-0477,2026-06-13T02:01:46Z,SA,web,0
TXN-2026-03055,676.47,ecom,JEWELRY,CUST-0245,2026-06-25T05:19:13Z,SA,mobile,0
TXN-2026-03056,41.13,pos,FUEL,CUST-0648,2026-06-25T03:46:01Z,US,atm,0
TXN-2026-03057,2351.92,atm,TRAVEL,CUST-0105,2026-07-04T15:38:44Z,SA,atm,0
TXN-2026-03058,45.55,pos,EDUCATION,CUST-0435,2026-07-08T00:06:06Z,SA,pos_terminal,0
TXN-2026-03059,45.18,pos,TELECOM,CUST-0426,2026-07-29T15:10:35Z,US,web,0
TXN-2026-03060,184.48,transfer,GROCERY,CUST-0116,2026-06-17T23:44:39Z,AE,web,0
TXN-2026-03061,809.82,pos,ONLINE_SERVICES,CUST-0782,2026-06-29T16:56:16Z,SA,mobile,0
TXN-2026-03062,41.56,pos,ELECTRONICS,CUST-0663,2026-06-17T12:00:41Z,GB,web,0
TXN-2026-03063,139.49,transfer,ELECTRONICS,CUST-0547,2026-06-24T05:33:45Z,EG,pos_terminal,0
TXN-2026-03064,47.48,ecom,HEALTHCARE,CUST-0332,2026-07-28T15:44:48Z,SA,web,0
TXN-2026-03065,863.98,ecom,ONLINE_SERVICES,CUST-0481,2026-06-14T12:28:27Z,SA,atm,0
TXN-2026-03066,111.51,pos,PHARMACY,CUST-0641,2026-07-17T21:34:06Z,EG,mobile,0
TXN-2026-03067,356.5,transfer,PHARMACY,CUST-0058,2026-06-02T04:33:22Z,US,atm,0
TXN-2026-03068,67.63,atm,FUEL,CUST-0016,2026-06-30T12:01:58Z,GB,pos_terminal,1
TXN-2026-03069,79.86,ecom,TRAVEL,CUST-0091,2026-06-25T09:53:41Z,AE,mobile,0
TXN-2026-03070,175.15,atm,PHARMACY,CUST-0134,2026-06-23T19:40:14Z,EG,atm,0
TXN-2026-03071,53.13,pos,EDUCATION,CUST-0657,2026-07-08T10:02:52Z,GB,atm,0
TXN-2026-03072,134.26,atm,PHARMACY,CUST-0372,2026-07-27T08:35:51Z,EG,web,0
TXN-2026-03073,71.09,ecom,FASHION,CUST-0763,2026-07-25T20:03:05Z,GB,pos_terminal,0
TXN-2026-03074,250.32,atm,ONLINE_SERVICES,CUST-0162,2026-07-19T13:20:56Z,SA,web,0
TXN-2026-03075,95.24,transfer,ONLINE_SERVICES,CUST-0599,2026-07-23T07:42:33Z,EG,pos_terminal,0
TXN-2026-03076,155.26,pos,FASHION,CUST-0001,2026-07-16T02:08:18Z,SA,atm,0
TXN-2026-03077,53.17,atm,JEWELRY,CUST-0227,2026-06-13T21:38:55Z,GB,atm,0
TXN-2026-03078,58.73,pos,FASHION,CUST-0342,2026-07-17T13:47:10Z,SA,pos_terminal,0
TXN-2026-03079,61.11,pos,TELECOM,CUST-0252,2026-07-09T15:33:31Z,SA,atm,0
TXN-2026-03080,72.49,ecom,TELECOM,CUST-0184,2026-07-24T06:42:13Z,SA,pos_terminal,0
TXN-2026-03081,312.58,atm,EDUCATION,CUST-0088,2026-07-03T11:18:18Z,SA,pos_terminal,0
TXN-2026-03082,71.52,atm,FUEL,CUST-0669,2026-07-29T17:34:03Z,SA,mobile,0
TXN-2026-03083,5.0,transfer,TELECOM,CUST-0743,2026-07-21T14:29:15Z,US,pos_terminal,0
TXN-2026-03084,48.09,pos,PHARMACY,CUST-0468,2026-07-27T01:13:16Z,SA,pos_terminal,0
TXN-2026-03085,112.14,ecom,ELECTRONICS,CUST-0791,2026-06-21T11:13:15Z,SA,web,0
TXN-2026-03086,21.29,pos,TELECOM,CUST-0256,2026-07-18T02:19:41Z,EG,pos_terminal,1
TXN-2026-03087,14.34,pos,FUEL,CUST-0386,2026-07-16T03:20:40Z,SA,pos_terminal,0
TXN-2026-03088,173.49,ecom,TRAVEL,CUST-0520,2026-06-17T21:08:29Z,GB,web,1
TXN-2026-03089,245.84,pos,ENTERTAINMENT,CUST-0581,2026-07-13T01:10:14Z,EG,web,0
TXN-2026-03090,88.97,pos,PHARMACY,CUST-0787,2026-07-04T17:38:57Z,SA,pos_terminal,0
TXN-2026-03091,275.8,ecom,ONLINE_SERVICES,CUST-0695,2026-07-15T18:17:20Z,US,pos_terminal,0
TXN-2026-03092,44.34,pos,PHARMACY,CUST-0443,2026-06-22T08:31:56Z,SA,mobile,0
TXN-2026-03093,7.8,pos,GROCERY,CUST-0704,2026-06-25T14:02:47Z,SA,atm,0
TXN-2026-03094,265.54,ecom,PHARMACY,CUST-0777,2026-07-28T22:02:53Z,GB,web,1
TXN-2026-03095,34.86,pos,ELECTRONICS,CUST-0255,2026-07-18T15:37:39Z,SA,mobile,0
TXN-2026-03096,260.81,pos,PHARMACY,CUST-0275,2026-06-19T20:11:45Z,SA,web,0
TXN-2026-03097,20.91,pos,ELECTRONICS,CUST-0515,2026-07-04T16:04:22Z,EG,atm,0
TXN-2026-03098,106.07,pos,FUEL,CUST-0333,2026-06-27T13:35:37Z,AE,mobile,0
TXN-2026-03099,55.84,pos,UTILITIES,CUST-0398,2026-06-27T03:55:58Z,SA,web,0
TXN-2026-03100,33.18,pos,RESTAURANT,CUST-0343,2026-06-24T02:32:09Z,EG,atm,0
TXN-2026-03101,594.2,ecom,FUEL,CUST-0149,2026-07-18T09:35:53Z,US,atm,0
TXN-2026-03102,778.88,ecom,EDUCATION,CUST-0539,2026-06-27T23:12:05Z,US,web,0
TXN-2026-03103,326.51,ecom,FUEL,CUST-0267,2026-06-12T05:48:22Z,SA,atm,0
TXN-2026-03104,28.19,pos,ELECTRONICS,CUST-0241,2026-07-08T22:49:00Z,SA,atm,0
TXN-2026-03105,366.47,ecom,JEWELRY,CUST-0093,2026-07-14T20:01:53Z,EG,pos_terminal,0
TXN-2026-03106,32.51,pos,EDUCATION,CUST-0398,2026-06-27T06:22:26Z,GB,web,0
TXN-2026-03107,29.76,ecom,FASHION,CUST-0401,2026-06-20T02:00:51Z,AE,mobile,0
TXN-2026-03108,175.65,pos,HOME_GOODS,CUST-0727,2026-06-02T06:48:08Z,AE,web,0
TXN-2026-03109,25.94,pos,EDUCATION,CUST-0391,2026-06-15T10:53:26Z,SA,mobile,0
TXN-2026-03110,188.9,atm,GROCERY,CUST-0708,2026-06-28T21:45:46Z,EG,atm,0
TXN-2026-03111,844.85,transfer,UTILITIES,CUST-0205,2026-06-07T20:59:10Z,SA,atm,0
TXN-2026-03112,115.65,pos,RESTAURANT,CUST-0618,2026-06-26T07:25:41Z,AE,atm,0
TXN-2026-03113,91.25,transfer,PHARMACY,CUST-0425,2026-06-01T06:12:43Z,GB,mobile,0
TXN-2026-03114,65.85,ecom,FASHION,CUST-0684,2026-06-23T20:44:12Z,SA,web,0
TXN-2026-03115,41.06,pos,HEALTHCARE,CUST-0706,2026-06-07T18:40:21Z,SA,web,0
TXN-2026-03116,118.29,ecom,JEWELRY,CUST-0413,2026-07-25T19:18:50Z,SA,pos_terminal,0
TXN-2026-03117,269.96,ecom,TELECOM,CUST-0244,2026-06-18T18:29:28Z,GB,atm,0
TXN-2026-03118,36.65,pos,HEALTHCARE,CUST-0092,2026-06-09T16:57:10Z,SA,atm,0
TXN-2026-03119,204.72,ecom,ONLINE_SERVICES,CUST-0276,2026-07-25T04:36:19Z,AE,pos_terminal,1
TXN-2026-03120,516.87,atm,HEALTHCARE,CUST-0763,2026-07-24T13:55:25Z,SA,web,0
TXN-2026-03121,657.24,pos,EDUCATION,CUST-0641,2026-07-09T11:46:25Z,GB,web,0
TXN-2026-03122,183.44,ecom,UTILITIES,CUST-0214,2026-07-22T00:59:07Z,AE,mobile,0
TXN-2026-03123,256.68,ecom,PHARMACY,CUST-0109,2026-07-16T16:31:34Z,SA,atm,0
TXN-2026-03124,175.88,pos,TELECOM,CUST-0685,2026-07-11T22:13:35Z,SA,mobile,0
TXN-2026-03125,62.01,pos,ENTERTAINMENT,CUST-0438,2026-06-11T00:12:41Z,GB,web,0
TXN-2026-03126,98.89,ecom,TELECOM,CUST-0257,2026-06-01T14:40:06Z,SA,pos_terminal,0
TXN-2026-03127,55.92,atm,HOME_GOODS,CUST-0294,2026-07-01T01:20:16Z,US,atm,1
TXN-2026-03128,34.68,pos,FASHION,CUST-0250,2026-07-06T20:34:31Z,SA,mobile,0
TXN-2026-03129,32.7,pos,HOME_GOODS,CUST-0547,2026-06-07T04:37:51Z,SA,atm,0
TXN-2026-03130,94.41,pos,FASHION,CUST-0430,2026-06-20T00:54:05Z,AE,atm,0
TXN-2026-03131,639.65,ecom,GROCERY,CUST-0788,2026-07-04T16:20:16Z,US,atm,0
TXN-2026-03132,134.47,pos,FASHION,CUST-0727,2026-07-25T12:48:36Z,SA,mobile,0
TXN-2026-03133,115.93,ecom,ONLINE_SERVICES,CUST-0589,2026-06-15T04:06:12Z,SA,pos_terminal,0
TXN-2026-03134,405.86,ecom,FASHION,CUST-0677,2026-06-23T20:04:06Z,SA,mobile,0
TXN-2026-03135,16.59,pos,FASHION,CUST-0766,2026-06-05T05:20:36Z,GB,mobile,0
TXN-2026-03136,52.28,atm,TRAVEL,CUST-0234,2026-06-29T21:26:29Z,US,atm,0
TXN-2026-03137,36.67,ecom,PHARMACY,CUST-0746,2026-07-01T17:13:34Z,GB,pos_terminal,0
TXN-2026-03138,165.36,ecom,GROCERY,CUST-0717,2026-06-27T07:10:44Z,SA,atm,0
TXN-2026-03139,949.17,ecom,TELECOM,CUST-0249,2026-07-06T10:07:14Z,SA,mobile,0
TXN-2026-03140,25.65,ecom,GROCERY,CUST-0482,2026-06-26T14:31:04Z,SA,web,0
TXN-2026-03141,80.99,ecom,ENTERTAINMENT,CUST-0160,2026-06-03T11:32:39Z,SA,web,0
TXN-2026-03142,46.99,pos,GROCERY,CUST-0014,2026-07-01T03:38:55Z,SA,pos_terminal,0
TXN-2026-03143,224.21,pos,EDUCATION,CUST-0388,2026-07-24T13:30:16Z,EG,mobile,0
TXN-2026-03144,53.01,pos,ENTERTAINMENT,CUST-0317,2026-06-29T23:19:51Z,AE,web,0
TXN-2026-03145,171.69,atm,ONLINE_SERVICES,CUST-0671,2026-06-08T16:23:06Z,SA,mobile,0
TXN-2026-03146,486.72,ecom,RESTAURANT,CUST-0444,2026-06-23T02:20:29Z,US,pos_terminal,1
TXN-2026-03147,575.09,pos,FUEL,CUST-0378,2026-07-05T06:32:47Z,SA,mobile,0
TXN-2026-03148,117.3,pos,PHARMACY,CUST-0229,2026-07-02T10:32:27Z,SA,web,0
TXN-2026-03149,39.81,pos,HEALTHCARE,CUST-0353,2026-07-05T18:09:15Z,AE,pos_terminal,0
TXN-2026-03150,47.24,pos,GROCERY,CUST-0788,2026-07-27T10:46:30Z,SA,atm,0
TXN-2026-03151,624.15,atm,FASHION,CUST-0208,2026-06-25T03:42:33Z,US,web,0
TXN-2026-03152,5.0,ecom,UTILITIES,CUST-0705,2026-07-18T08:30:26Z,SA,web,0
TXN-2026-03153,117.14,ecom,FASHION,CUST-0353,2026-07-19T22:11:26Z,SA,web,0
TXN-2026-03154,89.0,pos,HEALTHCARE,CUST-0626,2026-07-20T22:11:59Z,SA,web,0
TXN-2026-03155,33.73,transfer,FUEL,CUST-0783,2026-07-08T08:55:46Z,SA,pos_terminal,0
TXN-2026-03156,80.51,pos,HOME_GOODS,CUST-0377,2026-07-05T16:56:59Z,SA,mobile,0
TXN-2026-03157,74.95,pos,GROCERY,CUST-0356,2026-06-13T10:42:19Z,SA,pos_terminal,0
TXN-2026-03158,561.75,atm,JEWELRY,CUST-0594,2026-06-07T13:53:50Z,US,web,0
TXN-2026-03159,19.25,pos,FUEL,CUST-0376,2026-07-29T17:20:24Z,AE,web,0
TXN-2026-03160,105.11,pos,UTILITIES,CUST-0396,2026-07-05T05:13:01Z,SA,pos_terminal,0
TXN-2026-03161,89.91,ecom,FUEL,CUST-0667,2026-06-14T12:13:04Z,US,web,0
TXN-2026-03162,30.29,pos,GROCERY,CUST-0568,2026-06-26T04:32:49Z,SA,web,0
TXN-2026-03163,1090.01,pos,HOME_GOODS,CUST-0624,2026-07-13T15:18:36Z,SA,mobile,0
TXN-2026-03164,1169.63,pos,UTILITIES,CUST-0246,2026-07-14T01:14:06Z,SA,mobile,0
TXN-2026-03165,79.17,transfer,TRAVEL,CUST-0184,2026-06-21T09:04:18Z,SA,pos_terminal,0
TXN-2026-03166,85.89,pos,TELECOM,CUST-0388,2026-07-24T03:40:00Z,AE,atm,0
TXN-2026-03167,204.57,ecom,HEALTHCARE,CUST-0425,2026-07-26T12:57:00Z,AE,atm,0
TXN-2026-03168,101.44,pos,FASHION,CUST-0653,2026-07-03T20:39:06Z,US,web,0
TXN-2026-03169,83.19,pos,ENTERTAINMENT,CUST-0427,2026-07-01T07:54:52Z,SA,mobile,0
TXN-2026-03170,223.25,atm,TELECOM,CUST-0058,2026-06-14T16:36:12Z,EG,pos_terminal,1
TXN-2026-03171,523.01,atm,UTILITIES,CUST-0079,2026-06-24T00:10:15Z,SA,pos_terminal,0
TXN-2026-03172,64.19,pos,FUEL,CUST-0768,2026-07-05T10:14:59Z,SA,web,0
TXN-2026-03173,53.43,ecom,PHARMACY,CUST-0467,2026-06-05T05:36:58Z,SA,pos_terminal,0
TXN-2026-03174,154.15,pos,GROCERY,CUST-0593,2026-07-13T17:04:22Z,SA,mobile,0
TXN-2026-03175,349.13,pos,ENTERTAINMENT,CUST-0143,2026-06-08T05:26:38Z,US,web,0
TXN-2026-03176,482.54,atm,EDUCATION,CUST-0047,2026-06-15T19:18:15Z,SA,web,0
TXN-2026-03177,139.15,ecom,TRAVEL,CUST-0047,2026-07-23T04:50:15Z,SA,pos_terminal,0
TXN-2026-03178,254.03,transfer,UTILITIES,CUST-0777,2026-06-26T11:16:13Z,AE,web,0
TXN-2026-03179,324.72,pos,RESTAURANT,CUST-0538,2026-06-19T17:26:41Z,SA,web,0
TXN-2026-03180,286.75,ecom,EDUCATION,CUST-0048,2026-07-13T16:54:31Z,SA,pos_terminal,0
TXN-2026-03181,71.89,transfer,ENTERTAINMENT,CUST-0129,2026-07-10T01:30:16Z,AE,pos_terminal,0
TXN-2026-03182,146.22,pos,ELECTRONICS,CUST-0708,2026-07-02T08:54:45Z,SA,mobile,0
TXN-2026-03183,81.32,atm,HEALTHCARE,CUST-0696,2026-07-02T06:30:18Z,AE,atm,0
TXN-2026-03184,35.11,pos,RESTAURANT,CUST-0006,2026-07-20T09:54:56Z,GB,pos_terminal,0
TXN-2026-03185,105.25,pos,JEWELRY,CUST-0002,2026-06-10T11:53:54Z,SA,pos_terminal,1
TXN-2026-03186,96.92,ecom,EDUCATION,CUST-0222,2026-06-09T12:38:49Z,EG,atm,0
TXN-2026-03187,9.41,pos,FASHION,CUST-0441,2026-06-28T06:25:30Z,SA,atm,0
TXN-2026-03188,43.18,atm,JEWELRY,CUST-0268,2026-07-02T12:56:17Z,SA,web,0
TXN-2026-03189,68.46,atm,PHARMACY,CUST-0640,2026-07-18T22:56:54Z,US,mobile,0
TXN-2026-03190,5.0,transfer,RESTAURANT,CUST-0551,2026-06-06T02:16:39Z,GB,pos_terminal,0
TXN-2026-03191,124.28,ecom,UTILITIES,CUST-0207,2026-06-18T18:39:02Z,US,atm,0
TXN-2026-03192,40.74,pos,HOME_GOODS,CUST-0618,2026-06-29T07:39:24Z,SA,mobile,0
TXN-2026-03193,760.36,ecom,TELECOM,CUST-0352,2026-07-25T23:37:06Z,SA,mobile,0
TXN-2026-03194,535.13,ecom,ENTERTAINMENT,CUST-0113,2026-07-10T20:17:56Z,SA,mobile,0
TXN-2026-03195,273.8,atm,JEWELRY,CUST-0107,2026-07-13T14:51:04Z,US,mobile,0
TXN-2026-03196,116.16,ecom,RESTAURANT,CUST-0519,2026-06-05T03:02:16Z,EG,atm,1
TXN-2026-03197,39.58,transfer,FUEL,CUST-0114,2026-06-11T17:53:04Z,SA,mobile,0
TXN-2026-03198,263.06,atm,ONLINE_SERVICES,CUST-0503,2026-06-24T20:10:16Z,SA,atm,0
TXN-2026-03199,9.79,pos,JEWELRY,CUST-0713,2026-06-04T22:50:17Z,SA,atm,0
TXN-2026-03200,48.6,pos,PHARMACY,CUST-0209,2026-07-02T00:31:52Z,SA,atm,0
TXN-2026-03201,39.56,transfer,ELECTRONICS,CUST-0728,2026-06-01T01:47:46Z,AE,mobile,0
TXN-2026-03202,15.22,pos,TRAVEL,CUST-0379,2026-06-29T19:31:10Z,US,web,0
TXN-2026-03203,275.23,ecom,FASHION,CUST-0339,2026-07-08T22:31:36Z,SA,pos_terminal,0
TXN-2026-03204,496.82,transfer,ENTERTAINMENT,CUST-0658,2026-06-27T20:52:56Z,EG,pos_terminal,0
TXN-2026-03205,143.78,atm,HEALTHCARE,CUST-0473,2026-06-04T22:20:12Z,SA,pos_terminal,0
TXN-2026-03206,151.83,pos,FUEL,CUST-0605,2026-06-08T17:20:12Z,US,mobile,0
TXN-2026-03207,45.68,ecom,FASHION,CUST-0230,2026-06-13T03:26:43Z,US,atm,0
TXN-2026-03208,809.05,ecom,GROCERY,CUST-0152,2026-07-16T23:44:29Z,SA,atm,0
TXN-2026-03209,123.74,atm,EDUCATION,CUST-0421,2026-07-09T00:44:18Z,SA,mobile,0
TXN-2026-03210,237.45,pos,FUEL,CUST-0737,2026-06-10T23:22:19Z,SA,mobile,0
TXN-2026-03211,70.13,pos,FASHION,CUST-0069,2026-06-04T09:24:51Z,GB,web,0
TXN-2026-03212,215.47,ecom,FUEL,CUST-0046,2026-07-29T03:20:45Z,EG,mobile,0
TXN-2026-03213,58.62,pos,HEALTHCARE,CUST-0244,2026-06-26T10:18:41Z,SA,pos_terminal,0
TXN-2026-03214,146.89,pos,TRAVEL,CUST-0651,2026-07-15T13:36:17Z,SA,pos_terminal,0
TXN-2026-03215,60.96,pos,ELECTRONICS,CUST-0764,2026-06-24T17:56:04Z,SA,mobile,0
TXN-2026-03216,7.2,pos,ELECTRONICS,CUST-0464,2026-06-29T17:48:59Z,US,pos_terminal,0
TXN-2026-03217,46.87,pos,GROCERY,CUST-0113,2026-07-02T00:23:10Z,EG,mobile,0
TXN-2026-03218,91.41,ecom,EDUCATION,CUST-0545,2026-07-20T06:21:59Z,US,web,0
TXN-2026-03219,113.08,atm,RESTAURANT,CUST-0155,2026-07-13T11:04:23Z,SA,atm,0
TXN-2026-03220,264.35,atm,ENTERTAINMENT,CUST-0602,2026-07-26T18:12:30Z,AE,pos_terminal,0
TXN-2026-03221,78.08,pos,HOME_GOODS,CUST-0203,2026-06-05T19:31:27Z,SA,mobile,0
TXN-2026-03222,39.83,pos,ELECTRONICS,CUST-0276,2026-06-05T10:09:44Z,US,pos_terminal,0
TXN-2026-03223,543.85,atm,TELECOM,CUST-0692,2026-07-18T21:32:06Z,SA,mobile,0
TXN-2026-03224,115.42,pos,ONLINE_SERVICES,CUST-0708,2026-07-06T17:17:02Z,AE,web,0
TXN-2026-03225,692.0,atm,HOME_GOODS,CUST-0683,2026-07-27T03:51:08Z,US,mobile,1
TXN-2026-03226,35.64,pos,HEALTHCARE,CUST-0616,2026-07-08T19:55:00Z,EG,mobile,0
TXN-2026-03227,108.58,ecom,GROCERY,CUST-0290,2026-07-24T23:07:44Z,SA,pos_terminal,0
TXN-2026-03228,89.55,pos,UTILITIES,CUST-0728,2026-06-28T18:37:02Z,SA,mobile,0
TXN-2026-03229,18.13,pos,FASHION,CUST-0719,2026-07-11T02:10:58Z,AE,atm,0
TXN-2026-03230,150.31,atm,TRAVEL,CUST-0433,2026-07-14T23:46:22Z,SA,atm,0
TXN-2026-03231,300.1,ecom,HOME_GOODS,CUST-0274,2026-07-08T22:46:20Z,SA,web,0
TXN-2026-03232,11.17,pos,RESTAURANT,CUST-0593,2026-06-17T23:27:23Z,US,pos_terminal,0
TXN-2026-03233,100.99,pos,ENTERTAINMENT,CUST-0430,2026-06-19T18:39:22Z,SA,pos_terminal,0
TXN-2026-03234,84.86,ecom,EDUCATION,CUST-0514,2026-06-26T08:22:02Z,US,web,0
TXN-2026-03235,33.13,pos,TELECOM,CUST-0331,2026-06-15T00:30:09Z,AE,atm,0
TXN-2026-03236,28.0,transfer,FUEL,CUST-0097,2026-07-26T18:23:52Z,EG,atm,0
TXN-2026-03237,170.38,pos,PHARMACY,CUST-0764,2026-06-16T09:56:02Z,SA,pos_terminal,0
TXN-2026-03238,254.94,atm,UTILITIES,CUST-0286,2026-06-23T18:34:59Z,SA,web,0
TXN-2026-03239,159.35,pos,PHARMACY,CUST-0628,2026-07-22T04:29:27Z,SA,web,0
TXN-2026-03240,29.0,pos,EDUCATION,CUST-0552,2026-07-28T08:07:34Z,SA,pos_terminal,0
TXN-2026-03241,318.39,atm,EDUCATION,CUST-0575,2026-07-03T00:05:55Z,GB,atm,1
TXN-2026-03242,5.0,pos,ONLINE_SERVICES,CUST-0028,2026-06-02T04:47:24Z,AE,pos_terminal,0
TXN-2026-03243,179.59,pos,TELECOM,CUST-0285,2026-06-16T19:04:01Z,SA,web,0
TXN-2026-03244,207.05,ecom,HOME_GOODS,CUST-0754,2026-07-18T13:29:54Z,SA,atm,0
TXN-2026-03245,402.39,ecom,UTILITIES,CUST-0482,2026-07-06T07:32:16Z,SA,atm,0
TXN-2026-03246,13.12,pos,EDUCATION,CUST-0178,2026-07-01T22:30:50Z,EG,web,0
TXN-2026-03247,1386.38,pos,RESTAURANT,CUST-0146,2026-06-09T04:16:08Z,EG,atm,1
TXN-2026-03248,31.7,pos,ENTERTAINMENT,CUST-0789,2026-06-22T01:10:06Z,EG,web,0
TXN-2026-03249,32.2,pos,GROCERY,CUST-0317,2026-07-04T07:37:52Z,US,atm,0
TXN-2026-03250,605.76,atm,TRAVEL,CUST-0518,2026-06-30T10:57:44Z,SA,pos_terminal,0
TXN-2026-03251,70.97,ecom,TELECOM,CUST-0771,2026-07-17T07:43:37Z,SA,pos_terminal,0
TXN-2026-03252,100.56,ecom,TRAVEL,CUST-0661,2026-06-27T22:42:45Z,GB,pos_terminal,0
TXN-2026-03253,173.63,ecom,ELECTRONICS,CUST-0538,2026-07-04T13:13:45Z,US,mobile,0
TXN-2026-03254,24.8,pos,HEALTHCARE,CUST-0588,2026-07-21T18:08:45Z,SA,mobile,0
TXN-2026-03255,111.67,transfer,PHARMACY,CUST-0236,2026-07-02T15:36:27Z,SA,atm,0
TXN-2026-03256,19.16,transfer,ONLINE_SERVICES,CUST-0518,2026-06-19T18:39:56Z,GB,atm,0
TXN-2026-03257,96.2,pos,HOME_GOODS,CUST-0647,2026-06-02T00:06:47Z,AE,web,0
TXN-2026-03258,32.2,ecom,ONLINE_SERVICES,CUST-0418,2026-07-08T10:06:16Z,SA,atm,0
TXN-2026-03259,821.98,ecom,GROCERY,CUST-0015,2026-07-01T05:17:10Z,SA,atm,0
TXN-2026-03260,45.28,pos,HEALTHCARE,CUST-0657,2026-06-09T19:19:52Z,SA,mobile,0
TXN-2026-03261,100.8,ecom,HEALTHCARE,CUST-0601,2026-06-14T08:13:48Z,SA,pos_terminal,0
TXN-2026-03262,122.48,ecom,UTILITIES,CUST-0443,2026-06-29T06:16:57Z,SA,atm,0
TXN-2026-03263,192.86,pos,RESTAURANT,CUST-0494,2026-07-09T02:16:00Z,GB,atm,1
TXN-2026-03264,227.0,ecom,HOME_GOODS,CUST-0703,2026-06-27T02:42:36Z,SA,atm,0
TXN-2026-03265,44.48,transfer,ONLINE_SERVICES,CUST-0725,2026-07-25T23:05:29Z,SA,web,0
TXN-2026-03266,74.03,pos,FUEL,CUST-0236,2026-07-21T23:03:13Z,SA,pos_terminal,0
TXN-2026-03267,215.69,pos,TRAVEL,CUST-0587,2026-06-29T23:47:56Z,US,atm,0
TXN-2026-03268,506.3,pos,JEWELRY,CUST-0747,2026-07-13T15:11:33Z,SA,pos_terminal,0
TXN-2026-03269,106.94,pos,UTILITIES,CUST-0744,2026-07-10T22:40:50Z,SA,atm,0
TXN-2026-03270,17.75,pos,ONLINE_SERVICES,CUST-0243,2026-07-29T14:21:25Z,AE,pos_terminal,0
TXN-2026-03271,210.11,pos,ONLINE_SERVICES,CUST-0327,2026-06-26T06:01:03Z,US,web,0
TXN-2026-03272,312.19,transfer,EDUCATION,CUST-0729,2026-06-05T12:16:03Z,GB,atm,0
TXN-2026-03273,266.17,pos,FASHION,CUST-0664,2026-06-06T06:47:41Z,EG,web,0
TXN-2026-03274,315.93,ecom,HEALTHCARE,CUST-0705,2026-06-16T19:26:23Z,SA,atm,0
TXN-2026-03275,85.53,pos,HEALTHCARE,CUST-0610,2026-07-01T22:03:21Z,EG,pos_terminal,0
TXN-2026-03276,5.0,ecom,GROCERY,CUST-0599,2026-07-15T18:58:38Z,US,mobile,0
TXN-2026-03277,28.95,pos,UTILITIES,CUST-0490,2026-07-20T22:52:06Z,SA,web,0
TXN-2026-03278,17.22,pos,HOME_GOODS,CUST-0586,2026-07-05T17:18:04Z,EG,atm,0
TXN-2026-03279,432.09,ecom,TRAVEL,CUST-0070,2026-06-05T23:37:22Z,US,mobile,0
TXN-2026-03280,34.0,transfer,PHARMACY,CUST-0683,2026-06-10T07:44:23Z,EG,web,0
TXN-2026-03281,131.73,atm,TELECOM,CUST-0027,2026-07-13T04:49:09Z,SA,web,0
TXN-2026-03282,302.55,transfer,JEWELRY,CUST-0366,2026-07-02T03:23:46Z,SA,pos_terminal,0
TXN-2026-03283,79.18,transfer,FUEL,CUST-0497,2026-07-18T15:17:26Z,AE,pos_terminal,0
TXN-2026-03284,154.76,ecom,TELECOM,CUST-0466,2026-06-01T03:35:22Z,SA,mobile,0
TXN-2026-03285,960.29,atm,PHARMACY,CUST-0318,2026-06-22T17:07:41Z,SA,pos_terminal,0
TXN-2026-03286,832.22,pos,TELECOM,CUST-0112,2026-07-23T13:31:38Z,GB,pos_terminal,0
TXN-2026-03287,37.83,ecom,EDUCATION,CUST-0458,2026-07-21T20:18:24Z,EG,web,0
TXN-2026-03288,48.32,pos,ENTERTAINMENT,CUST-0240,2026-06-27T07:12:30Z,SA,web,0
TXN-2026-03289,504.68,ecom,ONLINE_SERVICES,CUST-0175,2026-06-12T06:31:18Z,SA,atm,0
TXN-2026-03290,26.52,pos,TRAVEL,CUST-0321,2026-06-21T20:00:16Z,GB,web,0
TXN-2026-03291,189.79,ecom,TRAVEL,CUST-0657,2026-07-08T15:28:15Z,US,atm,1
TXN-2026-03292,100.49,atm,TELECOM,CUST-0546,2026-07-06T02:28:48Z,AE,atm,0
TXN-2026-03293,161.32,ecom,UTILITIES,CUST-0210,2026-06-29T09:32:47Z,EG,pos_terminal,0
TXN-2026-03294,97.83,pos,UTILITIES,CUST-0251,2026-06-17T08:50:46Z,US,mobile,0
TXN-2026-03295,67.88,pos,FASHION,CUST-0186,2026-06-16T14:40:10Z,SA,web,0
TXN-2026-03296,11.81,ecom,ENTERTAINMENT,CUST-0281,2026-06-05T19:05:59Z,GB,pos_terminal,0
TXN-2026-03297,15.72,pos,TRAVEL,CUST-0227,2026-06-29T07:24:20Z,EG,pos_terminal,0
TXN-2026-03298,70.33,ecom,ONLINE_SERVICES,CUST-0747,2026-06-12T09:26:08Z,GB,mobile,0
TXN-2026-03299,117.76,atm,EDUCATION,CUST-0057,2026-06-24T06:56:45Z,EG,atm,0
TXN-2026-03300,66.93,ecom,GROCERY,CUST-0600,2026-07-16T03:38:25Z,SA,atm,0
TXN-2026-03301,231.09,ecom,HOME_GOODS,CUST-0482,2026-07-21T15:12:29Z,US,web,1
TXN-2026-03302,257.25,ecom,ONLINE_SERVICES,CUST-0481,2026-06-16T13:54:24Z,US,mobile,0
TXN-2026-03303,215.38,atm,TELECOM,CUST-0516,2026-06-24T21:02:28Z,SA,atm,0
TXN-2026-03304,1197.16,atm,HEALTHCARE,CUST-0625,2026-07-16T05:44:09Z,US,pos_terminal,1
TXN-2026-03305,147.57,pos,PHARMACY,CUST-0396,2026-07-18T11:27:31Z,SA,mobile,0
TXN-2026-03306,332.88,pos,JEWELRY,CUST-0328,2026-06-18T20:20:35Z,SA,atm,0
TXN-2026-03307,403.33,pos,PHARMACY,CUST-0312,2026-07-15T17:51:00Z,EG,web,0
TXN-2026-03308,36.15,ecom,ENTERTAINMENT,CUST-0347,2026-07-26T19:23:02Z,GB,mobile,0
TXN-2026-03309,163.37,ecom,ENTERTAINMENT,CUST-0419,2026-07-06T07:35:28Z,SA,web,0
TXN-2026-03310,34.03,transfer,RESTAURANT,CUST-0534,2026-07-06T04:07:18Z,SA,pos_terminal,0
TXN-2026-03311,337.06,atm,FUEL,CUST-0003,2026-07-24T16:23:33Z,SA,mobile,0
TXN-2026-03312,1361.1,ecom,JEWELRY,CUST-0268,2026-07-30T03:27:28Z,SA,web,0
TXN-2026-03313,47.48,transfer,ENTERTAINMENT,CUST-0048,2026-07-21T07:47:58Z,EG,pos_terminal,0
TXN-2026-03314,319.52,pos,HEALTHCARE,CUST-0004,2026-06-29T15:57:42Z,SA,pos_terminal,0
TXN-2026-03315,174.62,atm,HEALTHCARE,CUST-0705,2026-07-03T17:04:01Z,EG,pos_terminal,0
TXN-2026-03316,75.93,pos,ENTERTAINMENT,CUST-0155,2026-07-21T15:40:09Z,SA,mobile,0
TXN-2026-03317,578.58,pos,GROCERY,CUST-0294,2026-07-30T09:37:15Z,SA,atm,0
TXN-2026-03318,2509.39,ecom,FUEL,CUST-0536,2026-06-06T10:40:23Z,US,atm,1
TXN-2026-03319,55.53,pos,UTILITIES,CUST-0283,2026-07-26T09:21:35Z,AE,mobile,0
TXN-2026-03320,189.38,ecom,TRAVEL,CUST-0568,2026-07-26T18:39:43Z,SA,atm,0
TXN-2026-03321,130.48,pos,PHARMACY,CUST-0341,2026-06-03T21:14:50Z,US,web,0
TXN-2026-03322,201.55,pos,TRAVEL,CUST-0414,2026-06-21T16:58:47Z,SA,atm,0
TXN-2026-03323,50.72,atm,EDUCATION,CUST-0067,2026-06-12T08:17:41Z,US,atm,0
TXN-2026-03324,76.63,ecom,EDUCATION,CUST-0688,2026-07-16T17:01:17Z,US,atm,0
TXN-2026-03325,40.04,ecom,FUEL,CUST-0011,2026-07-07T18:32:28Z,SA,mobile,0
TXN-2026-03326,193.2,transfer,JEWELRY,CUST-0015,2026-07-11T17:18:24Z,SA,web,0
TXN-2026-03327,53.52,pos,TELECOM,CUST-0259,2026-06-10T11:14:26Z,SA,web,0
TXN-2026-03328,1336.84,ecom,FUEL,CUST-0608,2026-07-21T23:40:37Z,AE,atm,1
TXN-2026-03329,272.62,ecom,ONLINE_SERVICES,CUST-0578,2026-07-28T07:41:14Z,SA,pos_terminal,0
TXN-2026-03330,180.92,transfer,GROCERY,CUST-0097,2026-07-23T02:16:53Z,AE,atm,1
TXN-2026-03331,47.92,pos,ELECTRONICS,CUST-0272,2026-06-19T11:43:42Z,SA,atm,0
TXN-2026-03332,38.54,ecom,PHARMACY,CUST-0293,2026-07-24T18:51:56Z,SA,web,0
TXN-2026-03333,303.89,ecom,ENTERTAINMENT,CUST-0261,2026-07-09T06:51:35Z,SA,atm,0
TXN-2026-03334,451.23,transfer,HEALTHCARE,CUST-0402,2026-06-01T22:51:31Z,AE,mobile,0
TXN-2026-03335,64.12,pos,TRAVEL,CUST-0277,2026-06-23T06:18:09Z,EG,pos_terminal,0
TXN-2026-03336,424.44,ecom,TRAVEL,CUST-0089,2026-06-10T02:13:34Z,AE,mobile,1
TXN-2026-03337,90.61,ecom,PHARMACY,CUST-0010,2026-07-11T11:49:09Z,GB,pos_terminal,1
TXN-2026-03338,125.77,transfer,JEWELRY,CUST-0412,2026-06-18T20:56:33Z,SA,mobile,0
TXN-2026-03339,114.99,pos,GROCERY,CUST-0193,2026-07-10T06:31:33Z,SA,web,0
TXN-2026-03340,20.52,pos,RESTAURANT,CUST-0482,2026-07-17T13:28:18Z,US,pos_terminal,0
TXN-2026-03341,432.74,ecom,FASHION,CUST-0595,2026-06-29T20:45:29Z,AE,web,0
TXN-2026-03342,58.01,pos,ONLINE_SERVICES,CUST-0297,2026-07-27T15:10:55Z,US,atm,0
TXN-2026-03343,17.24,transfer,PHARMACY,CUST-0005,2026-07-28T14:41:32Z,SA,web,0
TXN-2026-03344,447.71,pos,TELECOM,CUST-0078,2026-07-26T03:30:28Z,SA,pos_terminal,0
TXN-2026-03345,28.83,ecom,RESTAURANT,CUST-0697,2026-07-21T21:56:46Z,SA,mobile,0
TXN-2026-03346,12.39,pos,HOME_GOODS,CUST-0413,2026-07-03T16:53:44Z,EG,web,0
TXN-2026-03347,106.53,atm,ONLINE_SERVICES,CUST-0685,2026-06-24T15:15:16Z,SA,pos_terminal,0
TXN-2026-03348,61.29,pos,FUEL,CUST-0087,2026-07-16T12:22:03Z,AE,atm,0
TXN-2026-03349,94.58,pos,TRAVEL,CUST-0669,2026-06-10T10:06:40Z,SA,atm,0
TXN-2026-03350,62.18,transfer,EDUCATION,CUST-0102,2026-07-04T09:02:04Z,EG,atm,0
TXN-2026-03351,11.16,pos,TRAVEL,CUST-0668,2026-07-10T15:41:22Z,SA,atm,0
TXN-2026-03352,111.77,transfer,GROCERY,CUST-0429,2026-07-06T21:59:10Z,SA,pos_terminal,0
TXN-2026-03353,43.99,pos,UTILITIES,CUST-0201,2026-06-02T06:39:00Z,SA,mobile,0
TXN-2026-03354,216.65,atm,HEALTHCARE,CUST-0350,2026-07-21T01:30:00Z,SA,pos_terminal,0
TXN-2026-03355,993.65,pos,JEWELRY,CUST-0669,2026-07-10T05:04:14Z,SA,atm,0
TXN-2026-03356,78.34,atm,TRAVEL,CUST-0121,2026-06-30T21:43:11Z,EG,pos_terminal,0
TXN-2026-03357,61.99,pos,UTILITIES,CUST-0693,2026-06-19T07:41:05Z,US,pos_terminal,0
TXN-2026-03358,643.49,ecom,GROCERY,CUST-0275,2026-07-18T08:48:27Z,SA,atm,0
TXN-2026-03359,218.95,atm,PHARMACY,CUST-0490,2026-07-29T10:34:15Z,GB,pos_terminal,1
TXN-2026-03360,131.1,ecom,ENTERTAINMENT,CUST-0760,2026-07-11T02:50:14Z,EG,mobile,1
TXN-2026-03361,90.65,pos,FUEL,CUST-0776,2026-06-08T01:05:19Z,US,mobile,1
TXN-2026-03362,479.87,ecom,TELECOM,CUST-0633,2026-06-01T13:10:11Z,US,mobile,0
TXN-2026-03363,19.63,pos,EDUCATION,CUST-0762,2026-06-15T07:07:24Z,SA,pos_terminal,0
TXN-2026-03364,17.84,transfer,RESTAURANT,CUST-0563,2026-07-09T18:18:20Z,GB,pos_terminal,0
TXN-2026-03365,191.31,ecom,GROCERY,CUST-0653,2026-07-16T00:00:53Z,EG,atm,0
TXN-2026-03366,99.05,ecom,TRAVEL,CUST-0239,2026-07-01T13:15:23Z,SA,pos_terminal,1
TXN-2026-03367,17.54,pos,TELECOM,CUST-0722,2026-07-18T13:01:10Z,AE,web,0
TXN-2026-03368,132.23,atm,ENTERTAINMENT,CUST-0376,2026-06-20T18:02:23Z,GB,mobile,0
TXN-2026-03369,139.52,atm,ONLINE_SERVICES,CUST-0508,2026-07-20T11:10:25Z,SA,pos_terminal,0
TXN-2026-03370,580.51,ecom,TELECOM,CUST-0536,2026-07-22T22:07:25Z,SA,mobile,0
TXN-2026-03371,31.05,pos,FASHION,CUST-0117,2026-06-11T09:44:51Z,AE,pos_terminal,0
TXN-2026-03372,18.5,pos,ELECTRONICS,CUST-0427,2026-07-01T22:16:05Z,SA,atm,0
TXN-2026-03373,50.59,ecom,JEWELRY,CUST-0326,2026-06-01T06:16:00Z,SA,mobile,0
TXN-2026-03374,131.83,atm,ELECTRONICS,CUST-0413,2026-06-14T20:56:02Z,SA,mobile,0
TXN-2026-03375,301.5,ecom,JEWELRY,CUST-0093,2026-06-30T05:01:15Z,EG,atm,0
TXN-2026-03376,109.25,transfer,FUEL,CUST-0367,2026-07-25T20:59:47Z,EG,pos_terminal,0
TXN-2026-03377,1725.62,atm,ENTERTAINMENT,CUST-0727,2026-07-25T09:04:07Z,US,pos_terminal,0
TXN-2026-03378,91.17,ecom,FASHION,CUST-0781,2026-06-26T13:09:17Z,SA,web,0
TXN-2026-03379,194.33,pos,ELECTRONICS,CUST-0301,2026-07-03T08:25:03Z,SA,pos_terminal,0
TXN-2026-03380,59.48,pos,TRAVEL,CUST-0719,2026-06-05T15:18:27Z,AE,pos_terminal,0
TXN-2026-03381,185.22,atm,FASHION,CUST-0444,2026-06-28T01:49:20Z,AE,mobile,1
TXN-2026-03382,216.45,ecom,TELECOM,CUST-0219,2026-06-28T23:56:50Z,SA,mobile,0
TXN-2026-03383,261.03,atm,GROCERY,CUST-0613,2026-07-07T21:47:20Z,GB,atm,1
TXN-2026-03384,15.25,atm,JEWELRY,CUST-0571,2026-07-11T08:40:18Z,GB,pos_terminal,0
TXN-2026-03385,66.44,pos,UTILITIES,CUST-0229,2026-07-09T15:02:06Z,US,pos_terminal,0
TXN-2026-03386,1071.09,atm,ELECTRONICS,CUST-0372,2026-07-01T10:03:16Z,SA,web,0
TXN-2026-03387,105.06,pos,FUEL,CUST-0531,2026-06-18T20:01:47Z,EG,web,0
TXN-2026-03388,29.12,ecom,UTILITIES,CUST-0336,2026-06-25T12:32:03Z,US,web,0
TXN-2026-03389,276.58,pos,FUEL,CUST-0177,2026-06-03T22:46:46Z,US,web,0
TXN-2026-03390,228.04,ecom,TELECOM,CUST-0526,2026-07-05T23:47:41Z,SA,atm,0
TXN-2026-03391,51.01,transfer,HOME_GOODS,CUST-0154,2026-07-06T04:49:52Z,SA,web,0
TXN-2026-03392,71.48,pos,FUEL,CUST-0084,2026-06-01T22:45:53Z,SA,pos_terminal,0
TXN-2026-03393,50.99,ecom,HEALTHCARE,CUST-0180,2026-06-12T15:41:45Z,GB,web,0
TXN-2026-03394,2314.26,ecom,RESTAURANT,CUST-0324,2026-06-12T03:43:57Z,AE,web,1
TXN-2026-03395,36.03,pos,ENTERTAINMENT,CUST-0609,2026-07-03T14:04:39Z,AE,web,0
TXN-2026-03396,150.81,pos,ONLINE_SERVICES,CUST-0679,2026-07-26T20:51:58Z,SA,pos_terminal,0
TXN-2026-03397,81.38,ecom,EDUCATION,CUST-0504,2026-06-12T15:13:29Z,EG,atm,0
TXN-2026-03398,93.71,ecom,ELECTRONICS,CUST-0534,2026-07-28T02:08:37Z,SA,mobile,0
TXN-2026-03399,39.72,pos,UTILITIES,CUST-0652,2026-07-01T10:12:23Z,SA,web,0
TXN-2026-03400,568.99,transfer,FASHION,CUST-0415,2026-07-27T03:10:13Z,SA,web,0
TXN-2026-03401,158.54,ecom,RESTAURANT,CUST-0572,2026-07-16T15:03:49Z,AE,web,0
TXN-2026-03402,90.77,pos,GROCERY,CUST-0108,2026-07-04T06:30:39Z,SA,mobile,0
TXN-2026-03403,115.84,ecom,TRAVEL,CUST-0759,2026-06-01T19:51:38Z,SA,atm,1
TXN-2026-03404,40.01,ecom,ELECTRONICS,CUST-0110,2026-07-05T17:50:49Z,SA,mobile,0
TXN-2026-03405,83.23,atm,EDUCATION,CUST-0449,2026-06-15T06:28:03Z,AE,pos_terminal,0
TXN-2026-03406,77.9,atm,PHARMACY,CUST-0314,2026-07-02T00:00:20Z,SA,pos_terminal,0
TXN-2026-03407,261.73,transfer,JEWELRY,CUST-0210,2026-07-20T16:01:42Z,SA,web,0
TXN-2026-03408,33.15,pos,TELECOM,CUST-0330,2026-07-06T05:21:32Z,GB,pos_terminal,0
TXN-2026-03409,10.48,pos,PHARMACY,CUST-0789,2026-06-29T00:24:26Z,US,atm,0
TXN-2026-03410,285.23,ecom,RESTAURANT,CUST-0679,2026-06-07T18:50:04Z,US,mobile,0
TXN-2026-03411,210.92,ecom,GROCERY,CUST-0346,2026-07-17T03:53:12Z,AE,mobile,1
TXN-2026-03412,137.91,ecom,ENTERTAINMENT,CUST-0505,2026-06-14T00:26:06Z,SA,mobile,0
TXN-2026-03413,32.43,pos,ENTERTAINMENT,CUST-0530,2026-07-15T09:08:19Z,US,pos_terminal,0
TXN-2026-03414,164.75,pos,TELECOM,CUST-0250,2026-07-20T13:21:53Z,SA,mobile,0
TXN-2026-03415,77.81,ecom,ELECTRONICS,CUST-0452,2026-07-13T19:01:54Z,SA,pos_terminal,0
TXN-2026-03416,199.74,pos,TELECOM,CUST-0719,2026-07-25T13:34:55Z,AE,pos_terminal,0
TXN-2026-03417,128.89,ecom,JEWELRY,CUST-0762,2026-06-12T01:20:16Z,SA,pos_terminal,0
TXN-2026-03418,38.96,transfer,UTILITIES,CUST-0379,2026-06-18T00:36:50Z,SA,mobile,0
TXN-2026-03419,210.88,ecom,ONLINE_SERVICES,CUST-0324,2026-06-02T02:14:56Z,AE,mobile,1
TXN-2026-03420,83.07,pos,UTILITIES,CUST-0035,2026-07-01T00:36:04Z,AE,pos_terminal,0
TXN-2026-03421,21.57,transfer,GROCERY,CUST-0006,2026-06-02T09:45:26Z,AE,pos_terminal,0
TXN-2026-03422,9.65,pos,EDUCATION,CUST-0474,2026-07-05T14:22:10Z,EG,atm,0
TXN-2026-03423,58.79,pos,FASHION,CUST-0620,2026-06-29T13:03:05Z,SA,mobile,0
TXN-2026-03424,15.29,pos,ELECTRONICS,CUST-0617,2026-06-11T21:57:06Z,US,pos_terminal,0
TXN-2026-03425,53.07,pos,ONLINE_SERVICES,CUST-0692,2026-06-16T03:21:01Z,GB,mobile,0
TXN-2026-03426,143.77,pos,FUEL,CUST-0263,2026-07-22T15:54:49Z,US,web,0
TXN-2026-03427,8.23,ecom,TELECOM,CUST-0041,2026-07-15T07:07:37Z,GB,atm,0
TXN-2026-03428,15.78,pos,FUEL,CUST-0167,2026-07-29T09:17:24Z,US,pos_terminal,0
TXN-2026-03429,81.27,pos,UTILITIES,CUST-0778,2026-07-28T02:55:05Z,SA,atm,0
TXN-2026-03430,319.3,transfer,UTILITIES,CUST-0279,2026-07-30T22:38:52Z,SA,atm,0
TXN-2026-03431,915.34,atm,TELECOM,CUST-0735,2026-06-20T00:56:00Z,AE,atm,1
TXN-2026-03432,395.02,atm,FASHION,CUST-0779,2026-07-21T18:09:41Z,AE,atm,0
TXN-2026-03433,569.66,ecom,UTILITIES,CUST-0250,2026-06-27T08:54:36Z,GB,web,0
TXN-2026-03434,207.65,pos,FASHION,CUST-0047,2026-07-07T03:54:34Z,GB,mobile,0
TXN-2026-03435,64.15,pos,EDUCATION,CUST-0314,2026-06-26T01:44:39Z,SA,mobile,0
TXN-2026-03436,36.29,pos,HOME_GOODS,CUST-0374,2026-07-13T20:39:13Z,SA,atm,0
TXN-2026-03437,51.82,ecom,PHARMACY,CUST-0016,2026-06-21T18:07:01Z,EG,atm,0
TXN-2026-03438,250.4,atm,HEALTHCARE,CUST-0218,2026-06-27T15:02:42Z,AE,pos_terminal,0
TXN-2026-03439,32.92,pos,PHARMACY,CUST-0114,2026-06-09T11:47:01Z,SA,pos_terminal,0
TXN-2026-03440,134.99,pos,FASHION,CUST-0289,2026-07-05T10:29:51Z,EG,web,0
TXN-2026-03441,453.68,transfer,FASHION,CUST-0265,2026-06-23T10:46:21Z,GB,atm,0
TXN-2026-03442,71.12,ecom,RESTAURANT,CUST-0771,2026-06-18T05:00:45Z,EG,mobile,0
TXN-2026-03443,65.41,pos,ENTERTAINMENT,CUST-0800,2026-07-16T22:49:09Z,GB,atm,0
TXN-2026-03444,138.16,ecom,JEWELRY,CUST-0689,2026-07-06T18:17:53Z,SA,atm,0
TXN-2026-03445,375.54,atm,JEWELRY,CUST-0434,2026-07-27T09:16:34Z,SA,pos_terminal,0
TXN-2026-03446,101.84,pos,ENTERTAINMENT,CUST-0370,2026-06-07T13:22:14Z,GB,atm,0
TXN-2026-03447,59.63,pos,ELECTRONICS,CUST-0143,2026-06-05T18:07:24Z,SA,atm,0
TXN-2026-03448,138.82,atm,UTILITIES,CUST-0023,2026-07-09T05:22:02Z,SA,atm,0
TXN-2026-03449,75.41,pos,ONLINE_SERVICES,CUST-0543,2026-07-01T21:02:01Z,SA,web,0
TXN-2026-03450,87.77,pos,HEALTHCARE,CUST-0768,2026-07-20T15:19:14Z,SA,atm,0
TXN-2026-03451,165.39,ecom,ELECTRONICS,CUST-0286,2026-06-25T21:36:40Z,EG,mobile,0
TXN-2026-03452,30.62,pos,HOME_GOODS,CUST-0711,2026-06-30T19:57:06Z,AE,atm,0
TXN-2026-03453,523.98,ecom,GROCERY,CUST-0085,2026-06-04T11:38:24Z,US,atm,0
TXN-2026-03454,242.11,pos,ONLINE_SERVICES,CUST-0260,2026-06-13T17:43:13Z,GB,pos_terminal,0
TXN-2026-03455,148.83,atm,JEWELRY,CUST-0294,2026-07-01T23:30:15Z,AE,pos_terminal,1
TXN-2026-03456,24.6,pos,HEALTHCARE,CUST-0250,2026-07-21T04:43:50Z,SA,atm,0
TXN-2026-03457,49.41,pos,HOME_GOODS,CUST-0367,2026-06-28T14:39:38Z,SA,pos_terminal,0
TXN-2026-03458,427.32,ecom,UTILITIES,CUST-0671,2026-07-15T14:09:25Z,GB,atm,0
TXN-2026-03459,50.51,ecom,HOME_GOODS,CUST-0682,2026-07-22T05:54:33Z,US,atm,1
TXN-2026-03460,358.89,ecom,ENTERTAINMENT,CUST-0500,2026-07-10T02:03:18Z,SA,atm,0
TXN-2026-03461,296.96,pos,ONLINE_SERVICES,CUST-0612,2026-06-12T23:18:06Z,EG,atm,0
TXN-2026-03462,136.5,ecom,TRAVEL,CUST-0682,2026-06-05T04:38:49Z,AE,web,1
TXN-2026-03463,78.34,pos,ENTERTAINMENT,CUST-0185,2026-07-10T12:14:51Z,EG,pos_terminal,0
TXN-2026-03464,696.54,pos,RESTAURANT,CUST-0597,2026-06-02T03:46:20Z,AE,pos_terminal,0
TXN-2026-03465,221.09,atm,ENTERTAINMENT,CUST-0094,2026-07-13T22:29:17Z,SA,mobile,0
TXN-2026-03466,268.92,pos,GROCERY,CUST-0462,2026-07-25T14:13:29Z,SA,web,0
TXN-2026-03467,202.79,pos,TELECOM,CUST-0046,2026-06-11T13:10:04Z,SA,web,0
TXN-2026-03468,706.25,atm,GROCERY,CUST-0694,2026-06-14T16:24:21Z,AE,atm,0
TXN-2026-03469,52.83,atm,FASHION,CUST-0321,2026-06-03T08:53:30Z,SA,mobile,0
TXN-2026-03470,41.88,atm,EDUCATION,CUST-0729,2026-06-04T02:57:20Z,SA,mobile,0
TXN-2026-03471,399.63,pos,HOME_GOODS,CUST-0643,2026-07-09T06:51:56Z,AE,atm,0
TXN-2026-03472,178.0,pos,GROCERY,CUST-0622,2026-07-03T10:24:09Z,EG,atm,0
TXN-2026-03473,162.59,pos,FASHION,CUST-0318,2026-07-27T08:42:47Z,US,mobile,0
TXN-2026-03474,89.03,ecom,HOME_GOODS,CUST-0779,2026-07-04T05:31:49Z,GB,mobile,0
TXN-2026-03475,14.89,pos,PHARMACY,CUST-0100,2026-07-21T10:22:58Z,GB,mobile,0
TXN-2026-03476,400.19,ecom,JEWELRY,CUST-0412,2026-07-17T09:05:57Z,AE,pos_terminal,0
TXN-2026-03477,71.37,pos,FUEL,CUST-0785,2026-07-04T17:03:44Z,EG,mobile,0
TXN-2026-03478,76.56,pos,UTILITIES,CUST-0127,2026-07-20T05:26:32Z,AE,atm,1
TXN-2026-03479,63.34,ecom,JEWELRY,CUST-0744,2026-07-29T00:28:24Z,SA,atm,0
TXN-2026-03480,194.75,pos,ELECTRONICS,CUST-0046,2026-06-24T18:30:09Z,SA,atm,0
TXN-2026-03481,67.73,pos,HOME_GOODS,CUST-0321,2026-06-03T00:50:31Z,US,mobile,1
TXN-2026-03482,173.67,pos,ELECTRONICS,CUST-0469,2026-06-01T00:57:28Z,GB,pos_terminal,0
TXN-2026-03483,1462.9,pos,JEWELRY,CUST-0468,2026-07-01T01:27:27Z,GB,web,0
TXN-2026-03484,592.1,ecom,EDUCATION,CUST-0619,2026-06-15T09:37:55Z,SA,pos_terminal,0
TXN-2026-03485,66.09,pos,TRAVEL,CUST-0155,2026-06-24T19:31:34Z,SA,web,0
TXN-2026-03486,81.97,transfer,FASHION,CUST-0475,2026-06-11T21:49:02Z,EG,pos_terminal,0
TXN-2026-03487,80.0,pos,HEALTHCARE,CUST-0792,2026-07-13T05:21:48Z,US,web,0
TXN-2026-03488,18.98,pos,HEALTHCARE,CUST-0222,2026-07-23T21:02:50Z,SA,atm,0
TXN-2026-03489,66.47,pos,RESTAURANT,CUST-0670,2026-06-24T10:39:22Z,SA,pos_terminal,0
TXN-2026-03490,31.89,atm,EDUCATION,CUST-0449,2026-07-27T11:34:55Z,US,web,0
TXN-2026-03491,46.61,pos,HOME_GOODS,CUST-0369,2026-07-30T04:51:03Z,SA,web,0
TXN-2026-03492,406.87,pos,EDUCATION,CUST-0283,2026-06-02T12:39:17Z,SA,atm,0
TXN-2026-03493,161.5,atm,ENTERTAINMENT,CUST-0666,2026-07-27T09:57:07Z,SA,mobile,0
TXN-2026-03494,42.59,pos,JEWELRY,CUST-0448,2026-06-16T22:48:51Z,SA,mobile,0
TXN-2026-03495,240.68,atm,HOME_GOODS,CUST-0719,2026-07-16T17:38:44Z,GB,mobile,0
TXN-2026-03496,68.89,atm,UTILITIES,CUST-0579,2026-07-21T00:18:18Z,GB,mobile,0
TXN-2026-03497,12.3,pos,ENTERTAINMENT,CUST-0249,2026-07-04T18:01:10Z,GB,atm,0
TXN-2026-03498,333.46,transfer,GROCERY,CUST-0117,2026-06-21T20:50:03Z,SA,pos_terminal,0
TXN-2026-03499,163.45,ecom,GROCERY,CUST-0556,2026-06-20T00:24:10Z,SA,pos_terminal,0
TXN-2026-03500,50.09,pos,PHARMACY,CUST-0456,2026-06-24T01:07:12Z,EG,web,0
TXN-2026-03501,1318.04,ecom,UTILITIES,CUST-0567,2026-06-01T23:23:07Z,SA,mobile,0
TXN-2026-03502,144.88,pos,JEWELRY,CUST-0651,2026-06-02T22:59:52Z,SA,atm,0
TXN-2026-03503,34.49,transfer,ELECTRONICS,CUST-0753,2026-07-29T06:13:51Z,SA,atm,0
TXN-2026-03504,43.95,pos,EDUCATION,CUST-0640,2026-07-29T18:16:28Z,SA,atm,0
TXN-2026-03505,785.41,ecom,TRAVEL,CUST-0155,2026-06-25T01:23:26Z,SA,atm,0
TXN-2026-03506,36.46,pos,FASHION,CUST-0450,2026-07-25T09:39:05Z,SA,pos_terminal,0
TXN-2026-03507,250.94,pos,FASHION,CUST-0441,2026-06-14T13:22:43Z,SA,mobile,0
TXN-2026-03508,82.35,transfer,HEALTHCARE,CUST-0757,2026-06-03T17:37:20Z,SA,pos_terminal,0
TXN-2026-03509,178.26,ecom,ONLINE_SERVICES,CUST-0111,2026-06-27T07:15:43Z,SA,web,0
TXN-2026-03510,157.76,pos,HOME_GOODS,CUST-0288,2026-07-19T07:06:42Z,US,mobile,0
TXN-2026-03511,297.53,ecom,ENTERTAINMENT,CUST-0731,2026-07-24T17:58:27Z,US,atm,0
TXN-2026-03512,117.94,pos,ENTERTAINMENT,CUST-0479,2026-07-18T05:29:20Z,GB,atm,0
TXN-2026-03513,91.64,pos,ENTERTAINMENT,CUST-0366,2026-06-10T06:12:56Z,SA,atm,0
TXN-2026-03514,166.06,atm,ONLINE_SERVICES,CUST-0624,2026-07-02T01:40:43Z,GB,pos_terminal,1
TXN-2026-03515,848.61,pos,JEWELRY,CUST-0107,2026-07-12T13:53:12Z,US,atm,0
TXN-2026-03516,772.02,pos,UTILITIES,CUST-0703,2026-07-05T18:24:00Z,SA,atm,0
TXN-2026-03517,144.45,ecom,JEWELRY,CUST-0517,2026-07-17T05:23:10Z,AE,atm,0
TXN-2026-03518,17.17,pos,EDUCATION,CUST-0024,2026-06-09T05:40:18Z,SA,atm,0
TXN-2026-03519,43.33,ecom,JEWELRY,CUST-0043,2026-06-01T19:34:58Z,EG,pos_terminal,0
TXN-2026-03520,882.5,transfer,JEWELRY,CUST-0544,2026-07-22T08:57:34Z,SA,web,0
TXN-2026-03521,630.91,transfer,ENTERTAINMENT,CUST-0387,2026-06-25T01:11:06Z,SA,mobile,0
TXN-2026-03522,678.61,ecom,FUEL,CUST-0517,2026-06-27T09:03:20Z,GB,pos_terminal,0
TXN-2026-03523,23.49,pos,HEALTHCARE,CUST-0570,2026-07-30T20:49:21Z,SA,atm,0
TXN-2026-03524,163.53,ecom,HOME_GOODS,CUST-0429,2026-06-19T02:21:50Z,EG,atm,1
TXN-2026-03525,69.22,pos,HEALTHCARE,CUST-0752,2026-06-09T08:30:38Z,AE,pos_terminal,0
TXN-2026-03526,64.63,ecom,JEWELRY,CUST-0114,2026-07-22T01:22:41Z,GB,atm,0
TXN-2026-03527,84.61,transfer,ENTERTAINMENT,CUST-0015,2026-06-26T08:57:00Z,SA,pos_terminal,0
TXN-2026-03528,13.42,pos,FUEL,CUST-0302,2026-07-15T15:32:42Z,EG,atm,0
TXN-2026-03529,53.45,atm,TRAVEL,CUST-0680,2026-06-28T12:29:11Z,SA,mobile,0
TXN-2026-03530,49.75,pos,HEALTHCARE,CUST-0166,2026-06-03T13:42:01Z,SA,pos_terminal,0
TXN-2026-03531,456.14,pos,TELECOM,CUST-0168,2026-07-13T17:33:13Z,SA,web,0
TXN-2026-03532,156.67,ecom,ONLINE_SERVICES,CUST-0550,2026-06-23T20:56:16Z,US,atm,0
TXN-2026-03533,50.91,pos,PHARMACY,CUST-0089,2026-07-12T17:03:35Z,AE,web,0
TXN-2026-03534,273.63,ecom,HOME_GOODS,CUST-0082,2026-06-10T15:14:40Z,EG,mobile,0
TXN-2026-03535,193.97,atm,FUEL,CUST-0153,2026-07-22T13:04:18Z,SA,mobile,1
TXN-2026-03536,32.6,pos,FUEL,CUST-0612,2026-07-26T10:19:21Z,AE,web,0
TXN-2026-03537,1378.97,atm,TRAVEL,CUST-0276,2026-07-17T09:55:48Z,SA,mobile,0
TXN-2026-03538,9.18,pos,HEALTHCARE,CUST-0323,2026-07-06T18:32:59Z,GB,web,0
TXN-2026-03539,25.62,pos,FUEL,CUST-0112,2026-06-26T18:56:06Z,SA,atm,0
TXN-2026-03540,246.41,ecom,FUEL,CUST-0545,2026-06-08T15:05:13Z,AE,mobile,0
TXN-2026-03541,207.88,pos,TRAVEL,CUST-0417,2026-06-20T18:41:19Z,US,pos_terminal,0
TXN-2026-03542,25.06,ecom,TELECOM,CUST-0442,2026-06-13T09:31:56Z,GB,pos_terminal,1
TXN-2026-03543,177.91,pos,ONLINE_SERVICES,CUST-0521,2026-07-24T17:34:46Z,GB,pos_terminal,0
TXN-2026-03544,459.46,transfer,ENTERTAINMENT,CUST-0655,2026-07-18T05:03:16Z,SA,pos_terminal,0
TXN-2026-03545,5.8,ecom,HOME_GOODS,CUST-0543,2026-07-17T07:01:58Z,SA,web,0
TXN-2026-03546,26.67,ecom,FASHION,CUST-0507,2026-06-15T07:49:45Z,SA,pos_terminal,0
TXN-2026-03547,36.47,ecom,HEALTHCARE,CUST-0511,2026-06-19T15:29:08Z,AE,atm,0
TXN-2026-03548,156.86,ecom,EDUCATION,CUST-0636,2026-06-19T03:36:50Z,SA,atm,0
TXN-2026-03549,100.43,pos,ONLINE_SERVICES,CUST-0077,2026-06-19T05:39:32Z,SA,web,0
TXN-2026-03550,33.04,pos,ELECTRONICS,CUST-0652,2026-06-23T16:22:38Z,GB,mobile,0
TXN-2026-03551,93.0,ecom,GROCERY,CUST-0529,2026-07-07T18:36:05Z,EG,pos_terminal,0
TXN-2026-03552,38.2,transfer,TELECOM,CUST-0695,2026-06-17T08:03:45Z,GB,mobile,0
TXN-2026-03553,35.42,pos,HEALTHCARE,CUST-0222,2026-07-12T09:15:20Z,GB,pos_terminal,0
TXN-2026-03554,12.49,pos,ENTERTAINMENT,CUST-0635,2026-07-24T03:09:33Z,SA,mobile,0
TXN-2026-03555,917.32,ecom,ELECTRONICS,CUST-0316,2026-06-21T08:16:49Z,GB,web,0
TXN-2026-03556,71.01,transfer,GROCERY,CUST-0651,2026-06-02T14:01:39Z,EG,mobile,0
TXN-2026-03557,32.7,pos,FUEL,CUST-0223,2026-07-13T06:08:27Z,EG,atm,0
TXN-2026-03558,24.94,ecom,JEWELRY,CUST-0788,2026-07-21T23:54:41Z,SA,atm,0
TXN-2026-03559,17.83,pos,UTILITIES,CUST-0337,2026-06-28T06:24:36Z,SA,pos_terminal,0
TXN-2026-03560,263.0,pos,UTILITIES,CUST-0275,2026-06-15T16:58:23Z,GB,web,0
TXN-2026-03561,178.22,pos,FUEL,CUST-0620,2026-06-21T19:46:36Z,EG,web,0
TXN-2026-03562,101.11,pos,EDUCATION,CUST-0291,2026-07-02T03:23:41Z,EG,web,0
TXN-2026-03563,12.4,ecom,EDUCATION,CUST-0457,2026-06-14T20:19:52Z,GB,pos_terminal,0
TXN-2026-03564,80.2,ecom,FUEL,CUST-0066,2026-06-10T03:51:01Z,SA,mobile,0
TXN-2026-03565,552.1,atm,PHARMACY,CUST-0626,2026-07-27T14:03:49Z,SA,pos_terminal,0
TXN-2026-03566,78.97,transfer,RESTAURANT,CUST-0129,2026-07-26T20:50:26Z,SA,mobile,0
TXN-2026-03567,335.62,atm,FUEL,CUST-0508,2026-07-07T21:10:45Z,GB,pos_terminal,0
TXN-2026-03568,98.67,atm,TRAVEL,CUST-0395,2026-07-10T15:20:12Z,SA,mobile,0
TXN-2026-03569,133.32,atm,JEWELRY,CUST-0778,2026-06-02T14:20:28Z,SA,mobile,0
TXN-2026-03570,215.99,pos,UTILITIES,CUST-0667,2026-07-22T03:37:45Z,US,pos_terminal,0
TXN-2026-03571,64.73,atm,FUEL,CUST-0778,2026-06-13T17:17:00Z,SA,atm,0
TXN-2026-03572,21.73,pos,PHARMACY,CUST-0681,2026-07-13T20:26:33Z,EG,mobile,0
TXN-2026-03573,100.81,pos,ELECTRONICS,CUST-0555,2026-06-02T06:05:41Z,US,atm,0
TXN-2026-03574,52.93,ecom,ONLINE_SERVICES,CUST-0020,2026-07-18T11:26:27Z,SA,atm,0
TXN-2026-03575,24.24,transfer,HEALTHCARE,CUST-0010,2026-06-16T08:00:49Z,SA,mobile,0
TXN-2026-03576,111.44,ecom,PHARMACY,CUST-0402,2026-06-30T11:26:54Z,US,pos_terminal,0
TXN-2026-03577,163.39,ecom,ENTERTAINMENT,CUST-0603,2026-07-21T23:09:15Z,SA,mobile,0
TXN-2026-03578,271.61,atm,FUEL,CUST-0305,2026-06-20T22:31:40Z,SA,atm,0
TXN-2026-03579,192.68,pos,HOME_GOODS,CUST-0343,2026-07-24T00:20:13Z,AE,web,0
TXN-2026-03580,85.26,transfer,HEALTHCARE,CUST-0001,2026-07-24T13:09:37Z,SA,mobile,0
TXN-2026-03581,128.19,atm,ENTERTAINMENT,CUST-0361,2026-07-09T01:14:27Z,GB,mobile,0
TXN-2026-03582,46.07,pos,ELECTRONICS,CUST-0061,2026-07-11T21:30:28Z,US,web,0
TXN-2026-03583,148.99,pos,TELECOM,CUST-0454,2026-07-06T14:17:39Z,US,mobile,0
TXN-2026-03584,151.66,ecom,TELECOM,CUST-0154,2026-07-13T15:34:33Z,AE,atm,0
TXN-2026-03585,32.46,pos,EDUCATION,CUST-0517,2026-06-26T16:47:25Z,US,web,0
TXN-2026-03586,217.35,transfer,TRAVEL,CUST-0260,2026-07-26T01:36:45Z,GB,mobile,0
TXN-2026-03587,27.71,transfer,GROCERY,CUST-0605,2026-06-10T23:42:05Z,SA,pos_terminal,0
TXN-2026-03588,59.96,ecom,ELECTRONICS,CUST-0784,2026-07-29T17:11:18Z,US,pos_terminal,0
TXN-2026-03589,46.45,ecom,ENTERTAINMENT,CUST-0122,2026-07-11T05:42:51Z,SA,mobile,0
TXN-2026-03590,64.97,pos,RESTAURANT,CUST-0584,2026-07-21T07:07:56Z,SA,pos_terminal,0
TXN-2026-03591,42.87,atm,EDUCATION,CUST-0391,2026-06-29T19:03:19Z,US,pos_terminal,0
TXN-2026-03592,157.36,pos,PHARMACY,CUST-0269,2026-06-22T03:38:48Z,SA,pos_terminal,0
TXN-2026-03593,95.23,transfer,HEALTHCARE,CUST-0096,2026-07-14T05:27:50Z,SA,mobile,0
TXN-2026-03594,340.8,transfer,GROCERY,CUST-0437,2026-07-04T02:57:53Z,AE,pos_terminal,0
TXN-2026-03595,67.92,pos,ELECTRONICS,CUST-0740,2026-06-10T19:17:10Z,SA,atm,0
TXN-2026-03596,39.7,pos,GROCERY,CUST-0481,2026-06-23T17:09:17Z,SA,pos_terminal,0
TXN-2026-03597,117.0,transfer,PHARMACY,CUST-0604,2026-06-01T01:14:03Z,SA,mobile,0
TXN-2026-03598,110.51,atm,HOME_GOODS,CUST-0765,2026-07-08T17:38:27Z,SA,web,0
TXN-2026-03599,216.59,pos,UTILITIES,CUST-0480,2026-07-26T16:59:13Z,SA,pos_terminal,0
TXN-2026-03600,58.49,pos,GROCERY,CUST-0587,2026-07-30T19:53:08Z,SA,atm,0
TXN-2026-03601,47.43,ecom,ONLINE_SERVICES,CUST-0057,2026-06-28T16:11:15Z,EG,pos_terminal,0
TXN-2026-03602,134.0,pos,JEWELRY,CUST-0711,2026-07-04T20:00:07Z,SA,pos_terminal,0
TXN-2026-03603,20.36,atm,UTILITIES,CUST-0284,2026-07-19T11:23:51Z,SA,web,0
TXN-2026-03604,149.94,ecom,GROCERY,CUST-0210,2026-07-02T07:07:29Z,EG,web,0
TXN-2026-03605,42.56,pos,RESTAURANT,CUST-0226,2026-07-18T06:36:22Z,GB,atm,0
TXN-2026-03606,63.28,pos,GROCERY,CUST-0448,2026-06-24T00:00:26Z,AE,pos_terminal,1
TXN-2026-03607,200.68,atm,TRAVEL,CUST-0313,2026-07-01T21:34:10Z,US,web,0
TXN-2026-03608,70.42,ecom,HEALTHCARE,CUST-0356,2026-07-17T23:28:01Z,US,web,0
TXN-2026-03609,107.56,ecom,FUEL,CUST-0475,2026-07-14T04:26:09Z,SA,mobile,0
TXN-2026-03610,19.93,pos,GROCERY,CUST-0472,2026-07-25T04:40:28Z,SA,web,0
TXN-2026-03611,68.99,transfer,ENTERTAINMENT,CUST-0293,2026-06-25T22:34:32Z,US,web,0
TXN-2026-03612,66.08,pos,ENTERTAINMENT,CUST-0092,2026-07-26T22:54:21Z,SA,web,0
TXN-2026-03613,32.05,atm,HEALTHCARE,CUST-0078,2026-07-10T12:51:52Z,EG,atm,0
TXN-2026-03614,554.23,atm,EDUCATION,CUST-0373,2026-06-25T08:51:18Z,EG,mobile,0
TXN-2026-03615,776.05,pos,JEWELRY,CUST-0174,2026-07-24T08:43:17Z,SA,atm,0
TXN-2026-03616,189.93,pos,ELECTRONICS,CUST-0531,2026-06-25T01:58:46Z,US,web,1
TXN-2026-03617,19.55,ecom,JEWELRY,CUST-0394,2026-07-10T04:04:24Z,SA,atm,1
TXN-2026-03618,45.88,pos,JEWELRY,CUST-0711,2026-07-22T03:48:03Z,SA,atm,0
TXN-2026-03619,51.43,pos,UTILITIES,CUST-0613,2026-07-08T12:39:19Z,SA,web,0
TXN-2026-03620,288.53,ecom,JEWELRY,CUST-0173,2026-07-23T00:43:35Z,US,mobile,0
TXN-2026-03621,29.07,pos,ONLINE_SERVICES,CUST-0472,2026-06-16T13:32:01Z,EG,pos_terminal,0
TXN-2026-03622,152.19,pos,EDUCATION,CUST-0789,2026-06-08T06:11:27Z,GB,atm,0
TXN-2026-03623,230.27,atm,ELECTRONICS,CUST-0230,2026-07-30T16:03:51Z,AE,web,0
TXN-2026-03624,192.11,ecom,GROCERY,CUST-0305,2026-07-20T12:32:45Z,AE,web,0
TXN-2026-03625,256.16,pos,JEWELRY,CUST-0034,2026-06-30T05:38:05Z,SA,mobile,0
TXN-2026-03626,61.4,pos,HEALTHCARE,CUST-0396,2026-06-14T01:08:43Z,SA,mobile,0
TXN-2026-03627,1366.96,pos,TRAVEL,CUST-0770,2026-07-02T10:33:34Z,SA,mobile,0
TXN-2026-03628,125.79,atm,GROCERY,CUST-0626,2026-06-17T03:24:22Z,SA,atm,0
TXN-2026-03629,53.21,pos,ONLINE_SERVICES,CUST-0581,2026-06-03T00:57:52Z,SA,atm,0
TXN-2026-03630,68.46,atm,ELECTRONICS,CUST-0186,2026-07-12T00:04:13Z,GB,mobile,0
TXN-2026-03631,369.33,atm,ELECTRONICS,CUST-0574,2026-06-05T08:24:39Z,US,mobile,0
TXN-2026-03632,756.79,atm,GROCERY,CUST-0242,2026-07-28T15:10:02Z,AE,pos_terminal,0
TXN-2026-03633,227.28,pos,HOME_GOODS,CUST-0008,2026-06-16T06:23:01Z,SA,atm,0
TXN-2026-03634,92.86,pos,ELECTRONICS,CUST-0432,2026-06-08T15:15:02Z,EG,mobile,0
TXN-2026-03635,202.49,ecom,GROCERY,CUST-0227,2026-06-04T18:53:59Z,SA,pos_terminal,0
TXN-2026-03636,195.63,pos,UTILITIES,CUST-0490,2026-07-11T21:26:26Z,EG,web,0
TXN-2026-03637,571.56,ecom,JEWELRY,CUST-0231,2026-06-18T06:14:38Z,SA,pos_terminal,0
TXN-2026-03638,328.52,ecom,GROCERY,CUST-0020,2026-06-26T04:43:24Z,GB,pos_terminal,1
TXN-2026-03639,279.28,ecom,FASHION,CUST-0247,2026-07-28T11:55:53Z,EG,pos_terminal,0
TXN-2026-03640,13.84,pos,TRAVEL,CUST-0761,2026-07-19T20:58:38Z,SA,web,0
TXN-2026-03641,92.44,pos,JEWELRY,CUST-0357,2026-06-26T23:01:53Z,SA,atm,0
TXN-2026-03642,177.04,ecom,PHARMACY,CUST-0034,2026-07-23T14:30:40Z,EG,mobile,0
TXN-2026-03643,253.34,ecom,UTILITIES,CUST-0164,2026-06-19T06:46:38Z,US,pos_terminal,0
TXN-2026-03644,840.04,atm,JEWELRY,CUST-0762,2026-07-21T05:00:09Z,SA,pos_terminal,0
TXN-2026-03645,13.86,atm,HOME_GOODS,CUST-0083,2026-06-22T07:18:31Z,US,pos_terminal,0
TXN-2026-03646,123.18,atm,HEALTHCARE,CUST-0299,2026-07-08T14:18:21Z,SA,mobile,0
TXN-2026-03647,139.16,transfer,GROCERY,CUST-0016,2026-07-01T06:20:27Z,AE,web,0
TXN-2026-03648,16.27,pos,FASHION,CUST-0705,2026-06-03T19:01:36Z,SA,pos_terminal,0
TXN-2026-03649,64.78,pos,FASHION,CUST-0727,2026-06-13T13:00:28Z,AE,mobile,0
TXN-2026-03650,49.94,pos,TRAVEL,CUST-0439,2026-07-29T06:42:42Z,SA,web,0
TXN-2026-03651,182.11,ecom,TELECOM,CUST-0192,2026-06-05T15:23:17Z,SA,mobile,0
TXN-2026-03652,298.78,ecom,PHARMACY,CUST-0460,2026-06-11T17:07:28Z,SA,web,0
TXN-2026-03653,32.15,ecom,ELECTRONICS,CUST-0634,2026-07-12T21:22:27Z,SA,web,0
TXN-2026-03654,946.18,pos,FASHION,CUST-0392,2026-07-01T12:16:29Z,EG,atm,0
TXN-2026-03655,210.25,pos,UTILITIES,CUST-0362,2026-07-21T18:37:36Z,SA,pos_terminal,0
TXN-2026-03656,660.87,atm,ONLINE_SERVICES,CUST-0016,2026-06-08T00:09:33Z,EG,pos_terminal,1
TXN-2026-03657,222.08,atm,PHARMACY,CUST-0693,2026-06-16T05:59:43Z,US,pos_terminal,0
TXN-2026-03658,705.29,ecom,ELECTRONICS,CUST-0121,2026-07-25T16:02:49Z,EG,web,0
TXN-2026-03659,122.95,atm,PHARMACY,CUST-0044,2026-07-17T21:34:14Z,SA,web,0
TXN-2026-03660,253.78,pos,ELECTRONICS,CUST-0540,2026-06-30T12:37:09Z,SA,mobile,0
TXN-2026-03661,9.07,ecom,GROCERY,CUST-0104,2026-07-08T03:56:19Z,SA,atm,0
TXN-2026-03662,48.61,pos,UTILITIES,CUST-0483,2026-07-15T20:20:47Z,EG,atm,0
TXN-2026-03663,61.49,ecom,ONLINE_SERVICES,CUST-0473,2026-06-15T05:45:30Z,SA,web,0
TXN-2026-03664,246.99,ecom,GROCERY,CUST-0234,2026-06-03T10:26:25Z,EG,mobile,0
TXN-2026-03665,60.19,pos,TELECOM,CUST-0316,2026-07-25T07:09:36Z,GB,atm,0
TXN-2026-03666,27.5,pos,UTILITIES,CUST-0561,2026-06-06T18:06:30Z,SA,web,0
TXN-2026-03667,127.77,pos,FASHION,CUST-0768,2026-06-16T17:02:04Z,SA,mobile,0
TXN-2026-03668,70.84,pos,ELECTRONICS,CUST-0270,2026-06-28T23:35:09Z,US,mobile,0
TXN-2026-03669,64.01,transfer,TRAVEL,CUST-0391,2026-07-21T07:46:22Z,AE,mobile,0
TXN-2026-03670,17.44,transfer,EDUCATION,CUST-0332,2026-06-13T02:41:06Z,US,pos_terminal,0
TXN-2026-03671,189.23,ecom,GROCERY,CUST-0653,2026-07-27T19:17:14Z,SA,mobile,0
TXN-2026-03672,2739.29,ecom,ENTERTAINMENT,CUST-0561,2026-06-07T12:23:57Z,US,mobile,0
TXN-2026-03673,212.82,atm,JEWELRY,CUST-0271,2026-07-13T04:18:18Z,US,web,0
TXN-2026-03674,12.07,pos,ENTERTAINMENT,CUST-0175,2026-06-03T17:29:13Z,US,web,0
TXN-2026-03675,91.05,pos,ENTERTAINMENT,CUST-0529,2026-07-18T00:19:21Z,SA,web,1
TXN-2026-03676,45.64,ecom,HEALTHCARE,CUST-0658,2026-07-12T02:25:18Z,GB,atm,0
TXN-2026-03677,166.46,ecom,FUEL,CUST-0575,2026-07-27T07:59:46Z,GB,web,0
TXN-2026-03678,342.34,ecom,EDUCATION,CUST-0166,2026-07-06T02:23:22Z,SA,web,0
TXN-2026-03679,70.64,pos,FUEL,CUST-0180,2026-07-12T07:15:32Z,AE,mobile,0
TXN-2026-03680,119.7,atm,ENTERTAINMENT,CUST-0485,2026-07-02T09:38:00Z,GB,web,0
TXN-2026-03681,120.19,pos,PHARMACY,CUST-0522,2026-06-06T13:30:34Z,SA,web,0
TXN-2026-03682,138.87,pos,ONLINE_SERVICES,CUST-0686,2026-07-05T10:57:40Z,SA,mobile,0
TXN-2026-03683,119.68,atm,UTILITIES,CUST-0189,2026-07-08T10:15:52Z,US,web,0
TXN-2026-03684,30.04,pos,ENTERTAINMENT,CUST-0795,2026-07-03T13:06:55Z,SA,pos_terminal,0
TXN-2026-03685,92.86,atm,RESTAURANT,CUST-0800,2026-06-05T21:36:17Z,US,atm,1
TXN-2026-03686,330.44,pos,ELECTRONICS,CUST-0087,2026-06-01T08:18:28Z,SA,web,0
TXN-2026-03687,42.87,pos,ENTERTAINMENT,CUST-0132,2026-06-12T06:52:28Z,US,mobile,0
TXN-2026-03688,419.47,atm,TRAVEL,CUST-0227,2026-06-27T00:45:26Z,SA,pos_terminal,0
TXN-2026-03689,80.74,atm,GROCERY,CUST-0583,2026-06-19T02:44:26Z,AE,web,0
TXN-2026-03690,38.78,pos,HEALTHCARE,CUST-0426,2026-07-18T11:26:49Z,SA,pos_terminal,0
TXN-2026-03691,109.76,ecom,JEWELRY,CUST-0732,2026-07-10T08:21:32Z,SA,atm,0
TXN-2026-03692,192.87,transfer,JEWELRY,CUST-0698,2026-06-19T09:34:56Z,SA,web,0
TXN-2026-03693,49.14,pos,FASHION,CUST-0289,2026-07-24T12:31:40Z,SA,web,0
TXN-2026-03694,426.84,atm,TRAVEL,CUST-0491,2026-07-08T17:34:58Z,SA,atm,0
TXN-2026-03695,499.04,ecom,RESTAURANT,CUST-0449,2026-06-01T07:53:50Z,SA,pos_terminal,0
TXN-2026-03696,24.55,pos,TRAVEL,CUST-0262,2026-07-06T00:32:46Z,US,pos_terminal,0
TXN-2026-03697,465.4,atm,ONLINE_SERVICES,CUST-0796,2026-06-01T15:54:46Z,SA,web,0
TXN-2026-03698,283.82,pos,FASHION,CUST-0241,2026-06-12T11:57:02Z,SA,atm,0
TXN-2026-03699,262.73,ecom,RESTAURANT,CUST-0309,2026-06-01T21:58:42Z,GB,mobile,0
TXN-2026-03700,47.1,pos,TELECOM,CUST-0404,2026-06-14T16:45:40Z,AE,mobile,0
TXN-2026-03701,209.71,pos,FUEL,CUST-0765,2026-07-22T21:55:04Z,EG,web,0
TXN-2026-03702,146.61,pos,GROCERY,CUST-0452,2026-06-19T22:23:24Z,GB,mobile,0
TXN-2026-03703,84.73,atm,HOME_GOODS,CUST-0708,2026-06-29T10:29:21Z,EG,pos_terminal,0
TXN-2026-03704,57.57,pos,RESTAURANT,CUST-0018,2026-06-16T16:34:10Z,AE,atm,0
TXN-2026-03705,575.61,atm,TELECOM,CUST-0722,2026-07-03T14:48:20Z,SA,pos_terminal,0
TXN-2026-03706,78.84,pos,FUEL,CUST-0655,2026-06-07T04:51:47Z,US,mobile,0
TXN-2026-03707,6.02,pos,TRAVEL,CUST-0628,2026-07-09T06:56:01Z,AE,pos_terminal,0
TXN-2026-03708,316.5,ecom,ELECTRONICS,CUST-0072,2026-07-25T22:20:21Z,GB,mobile,0
TXN-2026-03709,378.97,atm,HOME_GOODS,CUST-0397,2026-06-16T01:24:41Z,SA,atm,0
TXN-2026-03710,212.39,transfer,ENTERTAINMENT,CUST-0540,2026-06-24T03:50:03Z,AE,mobile,0
TXN-2026-03711,39.51,transfer,ONLINE_SERVICES,CUST-0389,2026-07-15T20:12:47Z,SA,web,0
TXN-2026-03712,63.6,pos,RESTAURANT,CUST-0616,2026-07-01T10:21:49Z,GB,mobile,0
TXN-2026-03713,414.23,pos,GROCERY,CUST-0343,2026-07-10T22:17:57Z,AE,web,0
TXN-2026-03714,474.15,ecom,FUEL,CUST-0755,2026-07-07T08:07:15Z,US,atm,0
TXN-2026-03715,29.83,ecom,ONLINE_SERVICES,CUST-0519,2026-07-04T15:33:27Z,SA,mobile,0
TXN-2026-03716,22.59,pos,HEALTHCARE,CUST-0305,2026-07-18T23:57:39Z,AE,mobile,0
TXN-2026-03717,64.08,pos,GROCERY,CUST-0286,2026-06-18T10:46:09Z,GB,atm,0
TXN-2026-03718,154.13,pos,ENTERTAINMENT,CUST-0617,2026-07-01T08:57:03Z,GB,pos_terminal,0
TXN-2026-03719,154.29,transfer,FUEL,CUST-0127,2026-07-05T05:35:56Z,SA,web,0
TXN-2026-03720,221.86,transfer,ONLINE_SERVICES,CUST-0536,2026-06-02T17:41:41Z,EG,atm,0
TXN-2026-03721,113.99,pos,RESTAURANT,CUST-0367,2026-06-14T19:40:11Z,EG,atm,0
TXN-2026-03722,249.61,atm,TELECOM,CUST-0463,2026-07-14T12:52:15Z,SA,atm,0
TXN-2026-03723,1437.92,pos,ENTERTAINMENT,CUST-0417,2026-06-27T02:25:57Z,SA,web,0
TXN-2026-03724,7.93,pos,JEWELRY,CUST-0402,2026-06-27T04:19:43Z,US,pos_terminal,0
TXN-2026-03725,40.86,ecom,ENTERTAINMENT,CUST-0284,2026-06-26T09:17:51Z,SA,pos_terminal,0
TXN-2026-03726,9.97,pos,ELECTRONICS,CUST-0666,2026-06-25T05:03:57Z,SA,mobile,0
TXN-2026-03727,154.95,transfer,TRAVEL,CUST-0261,2026-07-21T21:37:10Z,SA,pos_terminal,0
TXN-2026-03728,111.92,pos,FASHION,CUST-0395,2026-06-28T19:26:38Z,SA,mobile,0
TXN-2026-03729,12.31,pos,TELECOM,CUST-0193,2026-06-01T08:57:07Z,EG,atm,0
TXN-2026-03730,23.1,pos,EDUCATION,CUST-0707,2026-06-27T02:41:51Z,SA,atm,0
TXN-2026-03731,311.74,ecom,RESTAURANT,CUST-0585,2026-07-24T10:27:53Z,AE,web,1
TXN-2026-03732,42.15,pos,EDUCATION,CUST-0565,2026-06-25T02:26:55Z,SA,pos_terminal,0
TXN-2026-03733,296.09,pos,FASHION,CUST-0219,2026-06-16T21:11:40Z,US,pos_terminal,0
TXN-2026-03734,7.34,pos,FUEL,CUST-0218,2026-06-24T09:27:47Z,SA,web,0
TXN-2026-03735,778.85,ecom,HEALTHCARE,CUST-0778,2026-06-12T13:16:19Z,SA,mobile,0
TXN-2026-03736,327.37,ecom,TRAVEL,CUST-0772,2026-07-09T03:57:19Z,SA,pos_terminal,0
TXN-2026-03737,68.25,atm,PHARMACY,CUST-0269,2026-07-05T21:55:27Z,SA,atm,0
TXN-2026-03738,111.14,pos,EDUCATION,CUST-0524,2026-06-30T10:54:04Z,SA,pos_terminal,0
TXN-2026-03739,85.54,ecom,HEALTHCARE,CUST-0091,2026-07-27T17:56:08Z,AE,mobile,0
TXN-2026-03740,16.23,transfer,EDUCATION,CUST-0688,2026-06-05T04:03:25Z,SA,atm,0
TXN-2026-03741,57.52,atm,ENTERTAINMENT,CUST-0358,2026-06-22T07:50:00Z,SA,mobile,0
TXN-2026-03742,216.32,pos,RESTAURANT,CUST-0280,2026-07-15T10:16:43Z,SA,mobile,0
TXN-2026-03743,521.08,pos,ONLINE_SERVICES,CUST-0773,2026-06-16T00:56:54Z,EG,web,0
TXN-2026-03744,214.79,pos,FASHION,CUST-0039,2026-06-14T05:47:39Z,SA,atm,0
TXN-2026-03745,423.51,ecom,HEALTHCARE,CUST-0788,2026-07-02T11:24:50Z,EG,atm,0
TXN-2026-03746,75.61,atm,EDUCATION,CUST-0225,2026-07-08T09:13:04Z,SA,pos_terminal,0
TXN-2026-03747,79.15,pos,ENTERTAINMENT,CUST-0781,2026-07-27T16:54:00Z,EG,atm,0
TXN-2026-03748,76.34,pos,ENTERTAINMENT,CUST-0522,2026-07-25T02:35:38Z,US,pos_terminal,0
TXN-2026-03749,444.54,pos,EDUCATION,CUST-0536,2026-06-02T14:48:18Z,EG,atm,0
TXN-2026-03750,77.43,ecom,FUEL,CUST-0328,2026-06-07T17:51:40Z,GB,pos_terminal,0
TXN-2026-03751,204.71,ecom,GROCERY,CUST-0594,2026-06-22T21:58:08Z,SA,pos_terminal,0
TXN-2026-03752,66.77,transfer,TELECOM,CUST-0600,2026-07-08T00:40:25Z,AE,pos_terminal,0
TXN-2026-03753,65.65,pos,UTILITIES,CUST-0043,2026-07-07T15:05:58Z,SA,mobile,0
TXN-2026-03754,17.42,atm,EDUCATION,CUST-0060,2026-07-10T21:41:04Z,US,pos_terminal,0
TXN-2026-03755,112.58,atm,FUEL,CUST-0654,2026-07-01T02:01:31Z,SA,pos_terminal,0
TXN-2026-03756,80.83,pos,TRAVEL,CUST-0350,2026-07-14T06:00:41Z,SA,mobile,0
TXN-2026-03757,16.53,pos,PHARMACY,CUST-0227,2026-06-03T01:53:31Z,AE,mobile,0
TXN-2026-03758,236.99,atm,HEALTHCARE,CUST-0393,2026-06-03T17:24:01Z,AE,web,0
TXN-2026-03759,190.18,pos,TRAVEL,CUST-0503,2026-07-24T23:16:17Z,GB,mobile,0
TXN-2026-03760,5.75,atm,GROCERY,CUST-0050,2026-06-16T15:58:29Z,SA,mobile,0
TXN-2026-03761,55.22,pos,ONLINE_SERVICES,CUST-0471,2026-07-24T17:46:02Z,SA,mobile,0
TXN-2026-03762,22.41,pos,FUEL,CUST-0753,2026-07-14T13:47:21Z,EG,atm,0
TXN-2026-03763,104.0,atm,RESTAURANT,CUST-0231,2026-07-17T10:40:37Z,AE,atm,0
TXN-2026-03764,1831.73,atm,GROCERY,CUST-0086,2026-07-16T19:37:53Z,SA,atm,0
TXN-2026-03765,47.36,pos,EDUCATION,CUST-0323,2026-06-17T06:01:16Z,SA,mobile,0
TXN-2026-03766,30.63,pos,TRAVEL,CUST-0034,2026-06-23T10:16:28Z,EG,web,0
TXN-2026-03767,109.88,atm,ELECTRONICS,CUST-0298,2026-07-23T20:12:03Z,SA,pos_terminal,0
TXN-2026-03768,1996.74,ecom,TRAVEL,CUST-0092,2026-07-05T01:50:47Z,AE,mobile,0
TXN-2026-03769,206.45,pos,TRAVEL,CUST-0712,2026-06-20T09:44:56Z,SA,mobile,0
TXN-2026-03770,130.32,ecom,EDUCATION,CUST-0327,2026-06-06T03:08:28Z,SA,atm,0
TXN-2026-03771,127.89,transfer,HOME_GOODS,CUST-0098,2026-06-27T13:14:58Z,EG,web,0
TXN-2026-03772,14.54,transfer,ENTERTAINMENT,CUST-0156,2026-06-08T02:00:28Z,SA,atm,0
TXN-2026-03773,44.11,transfer,HOME_GOODS,CUST-0430,2026-07-27T07:22:55Z,AE,atm,0
TXN-2026-03774,45.49,pos,ENTERTAINMENT,CUST-0344,2026-06-12T10:29:28Z,US,atm,0
TXN-2026-03775,108.7,pos,FUEL,CUST-0587,2026-06-15T23:10:42Z,SA,atm,0
TXN-2026-03776,33.62,pos,UTILITIES,CUST-0031,2026-06-04T21:28:50Z,SA,pos_terminal,0
TXN-2026-03777,250.01,ecom,UTILITIES,CUST-0390,2026-06-04T20:19:31Z,GB,web,0
TXN-2026-03778,8.73,pos,HEALTHCARE,CUST-0606,2026-07-12T19:45:22Z,SA,web,0
TXN-2026-03779,184.06,pos,EDUCATION,CUST-0403,2026-07-06T23:48:32Z,SA,pos_terminal,0
TXN-2026-03780,318.45,pos,GROCERY,CUST-0747,2026-06-13T00:59:36Z,SA,pos_terminal,0
TXN-2026-03781,35.08,pos,ONLINE_SERVICES,CUST-0205,2026-06-28T16:03:44Z,GB,atm,0
TXN-2026-03782,45.79,transfer,RESTAURANT,CUST-0776,2026-07-28T22:16:06Z,US,atm,0
TXN-2026-03783,100.47,pos,GROCERY,CUST-0764,2026-06-20T04:38:40Z,SA,web,0
TXN-2026-03784,136.88,ecom,JEWELRY,CUST-0242,2026-07-11T05:37:54Z,EG,mobile,0
TXN-2026-03785,18.0,ecom,PHARMACY,CUST-0042,2026-06-25T04:28:30Z,SA,web,0
TXN-2026-03786,52.63,pos,ELECTRONICS,CUST-0192,2026-06-18T00:16:51Z,SA,atm,0
TXN-2026-03787,5.48,pos,HEALTHCARE,CUST-0479,2026-06-20T12:54:39Z,US,pos_terminal,0
TXN-2026-03788,20.09,pos,TRAVEL,CUST-0118,2026-06-30T03:15:23Z,SA,pos_terminal,0
TXN-2026-03789,214.26,atm,GROCERY,CUST-0642,2026-07-27T14:16:43Z,EG,mobile,0
TXN-2026-03790,76.53,pos,ENTERTAINMENT,CUST-0430,2026-07-05T21:15:07Z,SA,atm,0
TXN-2026-03791,91.06,pos,FASHION,CUST-0202,2026-07-26T04:58:16Z,EG,web,0
TXN-2026-03792,119.49,ecom,ELECTRONICS,CUST-0776,2026-06-13T11:51:15Z,AE,mobile,0
TXN-2026-03793,8.74,pos,FASHION,CUST-0418,2026-07-08T20:06:02Z,SA,pos_terminal,0
TXN-2026-03794,341.08,atm,ONLINE_SERVICES,CUST-0474,2026-06-06T20:10:53Z,SA,pos_terminal,0
TXN-2026-03795,19.83,pos,ELECTRONICS,CUST-0728,2026-06-09T14:31:44Z,SA,pos_terminal,0
TXN-2026-03796,347.77,transfer,RESTAURANT,CUST-0514,2026-07-24T18:06:43Z,GB,pos_terminal,0
TXN-2026-03797,99.99,transfer,GROCERY,CUST-0015,2026-07-22T17:38:46Z,SA,web,0
TXN-2026-03798,711.69,atm,FASHION,CUST-0046,2026-07-19T12:20:35Z,AE,mobile,0
TXN-2026-03799,58.39,pos,HOME_GOODS,CUST-0258,2026-06-29T04:33:00Z,SA,web,0
TXN-2026-03800,85.99,pos,TRAVEL,CUST-0395,2026-07-26T03:55:33Z,SA,mobile,0
TXN-2026-03801,171.49,ecom,TRAVEL,CUST-0200,2026-07-04T23:30:40Z,SA,web,0
TXN-2026-03802,67.23,transfer,GROCERY,CUST-0774,2026-07-25T17:04:57Z,US,web,0
TXN-2026-03803,58.52,pos,UTILITIES,CUST-0479,2026-06-18T02:22:54Z,SA,mobile,0
TXN-2026-03804,134.36,ecom,TRAVEL,CUST-0798,2026-07-13T05:53:52Z,AE,web,0
TXN-2026-03805,252.91,atm,FASHION,CUST-0788,2026-06-25T06:35:37Z,GB,pos_terminal,0
TXN-2026-03806,365.87,ecom,GROCERY,CUST-0360,2026-07-18T07:15:23Z,EG,pos_terminal,0
TXN-2026-03807,168.85,pos,FUEL,CUST-0666,2026-07-23T19:06:56Z,US,mobile,0
TXN-2026-03808,86.82,pos,TELECOM,CUST-0028,2026-06-02T22:40:09Z,US,mobile,0
TXN-2026-03809,488.19,transfer,TELECOM,CUST-0059,2026-07-10T09:04:27Z,GB,pos_terminal,0
TXN-2026-03810,109.06,ecom,TRAVEL,CUST-0161,2026-07-03T19:43:46Z,SA,pos_terminal,0
TXN-2026-03811,766.69,ecom,ONLINE_SERVICES,CUST-0073,2026-06-11T16:17:21Z,AE,atm,0
TXN-2026-03812,87.74,pos,GROCERY,CUST-0264,2026-06-12T17:58:49Z,US,pos_terminal,0
TXN-2026-03813,601.61,ecom,GROCERY,CUST-0506,2026-07-13T00:22:29Z,SA,mobile,0
TXN-2026-03814,397.4,pos,RESTAURANT,CUST-0510,2026-07-14T04:42:58Z,SA,pos_terminal,0
TXN-2026-03815,148.62,atm,FUEL,CUST-0383,2026-07-06T08:27:52Z,SA,mobile,0
TXN-2026-03816,60.92,ecom,ELECTRONICS,CUST-0712,2026-07-25T04:17:45Z,SA,pos_terminal,0
TXN-2026-03817,14.06,ecom,GROCERY,CUST-0496,2026-06-26T20:28:57Z,SA,pos_terminal,0
TXN-2026-03818,66.77,pos,ONLINE_SERVICES,CUST-0800,2026-06-11T09:34:30Z,GB,pos_terminal,0
TXN-2026-03819,28.01,transfer,JEWELRY,CUST-0056,2026-07-13T17:38:01Z,SA,mobile,0
TXN-2026-03820,65.73,atm,RESTAURANT,CUST-0708,2026-07-11T21:05:32Z,SA,pos_terminal,0
TXN-2026-03821,248.45,pos,PHARMACY,CUST-0161,2026-07-27T11:29:15Z,SA,atm,0
TXN-2026-03822,98.37,ecom,TRAVEL,CUST-0794,2026-06-09T10:32:26Z,EG,atm,0
TXN-2026-03823,170.49,atm,FASHION,CUST-0437,2026-06-20T16:30:07Z,SA,mobile,0
TXN-2026-03824,57.78,pos,FASHION,CUST-0180,2026-07-25T07:15:18Z,GB,pos_terminal,0
TXN-2026-03825,123.86,pos,ENTERTAINMENT,CUST-0521,2026-06-03T10:42:47Z,US,web,0
TXN-2026-03826,665.25,pos,ONLINE_SERVICES,CUST-0494,2026-07-25T02:33:06Z,US,mobile,0
TXN-2026-03827,94.02,ecom,PHARMACY,CUST-0373,2026-06-12T18:33:06Z,SA,web,0
TXN-2026-03828,130.05,pos,ELECTRONICS,CUST-0664,2026-07-25T14:46:05Z,SA,mobile,0
TXN-2026-03829,47.01,atm,FASHION,CUST-0714,2026-07-10T00:55:37Z,EG,web,0
TXN-2026-03830,89.14,pos,FUEL,CUST-0265,2026-06-17T19:13:40Z,AE,atm,0
TXN-2026-03831,17.37,ecom,FUEL,CUST-0218,2026-06-06T22:59:33Z,GB,atm,0
TXN-2026-03832,22.52,pos,UTILITIES,CUST-0745,2026-06-06T19:26:40Z,EG,web,0
TXN-2026-03833,16.09,ecom,UTILITIES,CUST-0578,2026-06-20T01:08:58Z,AE,pos_terminal,0
TXN-2026-03834,119.97,atm,ENTERTAINMENT,CUST-0551,2026-07-07T03:40:10Z,US,mobile,1
TXN-2026-03835,119.72,pos,JEWELRY,CUST-0215,2026-07-08T09:06:10Z,SA,pos_terminal,0
TXN-2026-03836,498.36,pos,TRAVEL,CUST-0735,2026-06-04T23:11:18Z,EG,pos_terminal,0
TXN-2026-03837,123.42,transfer,EDUCATION,CUST-0393,2026-06-14T10:06:58Z,AE,web,0
TXN-2026-03838,115.34,pos,ENTERTAINMENT,CUST-0422,2026-06-07T14:16:40Z,SA,web,0
TXN-2026-03839,142.9,atm,HOME_GOODS,CUST-0003,2026-06-19T08:13:13Z,AE,atm,1
TXN-2026-03840,9.97,transfer,TELECOM,CUST-0666,2026-06-26T08:04:45Z,US,web,0
TXN-2026-03841,53.0,atm,PHARMACY,CUST-0039,2026-07-17T02:17:43Z,SA,pos_terminal,0
TXN-2026-03842,59.08,ecom,UTILITIES,CUST-0098,2026-07-03T11:02:16Z,AE,pos_terminal,0
TXN-2026-03843,59.77,atm,RESTAURANT,CUST-0146,2026-06-10T05:16:02Z,EG,pos_terminal,0
TXN-2026-03844,16.87,pos,FUEL,CUST-0243,2026-07-04T19:08:30Z,EG,web,0
TXN-2026-03845,109.7,pos,JEWELRY,CUST-0771,2026-06-24T11:25:15Z,EG,mobile,0
TXN-2026-03846,42.3,ecom,TELECOM,CUST-0158,2026-06-29T09:33:50Z,US,mobile,0
TXN-2026-03847,174.18,transfer,HOME_GOODS,CUST-0729,2026-07-04T00:29:39Z,SA,atm,0
TXN-2026-03848,469.73,ecom,FASHION,CUST-0001,2026-06-07T14:51:20Z,SA,pos_terminal,0
TXN-2026-03849,35.0,ecom,EDUCATION,CUST-0331,2026-07-05T12:55:37Z,GB,web,0
TXN-2026-03850,39.91,pos,GROCERY,CUST-0174,2026-07-07T03:55:02Z,US,atm,0
TXN-2026-03851,306.95,atm,PHARMACY,CUST-0391,2026-07-22T02:54:19Z,SA,mobile,0
TXN-2026-03852,66.14,ecom,ELECTRONICS,CUST-0158,2026-06-11T17:26:43Z,SA,pos_terminal,0
TXN-2026-03853,24.25,pos,TRAVEL,CUST-0338,2026-06-11T09:15:01Z,SA,web,0
TXN-2026-03854,29.92,ecom,GROCERY,CUST-0793,2026-06-11T17:42:43Z,SA,pos_terminal,0
TXN-2026-03855,506.31,ecom,HEALTHCARE,CUST-0501,2026-07-19T05:38:20Z,US,mobile,0
TXN-2026-03856,356.91,transfer,TRAVEL,CUST-0497,2026-07-15T16:17:26Z,GB,atm,0
TXN-2026-03857,188.11,atm,ENTERTAINMENT,CUST-0611,2026-06-25T02:57:17Z,SA,web,1
TXN-2026-03858,10.38,pos,GROCERY,CUST-0477,2026-06-16T12:03:08Z,GB,web,0
TXN-2026-03859,110.97,atm,TRAVEL,CUST-0482,2026-07-30T06:27:11Z,SA,pos_terminal,0
TXN-2026-03860,134.2,ecom,ONLINE_SERVICES,CUST-0613,2026-06-30T06:34:46Z,SA,pos_terminal,0
TXN-2026-03861,9.5,pos,TRAVEL,CUST-0443,2026-06-06T06:32:59Z,EG,web,0
TXN-2026-03862,48.3,pos,GROCERY,CUST-0223,2026-06-02T18:55:45Z,AE,mobile,0
TXN-2026-03863,51.25,pos,FASHION,CUST-0307,2026-07-08T04:16:51Z,EG,atm,0
TXN-2026-03864,210.84,ecom,HOME_GOODS,CUST-0027,2026-07-16T07:57:55Z,EG,mobile,0
TXN-2026-03865,244.18,ecom,RESTAURANT,CUST-0629,2026-06-08T11:59:12Z,EG,web,0
TXN-2026-03866,275.27,pos,UTILITIES,CUST-0535,2026-07-10T02:46:57Z,SA,pos_terminal,0
TXN-2026-03867,49.42,pos,ENTERTAINMENT,CUST-0275,2026-07-03T22:11:22Z,GB,web,0
TXN-2026-03868,25.26,ecom,RESTAURANT,CUST-0759,2026-07-06T13:55:56Z,SA,atm,0
TXN-2026-03869,125.02,ecom,FASHION,CUST-0404,2026-06-23T05:47:39Z,SA,pos_terminal,0
TXN-2026-03870,51.78,pos,UTILITIES,CUST-0758,2026-07-06T20:49:24Z,SA,web,0
TXN-2026-03871,958.27,ecom,PHARMACY,CUST-0001,2026-06-24T20:42:45Z,AE,mobile,0
TXN-2026-03872,313.47,ecom,TELECOM,CUST-0764,2026-07-18T13:11:41Z,AE,mobile,0
TXN-2026-03873,283.19,ecom,EDUCATION,CUST-0661,2026-06-17T01:47:20Z,US,pos_terminal,1
TXN-2026-03874,5.0,pos,HOME_GOODS,CUST-0255,2026-07-24T10:48:12Z,SA,mobile,0
TXN-2026-03875,105.47,pos,FUEL,CUST-0231,2026-06-15T09:55:03Z,SA,atm,0
TXN-2026-03876,17.32,atm,HEALTHCARE,CUST-0153,2026-06-03T19:04:21Z,US,web,0
TXN-2026-03877,27.6,pos,HEALTHCARE,CUST-0755,2026-07-20T12:17:37Z,GB,pos_terminal,0
TXN-2026-03878,173.39,pos,ENTERTAINMENT,CUST-0475,2026-06-19T09:10:32Z,US,web,0
TXN-2026-03879,155.27,ecom,HEALTHCARE,CUST-0472,2026-06-26T19:40:19Z,SA,mobile,0
TXN-2026-03880,175.27,ecom,HEALTHCARE,CUST-0522,2026-06-18T08:37:04Z,SA,mobile,0
TXN-2026-03881,384.79,atm,FASHION,CUST-0750,2026-06-02T09:36:38Z,SA,mobile,0
TXN-2026-03882,44.26,pos,TELECOM,CUST-0425,2026-06-04T14:02:42Z,AE,web,0
TXN-2026-03883,178.44,pos,PHARMACY,CUST-0010,2026-07-06T10:02:24Z,US,mobile,0
TXN-2026-03884,107.75,transfer,PHARMACY,CUST-0456,2026-06-17T16:14:22Z,SA,pos_terminal,0
TXN-2026-03885,63.11,pos,ENTERTAINMENT,CUST-0737,2026-06-05T10:49:14Z,US,mobile,0
TXN-2026-03886,286.78,pos,ELECTRONICS,CUST-0343,2026-07-26T23:30:54Z,SA,pos_terminal,0
TXN-2026-03887,119.14,pos,ELECTRONICS,CUST-0115,2026-06-21T00:40:16Z,GB,web,0
TXN-2026-03888,155.3,pos,HOME_GOODS,CUST-0357,2026-07-02T02:11:09Z,SA,atm,0
TXN-2026-03889,143.76,pos,HEALTHCARE,CUST-0314,2026-06-02T17:33:27Z,SA,atm,0
TXN-2026-03890,199.44,pos,RESTAURANT,CUST-0132,2026-06-07T21:00:59Z,SA,mobile,0
TXN-2026-03891,261.39,ecom,FASHION,CUST-0792,2026-06-08T05:53:46Z,GB,mobile,0
TXN-2026-03892,457.0,pos,HEALTHCARE,CUST-0602,2026-07-04T16:28:54Z,AE,mobile,0
TXN-2026-03893,42.55,pos,PHARMACY,CUST-0638,2026-07-16T10:52:02Z,SA,atm,0
TXN-2026-03894,91.07,pos,RESTAURANT,CUST-0661,2026-07-11T19:54:25Z,US,pos_terminal,0
TXN-2026-03895,116.43,transfer,TRAVEL,CUST-0072,2026-07-15T14:09:52Z,AE,web,0
TXN-2026-03896,198.22,ecom,ENTERTAINMENT,CUST-0437,2026-06-25T14:29:32Z,SA,mobile,0
TXN-2026-03897,96.2,transfer,JEWELRY,CUST-0258,2026-06-23T02:45:44Z,SA,web,0
TXN-2026-03898,85.83,transfer,ENTERTAINMENT,CUST-0100,2026-06-12T21:15:50Z,US,atm,0
TXN-2026-03899,176.18,pos,HOME_GOODS,CUST-0017,2026-06-08T21:08:24Z,US,mobile,0
TXN-2026-03900,322.48,transfer,FUEL,CUST-0576,2026-06-08T02:54:01Z,AE,mobile,0
TXN-2026-03901,743.43,ecom,UTILITIES,CUST-0185,2026-07-28T15:13:48Z,US,mobile,0
TXN-2026-03902,17.94,pos,EDUCATION,CUST-0428,2026-06-26T20:31:27Z,SA,pos_terminal,0
TXN-2026-03903,81.08,pos,TELECOM,CUST-0038,2026-07-11T19:11:23Z,SA,mobile,0
TXN-2026-03904,21.45,atm,TELECOM,CUST-0380,2026-07-08T18:47:18Z,SA,web,0
TXN-2026-03905,153.09,pos,TRAVEL,CUST-0381,2026-07-08T19:02:28Z,US,mobile,0
TXN-2026-03906,233.51,ecom,ELECTRONICS,CUST-0781,2026-06-27T15:33:16Z,SA,web,0
TXN-2026-03907,137.94,ecom,HEALTHCARE,CUST-0286,2026-06-24T00:44:42Z,SA,pos_terminal,1
TXN-2026-03908,41.65,pos,HOME_GOODS,CUST-0506,2026-07-12T21:55:08Z,SA,pos_terminal,0
TXN-2026-03909,60.28,pos,RESTAURANT,CUST-0404,2026-06-28T14:54:23Z,US,atm,0
TXN-2026-03910,36.5,atm,PHARMACY,CUST-0209,2026-07-02T09:12:38Z,SA,atm,0
TXN-2026-03911,123.03,pos,HOME_GOODS,CUST-0559,2026-07-05T02:54:00Z,SA,mobile,0
TXN-2026-03912,153.59,atm,GROCERY,CUST-0147,2026-06-17T03:52:49Z,US,mobile,0
TXN-2026-03913,204.98,ecom,JEWELRY,CUST-0356,2026-06-08T12:25:05Z,SA,atm,0
TXN-2026-03914,95.61,pos,TELECOM,CUST-0267,2026-07-21T18:18:47Z,US,mobile,0
TXN-2026-03915,233.69,transfer,HEALTHCARE,CUST-0173,2026-06-28T03:01:21Z,AE,mobile,0
TXN-2026-03916,13.15,pos,HOME_GOODS,CUST-0391,2026-07-25T13:22:46Z,EG,web,0
TXN-2026-03917,115.6,ecom,EDUCATION,CUST-0393,2026-07-10T18:57:13Z,SA,atm,0
TXN-2026-03918,477.93,pos,ONLINE_SERVICES,CUST-0361,2026-06-12T07:34:18Z,GB,atm,0
TXN-2026-03919,29.86,ecom,HOME_GOODS,CUST-0230,2026-06-29T07:24:49Z,SA,mobile,0
TXN-2026-03920,228.52,pos,EDUCATION,CUST-0449,2026-06-29T12:48:13Z,SA,web,0
TXN-2026-03921,120.78,pos,TELECOM,CUST-0014,2026-07-05T10:10:54Z,SA,pos_terminal,0
TXN-2026-03922,58.42,pos,ELECTRONICS,CUST-0675,2026-06-01T16:59:38Z,US,mobile,0
TXN-2026-03923,108.05,ecom,ONLINE_SERVICES,CUST-0325,2026-07-16T09:08:47Z,EG,atm,0
TXN-2026-03924,174.14,atm,RESTAURANT,CUST-0134,2026-07-15T20:58:02Z,AE,pos_terminal,0
TXN-2026-03925,254.01,ecom,RESTAURANT,CUST-0589,2026-07-18T08:24:24Z,SA,mobile,0
TXN-2026-03926,1023.44,ecom,FUEL,CUST-0302,2026-06-15T05:43:35Z,SA,mobile,1
TXN-2026-03927,278.03,ecom,ONLINE_SERVICES,CUST-0018,2026-06-03T09:45:33Z,GB,atm,0
TXN-2026-03928,220.66,pos,JEWELRY,CUST-0078,2026-06-15T07:59:17Z,EG,mobile,0
TXN-2026-03929,92.91,ecom,PHARMACY,CUST-0662,2026-06-14T06:49:31Z,SA,pos_terminal,0
TXN-2026-03930,26.27,transfer,FASHION,CUST-0771,2026-06-30T09:14:33Z,SA,mobile,0
TXN-2026-03931,26.95,ecom,EDUCATION,CUST-0061,2026-06-29T14:55:21Z,EG,mobile,0
TXN-2026-03932,13.84,pos,HEALTHCARE,CUST-0329,2026-07-25T20:40:57Z,US,mobile,0
TXN-2026-03933,69.53,transfer,ELECTRONICS,CUST-0223,2026-06-23T02:53:27Z,SA,web,0
TXN-2026-03934,126.74,pos,ELECTRONICS,CUST-0448,2026-07-20T22:10:44Z,AE,web,0
TXN-2026-03935,281.09,pos,ENTERTAINMENT,CUST-0541,2026-07-01T06:03:48Z,US,mobile,0
TXN-2026-03936,289.42,pos,ENTERTAINMENT,CUST-0401,2026-07-09T12:19:01Z,SA,mobile,0
TXN-2026-03937,126.66,ecom,RESTAURANT,CUST-0693,2026-07-04T07:40:51Z,GB,atm,0
TXN-2026-03938,69.26,pos,TRAVEL,CUST-0337,2026-06-23T03:56:12Z,GB,pos_terminal,0
TXN-2026-03939,240.07,atm,FUEL,CUST-0664,2026-06-22T05:36:14Z,US,atm,1
TXN-2026-03940,35.25,ecom,EDUCATION,CUST-0184,2026-06-17T00:14:49Z,AE,web,0
TXN-2026-03941,98.66,pos,FASHION,CUST-0243,2026-07-14T01:54:37Z,AE,atm,1
TXN-2026-03942,434.73,atm,ENTERTAINMENT,CUST-0264,2026-07-27T22:44:12Z,SA,mobile,0
TXN-2026-03943,47.29,ecom,ONLINE_SERVICES,CUST-0792,2026-06-18T07:32:34Z,EG,web,0
TXN-2026-03944,155.38,ecom,HOME_GOODS,CUST-0532,2026-07-12T08:14:01Z,SA,atm,0
TXN-2026-03945,303.39,atm,TRAVEL,CUST-0277,2026-06-28T16:33:24Z,SA,atm,0
TXN-2026-03946,71.26,transfer,TRAVEL,CUST-0262,2026-07-22T14:06:07Z,EG,atm,0
TXN-2026-03947,24.69,pos,TELECOM,CUST-0550,2026-06-26T05:04:47Z,GB,web,0
TXN-2026-03948,769.7,atm,RESTAURANT,CUST-0486,2026-06-13T02:18:01Z,SA,mobile,0
TXN-2026-03949,62.62,atm,HEALTHCARE,CUST-0426,2026-07-18T21:42:25Z,US,atm,0
TXN-2026-03950,32.33,pos,HEALTHCARE,CUST-0403,2026-07-11T20:11:08Z,AE,atm,0
TXN-2026-03951,64.26,pos,UTILITIES,CUST-0434,2026-06-29T02:40:17Z,EG,atm,0
TXN-2026-03952,232.35,ecom,PHARMACY,CUST-0342,2026-06-21T04:38:32Z,SA,mobile,0
TXN-2026-03953,78.04,atm,RESTAURANT,CUST-0229,2026-06-19T15:53:55Z,SA,mobile,0
TXN-2026-03954,277.15,ecom,TRAVEL,CUST-0323,2026-06-22T02:28:05Z,SA,atm,0
TXN-2026-03955,5.19,transfer,ONLINE_SERVICES,CUST-0438,2026-06-26T09:20:15Z,SA,web,0
TXN-2026-03956,233.22,pos,PHARMACY,CUST-0304,2026-07-15T23:47:46Z,SA,mobile,0
TXN-2026-03957,259.05,pos,PHARMACY,CUST-0715,2026-06-19T18:37:42Z,EG,atm,0
TXN-2026-03958,69.5,pos,EDUCATION,CUST-0239,2026-07-05T21:46:08Z,EG,web,0
TXN-2026-03959,6.28,pos,PHARMACY,CUST-0222,2026-06-13T12:55:30Z,SA,atm,0
TXN-2026-03960,44.08,pos,HOME_GOODS,CUST-0241,2026-07-08T16:56:07Z,SA,atm,0
TXN-2026-03961,75.67,atm,EDUCATION,CUST-0423,2026-06-02T12:52:45Z,SA,pos_terminal,0
TXN-2026-03962,93.79,pos,ONLINE_SERVICES,CUST-0595,2026-06-05T02:39:53Z,SA,pos_terminal,0
TXN-2026-03963,106.99,pos,FUEL,CUST-0646,2026-07-28T05:03:36Z,SA,atm,0
TXN-2026-03964,11.47,pos,TELECOM,CUST-0122,2026-07-17T18:39:32Z,SA,mobile,0
TXN-2026-03965,143.65,ecom,PHARMACY,CUST-0800,2026-06-28T17:48:03Z,US,mobile,0
TXN-2026-03966,34.88,pos,HOME_GOODS,CUST-0040,2026-06-02T02:51:44Z,SA,mobile,0
TXN-2026-03967,51.22,pos,TELECOM,CUST-0247,2026-06-12T03:47:56Z,SA,mobile,0
TXN-2026-03968,174.88,pos,PHARMACY,CUST-0353,2026-07-12T19:08:36Z,SA,atm,0
TXN-2026-03969,182.5,atm,GROCERY,CUST-0637,2026-06-25T09:04:31Z,US,pos_terminal,0
TXN-2026-03970,204.17,pos,TELECOM,CUST-0583,2026-07-07T09:34:40Z,SA,atm,0
TXN-2026-03971,48.43,pos,JEWELRY,CUST-0077,2026-06-19T06:38:19Z,EG,web,0
TXN-2026-03972,7.4,ecom,TRAVEL,CUST-0623,2026-06-24T06:21:12Z,SA,pos_terminal,0
TXN-2026-03973,231.22,ecom,TELECOM,CUST-0443,2026-07-06T20:44:52Z,SA,pos_terminal,0
TXN-2026-03974,44.84,pos,FUEL,CUST-0508,2026-06-07T21:25:36Z,SA,web,0
TXN-2026-03975,650.64,ecom,ENTERTAINMENT,CUST-0784,2026-07-21T09:06:05Z,SA,pos_terminal,0
TXN-2026-03976,165.73,ecom,RESTAURANT,CUST-0101,2026-06-05T22:25:52Z,US,atm,0
TXN-2026-03977,237.38,pos,JEWELRY,CUST-0369,2026-07-03T12:33:56Z,SA,pos_terminal,0
TXN-2026-03978,176.87,ecom,TRAVEL,CUST-0194,2026-07-21T16:43:42Z,SA,pos_terminal,0
TXN-2026-03979,20.34,ecom,EDUCATION,CUST-0333,2026-07-05T01:12:30Z,SA,web,0
TXN-2026-03980,375.08,atm,TRAVEL,CUST-0212,2026-07-12T22:19:33Z,EG,web,0
TXN-2026-03981,129.77,pos,RESTAURANT,CUST-0565,2026-06-08T08:00:20Z,SA,mobile,0
TXN-2026-03982,97.1,ecom,HEALTHCARE,CUST-0249,2026-06-03T00:02:17Z,EG,pos_terminal,0
TXN-2026-03983,138.71,pos,RESTAURANT,CUST-0759,2026-06-07T00:55:46Z,AE,pos_terminal,0
TXN-2026-03984,174.08,atm,HEALTHCARE,CUST-0335,2026-07-24T11:27:05Z,AE,pos_terminal,0
TXN-2026-03985,51.96,ecom,HEALTHCARE,CUST-0782,2026-07-08T08:06:31Z,US,mobile,0
TXN-2026-03986,11.18,ecom,RESTAURANT,CUST-0316,2026-06-03T19:25:47Z,EG,web,0
TXN-2026-03987,41.46,pos,EDUCATION,CUST-0127,2026-06-20T16:05:58Z,SA,mobile,0
TXN-2026-03988,103.52,ecom,RESTAURANT,CUST-0169,2026-06-25T10:23:40Z,US,atm,0
TXN-2026-03989,109.45,atm,RESTAURANT,CUST-0663,2026-06-19T07:19:18Z,US,web,0
TXN-2026-03990,24.0,pos,ENTERTAINMENT,CUST-0518,2026-06-04T10:12:32Z,SA,pos_terminal,0
TXN-2026-03991,77.48,transfer,TRAVEL,CUST-0747,2026-07-05T07:25:09Z,EG,atm,0
TXN-2026-03992,71.25,pos,JEWELRY,CUST-0088,2026-07-30T03:03:53Z,EG,mobile,0
TXN-2026-03993,248.19,ecom,HOME_GOODS,CUST-0587,2026-06-22T10:05:35Z,AE,pos_terminal,0
TXN-2026-03994,21.45,pos,FUEL,CUST-0377,2026-06-09T04:06:30Z,SA,web,0
TXN-2026-03995,19.45,transfer,UTILITIES,CUST-0492,2026-07-13T05:01:57Z,SA,mobile,0
TXN-2026-03996,49.8,transfer,FUEL,CUST-0470,2026-07-12T07:46:16Z,SA,mobile,0
TXN-2026-03997,22.99,pos,RESTAURANT,CUST-0772,2026-07-19T12:08:46Z,EG,web,0
TXN-2026-03998,345.85,atm,FASHION,CUST-0062,2026-06-01T03:07:13Z,SA,pos_terminal,1
TXN-2026-03999,64.84,pos,UTILITIES,CUST-0289,2026-07-14T00:54:23Z,EG,web,0
TXN-2026-04000,21.87,transfer,GROCERY,CUST-0490,2026-06-30T12:39:59Z,GB,atm,0
TXN-2026-04001,54.03,ecom,FASHION,CUST-0447,2026-06-01T14:44:27Z,AE,atm,0
TXN-2026-04002,19.22,pos,FUEL,CUST-0718,2026-07-03T00:02:28Z,SA,mobile,0
TXN-2026-04003,98.71,transfer,PHARMACY,CUST-0674,2026-06-07T02:09:56Z,GB,mobile,0
TXN-2026-04004,41.54,pos,HEALTHCARE,CUST-0146,2026-06-15T07:41:45Z,SA,web,0
TXN-2026-04005,145.92,pos,TELECOM,CUST-0218,2026-06-20T21:19:58Z,US,atm,0
TXN-2026-04006,292.92,pos,JEWELRY,CUST-0118,2026-07-28T02:50:07Z,SA,pos_terminal,0
TXN-2026-04007,72.62,pos,RESTAURANT,CUST-0597,2026-06-24T16:25:00Z,SA,atm,0
TXN-2026-04008,135.05,pos,TRAVEL,CUST-0216,2026-07-22T16:34:46Z,AE,atm,0
TXN-2026-04009,142.08,ecom,JEWELRY,CUST-0288,2026-07-04T21:01:22Z,GB,mobile,0
TXN-2026-04010,101.15,ecom,UTILITIES,CUST-0510,2026-06-10T23:31:52Z,AE,pos_terminal,0
TXN-2026-04011,61.99,atm,FUEL,CUST-0623,2026-06-26T23:29:07Z,SA,mobile,0
TXN-2026-04012,233.1,pos,ENTERTAINMENT,CUST-0539,2026-06-19T14:29:18Z,US,atm,0
TXN-2026-04013,239.19,ecom,RESTAURANT,CUST-0129,2026-07-11T20:06:40Z,SA,pos_terminal,0
TXN-2026-04014,24.35,atm,ELECTRONICS,CUST-0335,2026-07-11T11:21:42Z,GB,atm,0
TXN-2026-04015,65.63,pos,TELECOM,CUST-0737,2026-06-20T20:40:23Z,EG,web,0
TXN-2026-04016,17.98,pos,RESTAURANT,CUST-0021,2026-06-23T18:11:06Z,SA,pos_terminal,0
TXN-2026-04017,153.9,pos,EDUCATION,CUST-0376,2026-06-21T03:31:30Z,AE,pos_terminal,0
TXN-2026-04018,47.99,transfer,FUEL,CUST-0160,2026-07-27T23:17:13Z,GB,pos_terminal,0
TXN-2026-04019,29.6,pos,GROCERY,CUST-0025,2026-06-03T14:10:24Z,EG,web,0
TXN-2026-04020,77.02,pos,FASHION,CUST-0704,2026-07-10T13:28:14Z,GB,web,0
TXN-2026-04021,92.35,transfer,HEALTHCARE,CUST-0165,2026-07-24T19:12:50Z,SA,mobile,0
TXN-2026-04022,41.79,pos,PHARMACY,CUST-0002,2026-07-14T23:49:21Z,AE,pos_terminal,0
TXN-2026-04023,1166.65,transfer,ELECTRONICS,CUST-0595,2026-07-14T05:02:34Z,US,atm,0
TXN-2026-04024,59.14,pos,EDUCATION,CUST-0035,2026-06-12T03:53:23Z,SA,atm,0
TXN-2026-04025,22.89,atm,FUEL,CUST-0184,2026-06-23T07:05:17Z,SA,pos_terminal,0
TXN-2026-04026,22.21,pos,HOME_GOODS,CUST-0184,2026-06-06T21:02:59Z,GB,atm,0
TXN-2026-04027,118.03,transfer,ONLINE_SERVICES,CUST-0633,2026-07-02T09:10:34Z,US,mobile,0
TXN-2026-04028,145.68,pos,TELECOM,CUST-0793,2026-07-26T16:28:13Z,SA,mobile,0
TXN-2026-04029,1166.99,pos,TELECOM,CUST-0359,2026-07-04T07:23:59Z,SA,web,0
TXN-2026-04030,31.6,pos,FASHION,CUST-0506,2026-06-02T12:41:15Z,SA,pos_terminal,0
TXN-2026-04031,147.01,pos,FASHION,CUST-0257,2026-06-26T23:47:23Z,EG,pos_terminal,0
TXN-2026-04032,100.74,pos,UTILITIES,CUST-0600,2026-06-09T03:56:56Z,AE,atm,0
TXN-2026-04033,104.04,pos,ENTERTAINMENT,CUST-0777,2026-06-10T19:54:27Z,EG,pos_terminal,0
TXN-2026-04034,298.07,ecom,EDUCATION,CUST-0602,2026-06-30T01:10:39Z,US,atm,1
TXN-2026-04035,167.65,pos,HOME_GOODS,CUST-0330,2026-06-29T05:48:17Z,US,pos_terminal,0
TXN-2026-04036,536.23,pos,JEWELRY,CUST-0407,2026-06-21T12:46:15Z,SA,web,0
TXN-2026-04037,75.08,pos,ENTERTAINMENT,CUST-0119,2026-06-23T19:45:10Z,GB,web,0
TXN-2026-04038,46.62,pos,ONLINE_SERVICES,CUST-0596,2026-06-10T04:56:54Z,SA,pos_terminal,0
TXN-2026-04039,629.06,atm,ENTERTAINMENT,CUST-0339,2026-07-02T12:23:43Z,GB,web,1
TXN-2026-04040,86.89,atm,TELECOM,CUST-0265,2026-07-23T16:55:56Z,SA,atm,0
TXN-2026-04041,153.67,transfer,FASHION,CUST-0241,2026-07-03T06:25:54Z,SA,pos_terminal,0
TXN-2026-04042,56.2,pos,FUEL,CUST-0591,2026-07-12T16:01:34Z,SA,atm,0
TXN-2026-04043,29.29,pos,EDUCATION,CUST-0026,2026-06-18T15:55:00Z,SA,mobile,0
TXN-2026-04044,36.73,ecom,ELECTRONICS,CUST-0228,2026-06-14T15:18:28Z,SA,atm,0
TXN-2026-04045,409.78,ecom,HEALTHCARE,CUST-0148,2026-07-26T18:20:16Z,SA,atm,0
TXN-2026-04046,25.39,atm,ONLINE_SERVICES,CUST-0760,2026-06-16T12:46:36Z,SA,web,0
TXN-2026-04047,364.68,pos,ONLINE_SERVICES,CUST-0528,2026-06-07T20:58:42Z,US,mobile,0
TXN-2026-04048,187.56,ecom,JEWELRY,CUST-0027,2026-06-17T00:39:13Z,SA,atm,0
TXN-2026-04049,18.84,pos,HOME_GOODS,CUST-0797,2026-07-09T08:08:24Z,GB,web,0
TXN-2026-04050,143.14,ecom,HEALTHCARE,CUST-0707,2026-06-10T03:51:20Z,EG,web,1
TXN-2026-04051,282.26,atm,RESTAURANT,CUST-0634,2026-07-30T14:16:23Z,SA,mobile,0
TXN-2026-04052,53.29,pos,HEALTHCARE,CUST-0405,2026-06-12T09:53:37Z,EG,mobile,0
TXN-2026-04053,49.85,pos,HEALTHCARE,CUST-0739,2026-07-07T12:25:47Z,AE,atm,0
TXN-2026-04054,127.33,pos,ELECTRONICS,CUST-0697,2026-06-13T23:36:07Z,SA,pos_terminal,0
TXN-2026-04055,41.64,atm,TELECOM,CUST-0056,2026-07-13T16:21:57Z,SA,atm,0
TXN-2026-04056,443.44,atm,UTILITIES,CUST-0756,2026-07-10T18:04:38Z,US,atm,0
TXN-2026-04057,146.59,pos,FASHION,CUST-0142,2026-07-14T03:54:18Z,SA,atm,0
TXN-2026-04058,48.05,pos,TELECOM,CUST-0756,2026-06-27T04:27:12Z,SA,atm,0
TXN-2026-04059,29.08,pos,TRAVEL,CUST-0280,2026-06-20T04:41:06Z,GB,web,0
TXN-2026-04060,570.3,ecom,HOME_GOODS,CUST-0095,2026-07-29T07:16:28Z,SA,mobile,0
TXN-2026-04061,23.83,transfer,JEWELRY,CUST-0606,2026-06-01T16:47:13Z,SA,web,0
TXN-2026-04062,142.25,pos,RESTAURANT,CUST-0025,2026-06-14T10:41:27Z,SA,pos_terminal,0
TXN-2026-04063,6.02,ecom,UTILITIES,CUST-0080,2026-06-13T11:16:28Z,SA,pos_terminal,0
TXN-2026-04064,29.88,pos,UTILITIES,CUST-0217,2026-07-02T13:34:36Z,SA,web,0
TXN-2026-04065,19.4,ecom,HEALTHCARE,CUST-0661,2026-07-15T01:11:59Z,AE,pos_terminal,0
TXN-2026-04066,626.36,ecom,ONLINE_SERVICES,CUST-0691,2026-07-03T02:27:47Z,SA,pos_terminal,1
TXN-2026-04067,62.09,pos,HEALTHCARE,CUST-0310,2026-06-14T16:27:07Z,SA,atm,0
TXN-2026-04068,118.16,atm,ELECTRONICS,CUST-0298,2026-06-01T10:17:15Z,SA,atm,0
TXN-2026-04069,138.98,atm,FUEL,CUST-0711,2026-07-15T08:30:00Z,US,pos_terminal,0
TXN-2026-04070,255.9,pos,ENTERTAINMENT,CUST-0080,2026-07-13T21:24:39Z,GB,web,0
TXN-2026-04071,52.4,pos,JEWELRY,CUST-0054,2026-06-05T19:48:06Z,US,atm,0
TXN-2026-04072,333.45,ecom,HEALTHCARE,CUST-0648,2026-07-15T08:31:16Z,SA,mobile,0
TXN-2026-04073,560.55,atm,ENTERTAINMENT,CUST-0253,2026-06-01T08:25:53Z,SA,atm,0
TXN-2026-04074,48.7,pos,HOME_GOODS,CUST-0723,2026-07-01T10:18:22Z,GB,atm,0
TXN-2026-04075,105.83,pos,PHARMACY,CUST-0092,2026-06-27T21:46:03Z,SA,pos_terminal,0
TXN-2026-04076,75.94,ecom,JEWELRY,CUST-0165,2026-06-14T04:39:39Z,US,atm,0
TXN-2026-04077,231.26,transfer,JEWELRY,CUST-0208,2026-07-10T18:06:55Z,GB,atm,0
TXN-2026-04078,26.44,pos,TELECOM,CUST-0525,2026-07-07T04:09:21Z,AE,web,0
TXN-2026-04079,705.88,ecom,ELECTRONICS,CUST-0181,2026-07-26T06:40:21Z,EG,pos_terminal,0
TXN-2026-04080,201.71,pos,PHARMACY,CUST-0621,2026-07-07T16:39:21Z,SA,pos_terminal,0
TXN-2026-04081,331.09,ecom,ENTERTAINMENT,CUST-0622,2026-06-21T22:40:17Z,SA,atm,0
TXN-2026-04082,91.34,atm,ONLINE_SERVICES,CUST-0718,2026-06-20T18:45:07Z,AE,web,0
TXN-2026-04083,316.73,ecom,ENTERTAINMENT,CUST-0034,2026-07-29T04:35:23Z,GB,pos_terminal,1
TXN-2026-04084,10.5,transfer,PHARMACY,CUST-0024,2026-07-02T20:44:29Z,SA,web,0
TXN-2026-04085,365.33,pos,ENTERTAINMENT,CUST-0238,2026-06-29T18:51:38Z,GB,pos_terminal,0
TXN-2026-04086,41.51,pos,GROCERY,CUST-0661,2026-07-20T03:39:54Z,AE,mobile,0
TXN-2026-04087,16.53,transfer,FUEL,CUST-0288,2026-06-05T15:03:32Z,SA,web,0
TXN-2026-04088,94.58,pos,PHARMACY,CUST-0602,2026-06-05T23:05:19Z,GB,pos_terminal,0
TXN-2026-04089,93.96,ecom,HEALTHCARE,CUST-0632,2026-06-09T07:30:32Z,SA,mobile,0
TXN-2026-04090,154.77,pos,HEALTHCARE,CUST-0507,2026-07-30T17:18:18Z,SA,atm,0
TXN-2026-04091,408.18,atm,UTILITIES,CUST-0796,2026-07-27T23:55:26Z,EG,mobile,0
TXN-2026-04092,128.7,pos,FASHION,CUST-0044,2026-07-06T04:18:05Z,SA,mobile,0
TXN-2026-04093,370.86,atm,UTILITIES,CUST-0790,2026-07-08T01:12:23Z,SA,pos_terminal,0
TXN-2026-04094,56.83,transfer,UTILITIES,CUST-0122,2026-06-13T06:18:45Z,SA,mobile,0
TXN-2026-04095,1197.5,pos,HEALTHCARE,CUST-0465,2026-07-13T06:36:10Z,SA,mobile,0
TXN-2026-04096,211.23,ecom,UTILITIES,CUST-0386,2026-06-06T21:51:52Z,SA,mobile,0
TXN-2026-04097,201.35,pos,FUEL,CUST-0571,2026-07-27T10:15:50Z,EG,atm,0
TXN-2026-04098,137.91,pos,ELECTRONICS,CUST-0676,2026-06-23T09:58:49Z,GB,web,0
TXN-2026-04099,412.97,pos,FASHION,CUST-0719,2026-06-15T16:44:16Z,SA,mobile,0
TXN-2026-04100,45.61,ecom,ONLINE_SERVICES,CUST-0487,2026-07-09T01:38:41Z,SA,web,0
TXN-2026-04101,70.88,atm,ONLINE_SERVICES,CUST-0534,2026-07-07T20:50:56Z,SA,mobile,0
TXN-2026-04102,48.07,ecom,RESTAURANT,CUST-0736,2026-06-29T12:20:52Z,SA,pos_terminal,0
TXN-2026-04103,163.01,ecom,FUEL,CUST-0308,2026-06-11T07:35:23Z,EG,pos_terminal,0
TXN-2026-04104,119.49,pos,UTILITIES,CUST-0028,2026-06-20T17:54:19Z,GB,web,0
TXN-2026-04105,521.53,atm,JEWELRY,CUST-0746,2026-06-13T21:08:10Z,SA,atm,0
TXN-2026-04106,100.27,ecom,TRAVEL,CUST-0631,2026-07-28T20:38:33Z,SA,mobile,0
TXN-2026-04107,240.6,pos,HEALTHCARE,CUST-0708,2026-06-12T19:21:52Z,GB,pos_terminal,0
TXN-2026-04108,60.69,pos,RESTAURANT,CUST-0118,2026-07-02T19:27:49Z,SA,web,0
TXN-2026-04109,115.04,ecom,FUEL,CUST-0106,2026-07-10T05:07:57Z,SA,atm,0
TXN-2026-04110,31.53,pos,RESTAURANT,CUST-0165,2026-07-27T22:22:35Z,SA,pos_terminal,0
TXN-2026-04111,290.88,ecom,TRAVEL,CUST-0066,2026-07-25T19:02:37Z,AE,pos_terminal,1
TXN-2026-04112,55.59,ecom,TELECOM,CUST-0306,2026-07-25T06:48:28Z,SA,pos_terminal,0
TXN-2026-04113,73.16,ecom,TELECOM,CUST-0363,2026-06-27T18:22:57Z,EG,atm,0
TXN-2026-04114,55.87,pos,JEWELRY,CUST-0005,2026-07-24T01:25:29Z,US,pos_terminal,0
TXN-2026-04115,38.85,pos,ONLINE_SERVICES,CUST-0657,2026-06-01T09:55:10Z,US,pos_terminal,0
TXN-2026-04116,270.57,ecom,PHARMACY,CUST-0626,2026-06-01T22:40:24Z,SA,web,0
TXN-2026-04117,7.61,pos,ENTERTAINMENT,CUST-0428,2026-07-11T20:10:01Z,SA,web,0
TXN-2026-04118,283.63,pos,EDUCATION,CUST-0113,2026-06-12T18:52:43Z,AE,pos_terminal,0
TXN-2026-04119,152.85,atm,FUEL,CUST-0138,2026-07-25T15:40:05Z,EG,mobile,0
TXN-2026-04120,20.82,transfer,FASHION,CUST-0612,2026-07-09T07:46:34Z,EG,web,0
TXN-2026-04121,212.06,atm,FASHION,CUST-0513,2026-07-09T21:39:53Z,SA,atm,0
TXN-2026-04122,299.62,transfer,TELECOM,CUST-0229,2026-07-16T10:09:08Z,GB,pos_terminal,0
TXN-2026-04123,73.01,pos,ELECTRONICS,CUST-0046,2026-07-07T14:15:49Z,SA,mobile,0
TXN-2026-04124,63.57,pos,RESTAURANT,CUST-0622,2026-07-05T19:45:06Z,SA,pos_terminal,0
TXN-2026-04125,197.14,ecom,FUEL,CUST-0330,2026-07-12T14:57:41Z,AE,mobile,1
TXN-2026-04126,43.7,pos,ENTERTAINMENT,CUST-0722,2026-06-17T21:18:22Z,AE,web,0
TXN-2026-04127,30.43,ecom,FASHION,CUST-0693,2026-06-27T10:17:36Z,SA,atm,0
TXN-2026-04128,129.58,pos,GROCERY,CUST-0179,2026-06-22T03:38:03Z,SA,atm,0
TXN-2026-04129,44.72,transfer,HOME_GOODS,CUST-0003,2026-06-25T21:57:01Z,US,mobile,0
TXN-2026-04130,62.92,ecom,ELECTRONICS,CUST-0434,2026-06-07T05:52:34Z,AE,web,0
TXN-2026-04131,161.68,ecom,PHARMACY,CUST-0369,2026-06-30T23:03:44Z,US,web,0
TXN-2026-04132,45.81,ecom,UTILITIES,CUST-0426,2026-07-07T21:42:57Z,AE,mobile,0
TXN-2026-04133,9.11,ecom,ELECTRONICS,CUST-0183,2026-07-13T04:01:59Z,AE,pos_terminal,0
TXN-2026-04134,122.07,atm,ONLINE_SERVICES,CUST-0726,2026-07-09T08:56:12Z,EG,atm,0
TXN-2026-04135,179.52,ecom,FASHION,CUST-0525,2026-07-17T17:47:30Z,GB,mobile,0
TXN-2026-04136,609.98,pos,EDUCATION,CUST-0529,2026-07-14T02:07:46Z,SA,web,0
TXN-2026-04137,43.39,pos,ELECTRONICS,CUST-0164,2026-06-06T20:57:28Z,SA,atm,0
TXN-2026-04138,75.69,pos,ENTERTAINMENT,CUST-0781,2026-06-27T07:15:47Z,GB,mobile,0
TXN-2026-04139,41.15,pos,GROCERY,CUST-0177,2026-07-23T22:15:55Z,EG,mobile,0
TXN-2026-04140,181.17,atm,EDUCATION,CUST-0528,2026-06-17T18:22:30Z,SA,mobile,0
TXN-2026-04141,172.07,transfer,ONLINE_SERVICES,CUST-0349,2026-06-19T05:08:17Z,SA,atm,0
TXN-2026-04142,36.6,ecom,EDUCATION,CUST-0128,2026-06-07T07:31:31Z,AE,web,0
TXN-2026-04143,311.76,atm,HEALTHCARE,CUST-0061,2026-06-22T22:51:40Z,SA,atm,0
TXN-2026-04144,21.59,transfer,JEWELRY,CUST-0252,2026-06-11T05:03:05Z,EG,web,0
TXN-2026-04145,121.86,ecom,FASHION,CUST-0429,2026-06-25T14:00:40Z,SA,atm,0
TXN-2026-04146,169.63,pos,ELECTRONICS,CUST-0527,2026-06-30T21:24:27Z,AE,pos_terminal,0
TXN-2026-04147,31.18,pos,EDUCATION,CUST-0589,2026-06-07T03:15:17Z,AE,atm,0
TXN-2026-04148,180.83,transfer,TELECOM,CUST-0706,2026-07-08T04:52:36Z,SA,pos_terminal,0
TXN-2026-04149,131.48,pos,TELECOM,CUST-0365,2026-07-09T14:09:22Z,AE,atm,0
TXN-2026-04150,87.2,atm,GROCERY,CUST-0675,2026-07-24T09:08:43Z,SA,atm,0
TXN-2026-04151,177.09,pos,FASHION,CUST-0601,2026-07-26T09:19:16Z,AE,atm,0
TXN-2026-04152,46.92,ecom,JEWELRY,CUST-0372,2026-06-21T05:20:08Z,US,pos_terminal,0
TXN-2026-04153,66.42,pos,GROCERY,CUST-0626,2026-06-10T02:15:38Z,SA,web,0
TXN-2026-04154,78.47,ecom,ENTERTAINMENT,CUST-0720,2026-07-10T06:31:31Z,GB,web,0
TXN-2026-04155,35.92,pos,TRAVEL,CUST-0371,2026-06-21T00:45:13Z,SA,pos_terminal,0
TXN-2026-04156,21.63,pos,TRAVEL,CUST-0191,2026-06-05T19:30:22Z,SA,atm,0
TXN-2026-04157,538.06,pos,ONLINE_SERVICES,CUST-0242,2026-07-13T20:35:57Z,GB,atm,0
TXN-2026-04158,147.89,pos,GROCERY,CUST-0382,2026-06-13T20:29:23Z,EG,web,0
TXN-2026-04159,1758.51,ecom,FASHION,CUST-0090,2026-06-24T03:46:03Z,EG,mobile,1
TXN-2026-04160,195.87,atm,ONLINE_SERVICES,CUST-0103,2026-06-08T15:52:56Z,SA,pos_terminal,0
TXN-2026-04161,119.57,pos,TELECOM,CUST-0195,2026-06-21T10:12:51Z,AE,web,0
TXN-2026-04162,22.8,ecom,HEALTHCARE,CUST-0578,2026-06-09T20:00:17Z,SA,web,0
TXN-2026-04163,92.93,transfer,HOME_GOODS,CUST-0642,2026-07-18T14:14:07Z,US,web,0
TXN-2026-04164,351.85,ecom,GROCERY,CUST-0301,2026-07-13T15:48:10Z,AE,pos_terminal,0
TXN-2026-04165,245.88,transfer,ELECTRONICS,CUST-0030,2026-07-10T17:37:27Z,SA,mobile,0
TXN-2026-04166,953.33,ecom,JEWELRY,CUST-0115,2026-07-01T05:17:18Z,EG,web,1
TXN-2026-04167,81.42,atm,PHARMACY,CUST-0644,2026-07-20T18:29:31Z,EG,mobile,0
TXN-2026-04168,38.16,atm,GROCERY,CUST-0367,2026-06-19T00:48:09Z,GB,atm,0
TXN-2026-04169,41.56,pos,TRAVEL,CUST-0228,2026-06-06T00:02:01Z,SA,atm,0
TXN-2026-04170,363.3,ecom,ENTERTAINMENT,CUST-0769,2026-07-20T15:41:15Z,AE,atm,1
TXN-2026-04171,703.21,ecom,EDUCATION,CUST-0710,2026-07-26T12:14:55Z,SA,web,0
TXN-2026-04172,50.13,atm,JEWELRY,CUST-0607,2026-07-25T15:08:21Z,SA,mobile,0
TXN-2026-04173,230.08,atm,EDUCATION,CUST-0762,2026-06-25T04:14:28Z,SA,pos_terminal,1
TXN-2026-04174,246.91,ecom,JEWELRY,CUST-0466,2026-06-23T05:55:09Z,SA,pos_terminal,0
TXN-2026-04175,146.38,ecom,FASHION,CUST-0774,2026-06-05T13:38:05Z,AE,pos_terminal,0
TXN-2026-04176,31.89,transfer,GROCERY,CUST-0610,2026-06-23T23:59:54Z,AE,web,0
TXN-2026-04177,22.29,pos,ENTERTAINMENT,CUST-0262,2026-07-15T15:24:04Z,GB,pos_terminal,0
TXN-2026-04178,24.62,pos,EDUCATION,CUST-0603,2026-06-11T04:18:46Z,SA,mobile,0
TXN-2026-04179,66.7,pos,ONLINE_SERVICES,CUST-0151,2026-06-18T07:30:05Z,US,mobile,0
TXN-2026-04180,336.01,pos,EDUCATION,CUST-0194,2026-07-29T07:04:06Z,US,mobile,0
TXN-2026-04181,811.62,ecom,TRAVEL,CUST-0580,2026-07-14T10:17:51Z,SA,pos_terminal,1
TXN-2026-04182,5.0,pos,HEALTHCARE,CUST-0356,2026-06-30T19:50:03Z,US,mobile,0
TXN-2026-04183,84.74,ecom,TELECOM,CUST-0736,2026-06-15T13:16:20Z,AE,atm,0
TXN-2026-04184,436.01,pos,ONLINE_SERVICES,CUST-0628,2026-06-17T04:22:46Z,AE,web,1
TXN-2026-04185,114.25,atm,RESTAURANT,CUST-0788,2026-07-01T10:25:32Z,AE,atm,0
TXN-2026-04186,82.95,pos,EDUCATION,CUST-0541,2026-06-28T15:59:11Z,EG,web,0
TXN-2026-04187,926.28,ecom,FUEL,CUST-0006,2026-07-20T19:16:23Z,SA,mobile,0
TXN-2026-04188,183.06,transfer,UTILITIES,CUST-0617,2026-06-19T13:30:04Z,SA,atm,0
TXN-2026-04189,588.66,atm,HEALTHCARE,CUST-0021,2026-07-10T20:24:12Z,EG,mobile,0
TXN-2026-04190,128.8,atm,PHARMACY,CUST-0573,2026-07-23T05:02:36Z,SA,atm,1
TXN-2026-04191,114.89,pos,FUEL,CUST-0296,2026-07-16T18:53:42Z,AE,mobile,0
TXN-2026-04192,78.14,pos,PHARMACY,CUST-0217,2026-07-07T23:14:09Z,AE,mobile,0
TXN-2026-04193,29.38,atm,EDUCATION,CUST-0195,2026-06-02T19:29:06Z,AE,atm,0
TXN-2026-04194,63.47,pos,ENTERTAINMENT,CUST-0606,2026-07-01T06:40:06Z,US,web,0
TXN-2026-04195,1403.89,transfer,ELECTRONICS,CUST-0424,2026-07-23T14:30:18Z,SA,mobile,0
TXN-2026-04196,31.41,pos,JEWELRY,CUST-0474,2026-07-14T22:50:25Z,US,mobile,1
TXN-2026-04197,135.94,atm,EDUCATION,CUST-0347,2026-06-04T00:06:00Z,SA,web,1
TXN-2026-04198,85.1,pos,FUEL,CUST-0120,2026-07-10T01:20:06Z,SA,mobile,0
TXN-2026-04199,55.45,transfer,HEALTHCARE,CUST-0560,2026-06-18T23:37:07Z,SA,atm,0
TXN-2026-04200,141.64,ecom,TELECOM,CUST-0447,2026-07-24T03:18:39Z,AE,mobile,0
TXN-2026-04201,113.49,pos,TRAVEL,CUST-0436,2026-06-24T03:36:24Z,AE,web,0
TXN-2026-04202,97.68,transfer,JEWELRY,CUST-0605,2026-06-29T04:06:04Z,GB,mobile,0
TXN-2026-04203,109.18,atm,ONLINE_SERVICES,CUST-0309,2026-06-11T22:17:59Z,SA,mobile,0
TXN-2026-04204,28.79,transfer,TRAVEL,CUST-0680,2026-06-22T22:29:22Z,EG,mobile,0
TXN-2026-04205,121.19,ecom,TRAVEL,CUST-0258,2026-06-24T05:14:07Z,GB,pos_terminal,1
TXN-2026-04206,68.5,ecom,ELECTRONICS,CUST-0454,2026-06-26T02:44:13Z,SA,mobile,0
TXN-2026-04207,340.35,atm,EDUCATION,CUST-0436,2026-07-04T05:11:32Z,GB,mobile,1
TXN-2026-04208,195.38,ecom,GROCERY,CUST-0200,2026-07-15T18:58:24Z,US,atm,0
TXN-2026-04209,105.9,pos,UTILITIES,CUST-0582,2026-07-12T09:54:39Z,SA,mobile,0
TXN-2026-04210,95.8,ecom,FUEL,CUST-0732,2026-07-24T10:40:32Z,AE,pos_terminal,0
TXN-2026-04211,291.09,pos,HOME_GOODS,CUST-0121,2026-06-23T06:16:10Z,GB,web,0
TXN-2026-04212,136.2,ecom,HOME_GOODS,CUST-0179,2026-07-30T05:51:29Z,US,atm,0
TXN-2026-04213,151.18,pos,ENTERTAINMENT,CUST-0647,2026-06-28T22:19:21Z,AE,mobile,0
TXN-2026-04214,39.94,pos,GROCERY,CUST-0748,2026-06-21T18:18:22Z,SA,web,0
TXN-2026-04215,254.42,atm,PHARMACY,CUST-0313,2026-06-25T13:32:51Z,SA,web,0
TXN-2026-04216,2251.07,ecom,HEALTHCARE,CUST-0537,2026-07-20T15:42:23Z,AE,web,0
TXN-2026-04217,57.3,ecom,GROCERY,CUST-0717,2026-07-11T14:40:25Z,SA,mobile,0
TXN-2026-04218,49.55,ecom,GROCERY,CUST-0689,2026-06-06T03:59:05Z,EG,mobile,0
TXN-2026-04219,44.79,pos,FASHION,CUST-0363,2026-07-17T12:21:02Z,SA,atm,0
TXN-2026-04220,49.11,pos,UTILITIES,CUST-0615,2026-06-29T23:38:48Z,SA,mobile,0
TXN-2026-04221,383.75,ecom,ELECTRONICS,CUST-0619,2026-06-01T01:08:29Z,GB,web,1
TXN-2026-04222,112.9,ecom,PHARMACY,CUST-0015,2026-06-29T20:26:40Z,SA,mobile,0
TXN-2026-04223,51.31,transfer,HOME_GOODS,CUST-0203,2026-07-18T07:44:41Z,SA,mobile,0
TXN-2026-04224,17.22,ecom,ENTERTAINMENT,CUST-0082,2026-07-03T15:05:17Z,SA,pos_terminal,0
TXN-2026-04225,17.81,pos,RESTAURANT,CUST-0299,2026-07-22T08:46:24Z,SA,pos_terminal,0
TXN-2026-04226,698.21,ecom,HOME_GOODS,CUST-0519,2026-07-18T02:26:31Z,AE,web,0
TXN-2026-04227,177.24,atm,PHARMACY,CUST-0319,2026-06-17T07:35:50Z,AE,atm,0
TXN-2026-04228,125.5,atm,ONLINE_SERVICES,CUST-0137,2026-07-12T09:21:52Z,GB,web,0
TXN-2026-04229,109.52,pos,HEALTHCARE,CUST-0709,2026-06-08T00:00:07Z,AE,atm,1
TXN-2026-04230,127.54,atm,ENTERTAINMENT,CUST-0780,2026-06-18T11:13:36Z,SA,pos_terminal,0
TXN-2026-04231,241.36,transfer,FUEL,CUST-0132,2026-06-14T07:36:21Z,SA,mobile,0
TXN-2026-04232,451.58,ecom,TRAVEL,CUST-0688,2026-06-13T19:21:55Z,SA,pos_terminal,0
TXN-2026-04233,53.98,ecom,RESTAURANT,CUST-0500,2026-07-17T15:51:02Z,SA,web,0
TXN-2026-04234,131.84,atm,ELECTRONICS,CUST-0756,2026-06-16T21:13:23Z,SA,atm,0
TXN-2026-04235,35.93,pos,ELECTRONICS,CUST-0181,2026-06-20T07:35:31Z,GB,mobile,0
TXN-2026-04236,185.68,pos,UTILITIES,CUST-0071,2026-07-28T22:42:32Z,SA,mobile,0
TXN-2026-04237,101.53,atm,TRAVEL,CUST-0790,2026-07-29T15:13:39Z,US,pos_terminal,0
TXN-2026-04238,41.94,pos,ELECTRONICS,CUST-0798,2026-06-01T20:38:39Z,SA,atm,0
TXN-2026-04239,149.65,pos,UTILITIES,CUST-0572,2026-06-07T10:14:25Z,GB,web,0
TXN-2026-04240,41.64,pos,HEALTHCARE,CUST-0605,2026-06-07T21:59:41Z,SA,pos_terminal,0
TXN-2026-04241,48.77,atm,FASHION,CUST-0579,2026-07-07T07:13:06Z,SA,mobile,0
TXN-2026-04242,12.49,ecom,JEWELRY,CUST-0775,2026-06-09T03:33:02Z,US,mobile,0
TXN-2026-04243,201.32,pos,PHARMACY,CUST-0174,2026-07-26T05:09:38Z,SA,atm,0
TXN-2026-04244,132.03,pos,HEALTHCARE,CUST-0409,2026-07-10T16:28:05Z,AE,pos_terminal,0
TXN-2026-04245,261.07,pos,ENTERTAINMENT,CUST-0204,2026-07-23T21:48:57Z,GB,atm,0
TXN-2026-04246,37.64,pos,TELECOM,CUST-0298,2026-07-24T23:52:50Z,EG,mobile,0
TXN-2026-04247,6.39,pos,PHARMACY,CUST-0776,2026-07-27T07:45:27Z,SA,mobile,0
TXN-2026-04248,74.98,pos,HEALTHCARE,CUST-0753,2026-07-26T01:29:03Z,SA,pos_terminal,0
TXN-2026-04249,114.11,pos,FUEL,CUST-0437,2026-06-02T16:59:23Z,SA,atm,0
TXN-2026-04250,56.8,pos,ONLINE_SERVICES,CUST-0049,2026-07-25T23:13:08Z,US,pos_terminal,0
TXN-2026-04251,19.66,pos,UTILITIES,CUST-0266,2026-07-24T08:12:36Z,US,pos_terminal,0
TXN-2026-04252,105.39,pos,EDUCATION,CUST-0216,2026-07-28T16:31:06Z,US,web,0
TXN-2026-04253,246.73,ecom,UTILITIES,CUST-0728,2026-07-07T03:32:37Z,SA,mobile,0
TXN-2026-04254,44.94,ecom,ONLINE_SERVICES,CUST-0548,2026-06-01T03:54:33Z,SA,atm,0
TXN-2026-04255,117.66,ecom,JEWELRY,CUST-0106,2026-07-24T10:47:08Z,SA,atm,0
TXN-2026-04256,34.65,atm,PHARMACY,CUST-0612,2026-06-15T05:32:06Z,US,atm,0
TXN-2026-04257,9.6,pos,RESTAURANT,CUST-0501,2026-07-22T14:57:18Z,SA,mobile,0
TXN-2026-04258,615.09,ecom,EDUCATION,CUST-0141,2026-06-28T05:50:51Z,EG,pos_terminal,0
TXN-2026-04259,76.74,pos,HOME_GOODS,CUST-0379,2026-06-28T13:40:49Z,EG,mobile,0
TXN-2026-04260,57.23,pos,TRAVEL,CUST-0611,2026-06-17T17:44:12Z,US,web,0
TXN-2026-04261,28.74,pos,RESTAURANT,CUST-0200,2026-07-16T15:19:37Z,US,atm,0
TXN-2026-04262,121.66,ecom,FASHION,CUST-0309,2026-07-16T08:34:09Z,SA,atm,0
TXN-2026-04263,92.19,atm,TELECOM,CUST-0109,2026-07-05T15:30:17Z,SA,pos_terminal,1
TXN-2026-04264,7.13,pos,ELECTRONICS,CUST-0788,2026-06-25T11:03:34Z,US,pos_terminal,0
TXN-2026-04265,144.79,ecom,JEWELRY,CUST-0707,2026-07-01T15:05:14Z,AE,mobile,0
TXN-2026-04266,82.74,pos,EDUCATION,CUST-0763,2026-07-28T20:15:16Z,SA,mobile,0
TXN-2026-04267,78.42,ecom,HEALTHCARE,CUST-0139,2026-06-24T13:48:10Z,SA,atm,0
TXN-2026-04268,193.35,pos,RESTAURANT,CUST-0647,2026-06-25T14:54:43Z,GB,atm,0
TXN-2026-04269,170.53,atm,UTILITIES,CUST-0754,2026-07-01T03:47:49Z,SA,web,0
TXN-2026-04270,20.7,transfer,RESTAURANT,CUST-0057,2026-06-12T15:47:43Z,SA,atm,0
TXN-2026-04271,15.93,pos,UTILITIES,CUST-0055,2026-06-19T13:44:23Z,SA,pos_terminal,0
TXN-2026-04272,245.8,ecom,TELECOM,CUST-0521,2026-07-06T16:19:22Z,GB,pos_terminal,0
TXN-2026-04273,18.6,atm,ELECTRONICS,CUST-0300,2026-07-24T09:26:04Z,SA,atm,0
TXN-2026-04274,1195.4,atm,UTILITIES,CUST-0182,2026-06-07T00:34:55Z,SA,web,0
TXN-2026-04275,187.41,ecom,FUEL,CUST-0402,2026-07-09T18:33:19Z,SA,mobile,1
TXN-2026-04276,30.27,transfer,EDUCATION,CUST-0192,2026-06-04T10:58:08Z,AE,mobile,0
TXN-2026-04277,33.48,transfer,PHARMACY,CUST-0454,2026-07-24T18:18:38Z,EG,atm,0
TXN-2026-04278,337.03,ecom,UTILITIES,CUST-0255,2026-07-15T02:01:34Z,AE,web,1
TXN-2026-04279,485.74,pos,JEWELRY,CUST-0792,2026-06-26T02:09:44Z,GB,atm,0
TXN-2026-04280,42.28,pos,UTILITIES,CUST-0156,2026-07-19T02:17:46Z,SA,mobile,0
TXN-2026-04281,751.1,ecom,UTILITIES,CUST-0525,2026-07-24T20:36:55Z,EG,web,0
TXN-2026-04282,12.6,pos,TELECOM,CUST-0068,2026-06-22T18:59:02Z,AE,mobile,0
TXN-2026-04283,16.73,transfer,ENTERTAINMENT,CUST-0107,2026-06-17T05:56:15Z,GB,web,0
TXN-2026-04284,269.1,pos,UTILITIES,CUST-0210,2026-07-22T16:36:57Z,GB,atm,0
TXN-2026-04285,458.96,ecom,TELECOM,CUST-0481,2026-06-19T23:09:41Z,SA,mobile,1
TXN-2026-04286,747.31,ecom,ENTERTAINMENT,CUST-0107,2026-06-09T02:45:21Z,SA,atm,0
TXN-2026-04287,78.03,ecom,FUEL,CUST-0503,2026-06-18T21:03:42Z,AE,atm,0
TXN-2026-04288,154.48,transfer,HEALTHCARE,CUST-0638,2026-06-06T19:25:25Z,SA,atm,0
TXN-2026-04289,89.12,pos,HEALTHCARE,CUST-0435,2026-07-20T16:27:10Z,SA,atm,0
TXN-2026-04290,136.36,atm,ENTERTAINMENT,CUST-0714,2026-07-07T18:36:12Z,SA,atm,1
TXN-2026-04291,141.89,transfer,UTILITIES,CUST-0771,2026-06-28T05:47:17Z,AE,pos_terminal,0
TXN-2026-04292,87.4,transfer,FASHION,CUST-0518,2026-07-19T01:26:50Z,AE,atm,0
TXN-2026-04293,436.72,ecom,UTILITIES,CUST-0756,2026-07-05T20:46:52Z,AE,atm,0
TXN-2026-04294,68.88,ecom,HEALTHCARE,CUST-0617,2026-07-08T04:10:24Z,US,atm,0
TXN-2026-04295,239.32,transfer,HEALTHCARE,CUST-0382,2026-07-21T09:20:30Z,US,pos_terminal,0
TXN-2026-04296,245.0,pos,HEALTHCARE,CUST-0594,2026-06-02T16:07:14Z,SA,web,0
TXN-2026-04297,59.55,pos,TRAVEL,CUST-0265,2026-06-16T22:51:23Z,SA,pos_terminal,0
TXN-2026-04298,121.27,pos,HEALTHCARE,CUST-0323,2026-06-07T09:49:36Z,SA,atm,0
TXN-2026-04299,20.75,pos,GROCERY,CUST-0504,2026-07-22T21:32:03Z,GB,mobile,0
TXN-2026-04300,450.87,pos,JEWELRY,CUST-0148,2026-07-14T13:17:07Z,GB,web,0
TXN-2026-04301,732.23,pos,HOME_GOODS,CUST-0618,2026-06-15T19:49:12Z,SA,web,0
TXN-2026-04302,83.83,pos,FUEL,CUST-0540,2026-07-17T12:33:37Z,SA,pos_terminal,0
TXN-2026-04303,24.27,pos,JEWELRY,CUST-0738,2026-06-16T10:02:31Z,SA,atm,0
TXN-2026-04304,54.69,pos,UTILITIES,CUST-0503,2026-07-09T16:01:24Z,AE,atm,0
TXN-2026-04305,388.83,pos,TELECOM,CUST-0297,2026-06-23T01:34:25Z,GB,web,0
TXN-2026-04306,56.38,pos,UTILITIES,CUST-0158,2026-07-28T01:28:25Z,GB,atm,0
TXN-2026-04307,281.19,transfer,UTILITIES,CUST-0424,2026-07-01T02:34:04Z,SA,pos_terminal,0
TXN-2026-04308,74.61,pos,FUEL,CUST-0449,2026-07-28T18:14:13Z,SA,pos_terminal,0
TXN-2026-04309,34.16,pos,FASHION,CUST-0435,2026-07-16T07:15:09Z,AE,atm,0
TXN-2026-04310,100.82,pos,JEWELRY,CUST-0399,2026-06-08T19:34:52Z,US,atm,0
TXN-2026-04311,48.93,pos,PHARMACY,CUST-0410,2026-07-09T17:22:30Z,SA,atm,0
TXN-2026-04312,63.6,pos,GROCERY,CUST-0536,2026-07-14T22:19:53Z,SA,pos_terminal,0
TXN-2026-04313,580.66,ecom,ONLINE_SERVICES,CUST-0593,2026-07-28T21:59:44Z,SA,pos_terminal,0
TXN-2026-04314,11.71,ecom,TELECOM,CUST-0321,2026-07-10T00:19:32Z,GB,web,0
TXN-2026-04315,801.65,atm,EDUCATION,CUST-0232,2026-06-26T03:45:03Z,GB,atm,0
TXN-2026-04316,134.77,ecom,ENTERTAINMENT,CUST-0588,2026-06-10T22:27:19Z,US,mobile,0
TXN-2026-04317,13.34,pos,ENTERTAINMENT,CUST-0035,2026-06-24T23:03:54Z,GB,atm,0
TXN-2026-04318,487.18,ecom,TELECOM,CUST-0627,2026-06-16T17:44:02Z,EG,mobile,0
TXN-2026-04319,41.31,ecom,GROCERY,CUST-0665,2026-07-28T02:09:48Z,SA,atm,0
TXN-2026-04320,184.75,pos,FUEL,CUST-0007,2026-07-10T21:05:22Z,EG,pos_terminal,0
TXN-2026-04321,186.81,pos,TRAVEL,CUST-0678,2026-06-23T13:21:11Z,SA,web,0
TXN-2026-04322,559.16,ecom,JEWELRY,CUST-0311,2026-07-20T02:12:39Z,EG,mobile,0
TXN-2026-04323,85.0,transfer,RESTAURANT,CUST-0214,2026-07-08T10:37:58Z,SA,atm,0
TXN-2026-04324,122.31,ecom,EDUCATION,CUST-0756,2026-06-05T00:53:27Z,SA,atm,1
TXN-2026-04325,39.06,ecom,ENTERTAINMENT,CUST-0144,2026-07-03T20:07:04Z,GB,web,0
TXN-2026-04326,230.79,pos,EDUCATION,CUST-0704,2026-06-10T02:17:20Z,SA,atm,0
TXN-2026-04327,100.01,ecom,ONLINE_SERVICES,CUST-0776,2026-06-16T00:49:41Z,SA,pos_terminal,1
TXN-2026-04328,18.45,pos,PHARMACY,CUST-0148,2026-06-04T17:59:12Z,SA,mobile,0
TXN-2026-04329,63.48,ecom,HEALTHCARE,CUST-0748,2026-07-06T02:35:17Z,AE,mobile,0
TXN-2026-04330,120.96,ecom,HOME_GOODS,CUST-0248,2026-06-12T15:41:54Z,SA,pos_terminal,0
TXN-2026-04331,530.75,pos,FUEL,CUST-0038,2026-07-24T11:25:00Z,AE,pos_terminal,0
TXN-2026-04332,18.27,pos,HOME_GOODS,CUST-0111,2026-06-24T12:27:53Z,SA,pos_terminal,0
TXN-2026-04333,95.27,atm,UTILITIES,CUST-0524,2026-06-22T15:34:57Z,SA,atm,0
TXN-2026-04334,215.94,ecom,TELECOM,CUST-0255,2026-06-15T14:09:56Z,SA,web,0
TXN-2026-04335,554.85,atm,HEALTHCARE,CUST-0786,2026-07-25T00:37:07Z,SA,web,0
TXN-2026-04336,24.07,ecom,TELECOM,CUST-0279,2026-06-15T05:05:06Z,SA,mobile,0
TXN-2026-04337,15.17,pos,ENTERTAINMENT,CUST-0137,2026-07-06T03:50:14Z,SA,mobile,0
TXN-2026-04338,54.99,pos,FASHION,CUST-0551,2026-07-02T17:58:49Z,SA,web,0
TXN-2026-04339,531.4,ecom,FASHION,CUST-0186,2026-06-27T10:25:57Z,US,atm,0
TXN-2026-04340,39.31,ecom,PHARMACY,CUST-0035,2026-07-06T18:42:22Z,SA,mobile,0
TXN-2026-04341,46.97,transfer,HOME_GOODS,CUST-0055,2026-07-05T22:47:51Z,EG,atm,0
TXN-2026-04342,11.07,ecom,ENTERTAINMENT,CUST-0574,2026-07-16T08:39:59Z,SA,pos_terminal,0
TXN-2026-04343,35.6,pos,EDUCATION,CUST-0118,2026-07-27T19:42:38Z,EG,pos_terminal,0
TXN-2026-04344,61.14,pos,HOME_GOODS,CUST-0096,2026-06-26T12:27:34Z,EG,pos_terminal,0
TXN-2026-04345,101.57,atm,UTILITIES,CUST-0796,2026-07-22T15:27:27Z,EG,pos_terminal,0
TXN-2026-04346,153.24,pos,RESTAURANT,CUST-0047,2026-07-22T17:06:53Z,US,web,0
TXN-2026-04347,161.13,ecom,ELECTRONICS,CUST-0318,2026-06-20T12:56:10Z,SA,atm,0
TXN-2026-04348,498.09,ecom,GROCERY,CUST-0344,2026-06-13T02:42:23Z,SA,web,1
TXN-2026-04349,363.32,atm,ENTERTAINMENT,CUST-0117,2026-07-03T09:30:12Z,AE,pos_terminal,0
TXN-2026-04350,69.85,atm,ENTERTAINMENT,CUST-0592,2026-07-20T19:56:51Z,SA,atm,0
TXN-2026-04351,40.33,ecom,TELECOM,CUST-0418,2026-06-22T21:33:59Z,AE,web,0
TXN-2026-04352,473.45,ecom,PHARMACY,CUST-0650,2026-06-20T00:33:28Z,AE,atm,1
TXN-2026-04353,40.65,pos,UTILITIES,CUST-0489,2026-06-23T13:21:28Z,GB,mobile,0
TXN-2026-04354,92.97,atm,HEALTHCARE,CUST-0519,2026-06-08T02:32:02Z,EG,pos_terminal,0
TXN-2026-04355,55.5,pos,ELECTRONICS,CUST-0679,2026-06-28T07:19:35Z,AE,mobile,0
TXN-2026-04356,208.23,atm,ELECTRONICS,CUST-0437,2026-07-24T20:42:24Z,AE,mobile,0
TXN-2026-04357,392.59,ecom,PHARMACY,CUST-0505,2026-06-07T08:27:43Z,SA,atm,0
TXN-2026-04358,187.06,transfer,PHARMACY,CUST-0306,2026-07-01T13:57:33Z,AE,mobile,0
TXN-2026-04359,45.95,ecom,ELECTRONICS,CUST-0645,2026-07-12T03:42:19Z,EG,mobile,0
TXN-2026-04360,509.77,pos,ONLINE_SERVICES,CUST-0368,2026-06-21T17:49:12Z,GB,web,0
TXN-2026-04361,2334.49,ecom,FUEL,CUST-0180,2026-07-04T01:34:16Z,SA,mobile,1
TXN-2026-04362,777.06,pos,TRAVEL,CUST-0554,2026-06-13T20:56:01Z,SA,atm,0
TXN-2026-04363,15.37,pos,PHARMACY,CUST-0395,2026-06-08T21:39:39Z,SA,mobile,0
TXN-2026-04364,12.75,pos,GROCERY,CUST-0491,2026-07-23T12:15:45Z,SA,atm,0
TXN-2026-04365,22.15,ecom,PHARMACY,CUST-0437,2026-07-27T01:21:37Z,SA,pos_terminal,0
TXN-2026-04366,22.98,pos,HOME_GOODS,CUST-0366,2026-07-23T21:58:23Z,AE,web,0
TXN-2026-04367,68.44,transfer,ONLINE_SERVICES,CUST-0215,2026-06-20T11:06:12Z,EG,atm,0
TXN-2026-04368,629.68,pos,FUEL,CUST-0431,2026-07-10T17:39:45Z,GB,web,0
TXN-2026-04369,58.26,pos,HEALTHCARE,CUST-0092,2026-06-05T19:39:54Z,SA,web,0
TXN-2026-04370,26.73,pos,GROCERY,CUST-0430,2026-06-19T05:27:02Z,SA,atm,0
TXN-2026-04371,36.29,pos,JEWELRY,CUST-0188,2026-06-30T19:58:39Z,SA,pos_terminal,0
TXN-2026-04372,84.87,pos,TELECOM,CUST-0308,2026-06-21T02:41:30Z,AE,atm,0
TXN-2026-04373,48.55,pos,PHARMACY,CUST-0470,2026-07-25T16:43:56Z,EG,atm,0
TXN-2026-04374,39.05,pos,FUEL,CUST-0193,2026-06-04T06:05:47Z,SA,mobile,0
TXN-2026-04375,839.77,atm,HEALTHCARE,CUST-0660,2026-07-21T06:41:49Z,AE,web,1
TXN-2026-04376,373.16,ecom,RESTAURANT,CUST-0295,2026-07-14T10:48:50Z,GB,pos_terminal,0
TXN-2026-04377,32.19,pos,JEWELRY,CUST-0634,2026-07-26T09:13:02Z,SA,pos_terminal,0
TXN-2026-04378,42.61,pos,ELECTRONICS,CUST-0774,2026-07-14T09:50:24Z,US,mobile,0
TXN-2026-04379,46.07,ecom,EDUCATION,CUST-0588,2026-07-20T10:26:57Z,SA,mobile,0
TXN-2026-04380,123.36,transfer,GROCERY,CUST-0681,2026-06-22T11:06:11Z,SA,atm,0
TXN-2026-04381,296.24,pos,FASHION,CUST-0569,2026-06-15T20:08:26Z,SA,mobile,0
TXN-2026-04382,9.04,pos,ENTERTAINMENT,CUST-0328,2026-06-18T10:07:53Z,US,atm,0
TXN-2026-04383,378.16,atm,ELECTRONICS,CUST-0034,2026-07-19T19:06:13Z,SA,atm,0
TXN-2026-04384,139.98,pos,TRAVEL,CUST-0191,2026-06-22T11:50:17Z,US,mobile,0
TXN-2026-04385,107.05,ecom,ELECTRONICS,CUST-0577,2026-06-30T07:11:12Z,SA,pos_terminal,0
TXN-2026-04386,159.11,pos,JEWELRY,CUST-0347,2026-07-20T05:40:24Z,SA,web,0
TXN-2026-04387,388.72,ecom,GROCERY,CUST-0693,2026-07-05T13:32:38Z,SA,pos_terminal,1
TXN-2026-04388,207.16,ecom,ENTERTAINMENT,CUST-0713,2026-06-14T21:33:06Z,SA,pos_terminal,0
TXN-2026-04389,16.92,pos,TRAVEL,CUST-0280,2026-07-09T22:42:00Z,SA,web,0
TXN-2026-04390,195.55,pos,ENTERTAINMENT,CUST-0371,2026-07-19T12:57:13Z,GB,web,0
TXN-2026-04391,331.24,pos,EDUCATION,CUST-0036,2026-06-27T13:32:27Z,EG,pos_terminal,0
TXN-2026-04392,129.97,pos,TELECOM,CUST-0092,2026-07-25T02:19:44Z,AE,atm,0
TXN-2026-04393,247.11,ecom,FASHION,CUST-0373,2026-06-22T11:28:31Z,SA,mobile,0
TXN-2026-04394,191.35,pos,UTILITIES,CUST-0697,2026-07-07T13:02:35Z,EG,atm,0
TXN-2026-04395,187.5,pos,FASHION,CUST-0534,2026-06-17T18:17:49Z,EG,web,0
TXN-2026-04396,514.59,pos,HOME_GOODS,CUST-0173,2026-06-03T13:08:41Z,SA,mobile,0
TXN-2026-04397,1835.9,atm,HEALTHCARE,CUST-0589,2026-07-08T03:20:07Z,AE,mobile,1
TXN-2026-04398,63.24,atm,JEWELRY,CUST-0367,2026-07-16T07:43:17Z,GB,pos_terminal,0
TXN-2026-04399,55.27,atm,FASHION,CUST-0225,2026-07-22T13:19:28Z,SA,pos_terminal,0
TXN-2026-04400,127.83,pos,ONLINE_SERVICES,CUST-0706,2026-06-22T06:38:59Z,US,mobile,0
TXN-2026-04401,196.9,ecom,HEALTHCARE,CUST-0086,2026-07-14T07:59:36Z,US,pos_terminal,0
TXN-2026-04402,656.32,ecom,HOME_GOODS,CUST-0191,2026-07-25T05:01:36Z,SA,mobile,0
TXN-2026-04403,42.96,pos,TELECOM,CUST-0394,2026-07-20T17:02:38Z,GB,mobile,0
TXN-2026-04404,175.31,atm,ENTERTAINMENT,CUST-0623,2026-06-28T21:15:22Z,SA,pos_terminal,0
TXN-2026-04405,51.68,pos,ENTERTAINMENT,CUST-0219,2026-07-02T19:30:00Z,US,mobile,0
TXN-2026-04406,69.29,pos,EDUCATION,CUST-0663,2026-06-30T05:49:23Z,SA,atm,0
TXN-2026-04407,210.37,pos,RESTAURANT,CUST-0332,2026-06-25T18:58:51Z,US,pos_terminal,0
TXN-2026-04408,19.75,transfer,ELECTRONICS,CUST-0258,2026-06-15T19:18:34Z,AE,web,0
TXN-2026-04409,159.61,pos,RESTAURANT,CUST-0377,2026-06-20T22:36:07Z,SA,mobile,0
TXN-2026-04410,1527.04,ecom,RESTAURANT,CUST-0391,2026-06-28T15:05:13Z,US,pos_terminal,0
TXN-2026-04411,98.99,ecom,FASHION,CUST-0086,2026-07-19T20:08:13Z,SA,pos_terminal,0
TXN-2026-04412,1656.67,ecom,PHARMACY,CUST-0317,2026-07-09T14:48:39Z,SA,pos_terminal,0
TXN-2026-04413,11.64,pos,RESTAURANT,CUST-0468,2026-07-02T00:43:24Z,AE,mobile,0
TXN-2026-04414,119.87,pos,RESTAURANT,CUST-0296,2026-06-18T01:09:19Z,AE,atm,0
TXN-2026-04415,23.61,pos,FUEL,CUST-0343,2026-06-02T06:41:17Z,SA,pos_terminal,0
TXN-2026-04416,83.8,ecom,TRAVEL,CUST-0017,2026-06-26T06:52:59Z,US,pos_terminal,0
TXN-2026-04417,231.07,transfer,FUEL,CUST-0192,2026-06-21T09:12:24Z,GB,atm,0
TXN-2026-04418,140.09,ecom,FUEL,CUST-0787,2026-07-01T20:54:59Z,SA,atm,0
TXN-2026-04419,52.98,ecom,RESTAURANT,CUST-0092,2026-07-20T17:47:51Z,SA,mobile,0
TXN-2026-04420,135.38,pos,FUEL,CUST-0002,2026-07-09T18:24:04Z,AE,pos_terminal,0
TXN-2026-04421,125.6,ecom,PHARMACY,CUST-0316,2026-06-27T23:02:50Z,SA,pos_terminal,0
TXN-2026-04422,25.51,transfer,TRAVEL,CUST-0335,2026-07-03T05:53:10Z,GB,pos_terminal,0
TXN-2026-04423,57.82,pos,TELECOM,CUST-0772,2026-07-30T11:39:10Z,SA,web,0
TXN-2026-04424,710.68,ecom,GROCERY,CUST-0463,2026-07-21T01:27:36Z,SA,web,0
TXN-2026-04425,1730.64,ecom,ENTERTAINMENT,CUST-0293,2026-07-19T23:04:05Z,SA,mobile,0
TXN-2026-04426,1403.41,pos,HOME_GOODS,CUST-0218,2026-07-26T16:40:52Z,EG,pos_terminal,0
TXN-2026-04427,65.58,ecom,TRAVEL,CUST-0143,2026-07-21T06:15:23Z,SA,web,0
TXN-2026-04428,378.44,ecom,PHARMACY,CUST-0554,2026-07-21T07:34:52Z,GB,web,0
TXN-2026-04429,25.39,transfer,HOME_GOODS,CUST-0449,2026-07-11T17:45:18Z,SA,web,0
TXN-2026-04430,449.89,atm,EDUCATION,CUST-0393,2026-06-07T09:16:43Z,AE,atm,1
TXN-2026-04431,58.1,pos,GROCERY,CUST-0413,2026-07-14T21:54:35Z,AE,mobile,0
TXN-2026-04432,16.36,pos,GROCERY,CUST-0720,2026-06-06T02:13:00Z,SA,pos_terminal,0
TXN-2026-04433,230.14,atm,ONLINE_SERVICES,CUST-0297,2026-06-05T22:40:28Z,US,web,0
TXN-2026-04434,45.79,ecom,GROCERY,CUST-0022,2026-06-16T05:28:06Z,SA,mobile,0
TXN-2026-04435,21.03,pos,TELECOM,CUST-0666,2026-06-14T21:26:51Z,SA,pos_terminal,0
TXN-2026-04436,14.09,ecom,EDUCATION,CUST-0533,2026-07-28T20:41:27Z,SA,web,0
TXN-2026-04437,103.19,pos,HEALTHCARE,CUST-0754,2026-06-16T15:26:59Z,SA,web,0
TXN-2026-04438,25.58,pos,FASHION,CUST-0747,2026-06-24T17:13:33Z,EG,mobile,0
TXN-2026-04439,33.56,transfer,ELECTRONICS,CUST-0076,2026-06-18T22:27:26Z,AE,atm,0
TXN-2026-04440,218.81,pos,TELECOM,CUST-0195,2026-06-07T01:56:11Z,SA,pos_terminal,0
TXN-2026-04441,44.78,ecom,HOME_GOODS,CUST-0350,2026-06-06T03:52:03Z,SA,pos_terminal,0
TXN-2026-04442,8.02,pos,HEALTHCARE,CUST-0135,2026-07-11T18:25:32Z,SA,mobile,0
TXN-2026-04443,63.35,atm,HEALTHCARE,CUST-0117,2026-07-22T02:25:31Z,US,atm,1
TXN-2026-04444,98.67,pos,JEWELRY,CUST-0464,2026-07-28T20:35:35Z,AE,atm,0
TXN-2026-04445,600.14,ecom,HOME_GOODS,CUST-0092,2026-07-05T07:19:31Z,GB,mobile,0
TXN-2026-04446,424.19,pos,HOME_GOODS,CUST-0091,2026-07-01T07:00:40Z,SA,web,0
TXN-2026-04447,68.06,ecom,HEALTHCARE,CUST-0117,2026-06-20T20:56:54Z,SA,pos_terminal,0
TXN-2026-04448,32.07,pos,FASHION,CUST-0022,2026-07-05T20:37:18Z,SA,pos_terminal,0
TXN-2026-04449,534.73,pos,GROCERY,CUST-0769,2026-06-27T16:46:46Z,SA,web,0
TXN-2026-04450,94.2,pos,ELECTRONICS,CUST-0008,2026-06-06T06:40:02Z,SA,mobile,0
TXN-2026-04451,277.2,pos,HEALTHCARE,CUST-0489,2026-07-17T12:35:46Z,AE,atm,0
TXN-2026-04452,21.85,ecom,TELECOM,CUST-0707,2026-06-02T19:33:31Z,SA,pos_terminal,0
TXN-2026-04453,104.94,pos,FUEL,CUST-0525,2026-06-15T08:16:57Z,AE,mobile,0
TXN-2026-04454,16.83,pos,TELECOM,CUST-0451,2026-06-11T02:50:14Z,US,web,1
TXN-2026-04455,556.83,pos,GROCERY,CUST-0597,2026-06-08T15:47:44Z,SA,web,0
TXN-2026-04456,32.47,pos,ENTERTAINMENT,CUST-0640,2026-07-29T12:15:52Z,GB,web,0
TXN-2026-04457,675.29,ecom,HOME_GOODS,CUST-0569,2026-06-20T15:02:49Z,EG,atm,1
TXN-2026-04458,107.49,atm,PHARMACY,CUST-0163,2026-07-25T22:17:06Z,US,pos_terminal,0
TXN-2026-04459,389.39,atm,ELECTRONICS,CUST-0470,2026-07-11T16:49:36Z,SA,pos_terminal,0
TXN-2026-04460,113.51,ecom,EDUCATION,CUST-0503,2026-07-26T10:08:22Z,GB,atm,0
TXN-2026-04461,76.23,pos,HOME_GOODS,CUST-0244,2026-06-04T16:26:04Z,US,web,0
TXN-2026-04462,14.72,pos,TRAVEL,CUST-0259,2026-07-13T15:34:23Z,SA,web,0
TXN-2026-04463,780.6,ecom,RESTAURANT,CUST-0067,2026-07-23T06:00:36Z,SA,pos_terminal,1
TXN-2026-04464,436.96,ecom,HOME_GOODS,CUST-0254,2026-06-20T23:58:57Z,SA,mobile,0
TXN-2026-04465,467.08,ecom,TRAVEL,CUST-0341,2026-07-02T01:43:47Z,SA,pos_terminal,0
TXN-2026-04466,410.84,ecom,ENTERTAINMENT,CUST-0147,2026-06-18T12:12:25Z,SA,mobile,0
TXN-2026-04467,75.2,ecom,JEWELRY,CUST-0274,2026-07-08T13:05:26Z,SA,atm,0
TXN-2026-04468,66.82,transfer,TELECOM,CUST-0688,2026-06-27T22:59:43Z,AE,web,0
TXN-2026-04469,2634.41,ecom,UTILITIES,CUST-0279,2026-07-05T23:05:42Z,AE,mobile,0
TXN-2026-04470,696.69,pos,TRAVEL,CUST-0265,2026-07-01T01:23:02Z,GB,pos_terminal,0
TXN-2026-04471,84.92,pos,HOME_GOODS,CUST-0272,2026-07-22T23:55:46Z,US,atm,0
TXN-2026-04472,852.54,ecom,HOME_GOODS,CUST-0606,2026-06-13T16:29:03Z,GB,pos_terminal,0
TXN-2026-04473,205.8,pos,FASHION,CUST-0023,2026-07-19T02:59:57Z,AE,mobile,0
TXN-2026-04474,47.78,pos,JEWELRY,CUST-0182,2026-07-21T11:53:28Z,SA,web,0
TXN-2026-04475,87.83,pos,UTILITIES,CUST-0239,2026-06-21T09:19:25Z,AE,web,0
TXN-2026-04476,471.5,atm,HEALTHCARE,CUST-0183,2026-07-09T12:35:26Z,SA,atm,0
TXN-2026-04477,172.24,ecom,GROCERY,CUST-0484,2026-07-26T23:36:39Z,AE,atm,0
TXN-2026-04478,173.98,ecom,ONLINE_SERVICES,CUST-0070,2026-07-19T01:13:45Z,EG,atm,0
TXN-2026-04479,90.85,pos,GROCERY,CUST-0408,2026-06-02T11:29:48Z,EG,pos_terminal,0
TXN-2026-04480,77.48,atm,FASHION,CUST-0057,2026-07-25T12:43:15Z,SA,pos_terminal,0
TXN-2026-04481,188.82,pos,TELECOM,CUST-0445,2026-06-11T03:28:20Z,SA,web,0
TXN-2026-04482,185.09,pos,ENTERTAINMENT,CUST-0023,2026-07-15T23:01:42Z,GB,web,0
TXN-2026-04483,5.56,pos,ONLINE_SERVICES,CUST-0750,2026-06-15T20:29:57Z,GB,pos_terminal,0
TXN-2026-04484,568.41,ecom,FASHION,CUST-0488,2026-07-05T10:13:53Z,SA,pos_terminal,0
TXN-2026-04485,59.65,pos,JEWELRY,CUST-0160,2026-07-11T09:27:50Z,EG,pos_terminal,0
TXN-2026-04486,386.92,ecom,FUEL,CUST-0450,2026-07-20T22:37:11Z,AE,web,0
TXN-2026-04487,121.62,pos,UTILITIES,CUST-0698,2026-06-24T02:25:22Z,SA,web,0
TXN-2026-04488,51.47,transfer,RESTAURANT,CUST-0503,2026-06-30T15:33:25Z,SA,pos_terminal,0
TXN-2026-04489,523.03,ecom,ENTERTAINMENT,CUST-0490,2026-07-13T23:04:01Z,SA,mobile,0
TXN-2026-04490,45.63,atm,HOME_GOODS,CUST-0450,2026-07-07T13:03:55Z,US,atm,0
TXN-2026-04491,105.86,transfer,PHARMACY,CUST-0179,2026-07-23T10:30:34Z,AE,atm,0
TXN-2026-04492,158.47,pos,FASHION,CUST-0072,2026-07-05T23:25:54Z,EG,mobile,0
TXN-2026-04493,234.63,ecom,RESTAURANT,CUST-0074,2026-07-10T16:41:53Z,GB,mobile,0
TXN-2026-04494,38.57,pos,JEWELRY,CUST-0750,2026-07-29T20:16:27Z,US,mobile,0
TXN-2026-04495,63.54,ecom,ONLINE_SERVICES,CUST-0785,2026-06-03T03:57:52Z,EG,pos_terminal,0
TXN-2026-04496,55.65,pos,FASHION,CUST-0169,2026-07-13T23:38:23Z,GB,atm,0
TXN-2026-04497,149.85,pos,JEWELRY,CUST-0325,2026-07-27T14:45:07Z,SA,web,0
TXN-2026-04498,24.73,pos,TRAVEL,CUST-0513,2026-07-04T01:02:46Z,AE,atm,0
TXN-2026-04499,16.02,pos,ENTERTAINMENT,CUST-0369,2026-06-14T04:35:11Z,SA,mobile,0
TXN-2026-04500,252.61,ecom,ELECTRONICS,CUST-0679,2026-06-16T13:24:37Z,AE,web,1
TXN-2026-04501,238.6,pos,JEWELRY,CUST-0279,2026-06-09T18:50:29Z,EG,pos_terminal,0
TXN-2026-04502,187.36,pos,ELECTRONICS,CUST-0438,2026-06-04T20:09:16Z,AE,atm,0
TXN-2026-04503,26.61,transfer,HEALTHCARE,CUST-0555,2026-07-07T09:29:33Z,SA,mobile,0
TXN-2026-04504,17.98,transfer,FUEL,CUST-0151,2026-06-22T16:57:34Z,GB,web,0
TXN-2026-04505,79.71,pos,HEALTHCARE,CUST-0249,2026-06-09T21:59:02Z,SA,atm,0
TXN-2026-04506,25.14,ecom,HOME_GOODS,CUST-0252,2026-07-14T02:09:08Z,SA,web,0
TXN-2026-04507,104.69,ecom,JEWELRY,CUST-0142,2026-07-03T08:02:20Z,AE,mobile,0
TXN-2026-04508,72.12,pos,RESTAURANT,CUST-0686,2026-07-05T14:31:30Z,EG,mobile,0
TXN-2026-04509,184.26,transfer,FUEL,CUST-0163,2026-07-18T09:15:10Z,US,atm,0
TXN-2026-04510,1275.79,pos,FASHION,CUST-0545,2026-06-14T04:13:14Z,EG,pos_terminal,0
TXN-2026-04511,48.67,pos,HEALTHCARE,CUST-0493,2026-06-12T02:39:27Z,AE,pos_terminal,0
TXN-2026-04512,31.22,pos,TRAVEL,CUST-0628,2026-07-29T04:43:42Z,SA,web,0
TXN-2026-04513,253.23,ecom,RESTAURANT,CUST-0514,2026-06-14T00:30:34Z,SA,pos_terminal,1
TXN-2026-04514,31.83,atm,ENTERTAINMENT,CUST-0795,2026-07-28T01:29:31Z,SA,pos_terminal,0
TXN-2026-04515,64.94,atm,ENTERTAINMENT,CUST-0754,2026-06-29T02:06:14Z,SA,pos_terminal,0
TXN-2026-04516,81.22,transfer,EDUCATION,CUST-0711,2026-06-08T21:02:08Z,AE,web,0
TXN-2026-04517,161.58,atm,ONLINE_SERVICES,CUST-0440,2026-06-14T22:06:51Z,SA,mobile,0
TXN-2026-04518,150.26,ecom,PHARMACY,CUST-0355,2026-06-25T06:43:11Z,GB,pos_terminal,0
TXN-2026-04519,7.06,pos,FASHION,CUST-0621,2026-06-12T07:35:49Z,GB,web,0
TXN-2026-04520,315.17,transfer,JEWELRY,CUST-0529,2026-07-10T00:46:46Z,SA,atm,0
TXN-2026-04521,52.43,transfer,RESTAURANT,CUST-0678,2026-07-08T10:50:01Z,SA,mobile,0
TXN-2026-04522,125.09,atm,JEWELRY,CUST-0124,2026-06-01T01:34:55Z,SA,web,0
TXN-2026-04523,108.26,pos,JEWELRY,CUST-0768,2026-06-23T12:49:03Z,SA,pos_terminal,0
TXN-2026-04524,34.72,atm,ELECTRONICS,CUST-0073,2026-07-05T05:16:51Z,GB,pos_terminal,1
TXN-2026-04525,135.67,transfer,RESTAURANT,CUST-0125,2026-06-27T10:03:47Z,US,pos_terminal,0
TXN-2026-04526,64.97,atm,TRAVEL,CUST-0440,2026-06-08T13:01:15Z,EG,mobile,0
TXN-2026-04527,19.84,pos,RESTAURANT,CUST-0016,2026-07-24T01:59:44Z,EG,web,0
TXN-2026-04528,347.57,transfer,UTILITIES,CUST-0282,2026-07-23T08:49:49Z,EG,atm,0
TXN-2026-04529,22.17,pos,UTILITIES,CUST-0479,2026-06-08T08:10:45Z,AE,mobile,0
TXN-2026-04530,130.11,atm,ELECTRONICS,CUST-0014,2026-07-03T08:31:46Z,SA,mobile,0
TXN-2026-04531,22.34,transfer,TRAVEL,CUST-0196,2026-07-13T21:34:44Z,SA,web,0
TXN-2026-04532,202.85,atm,TRAVEL,CUST-0800,2026-06-14T23:15:17Z,EG,mobile,0
TXN-2026-04533,65.11,pos,JEWELRY,CUST-0415,2026-07-12T01:02:01Z,EG,mobile,0
TXN-2026-04534,13.83,ecom,FUEL,CUST-0126,2026-07-02T19:48:15Z,SA,web,0
TXN-2026-04535,5.56,pos,FUEL,CUST-0293,2026-06-15T02:20:44Z,EG,pos_terminal,0
TXN-2026-04536,138.13,ecom,JEWELRY,CUST-0049,2026-06-22T14:21:06Z,SA,mobile,0
TXN-2026-04537,70.13,pos,RESTAURANT,CUST-0565,2026-07-05T08:17:16Z,US,pos_terminal,0
TXN-2026-04538,15.23,pos,JEWELRY,CUST-0684,2026-07-16T21:19:54Z,SA,pos_terminal,0
TXN-2026-04539,67.1,pos,PHARMACY,CUST-0758,2026-07-26T14:15:14Z,GB,mobile,0
TXN-2026-04540,21.78,pos,FUEL,CUST-0433,2026-07-17T18:31:05Z,SA,atm,0
TXN-2026-04541,253.41,atm,TRAVEL,CUST-0160,2026-06-21T13:54:49Z,SA,atm,0
TXN-2026-04542,105.48,pos,FUEL,CUST-0308,2026-07-10T11:24:25Z,SA,mobile,0
TXN-2026-04543,39.68,pos,ELECTRONICS,CUST-0592,2026-06-15T11:35:51Z,SA,mobile,0
TXN-2026-04544,115.55,pos,RESTAURANT,CUST-0330,2026-06-17T18:55:08Z,US,mobile,0
TXN-2026-04545,125.06,ecom,JEWELRY,CUST-0328,2026-06-21T21:17:51Z,US,pos_terminal,0
TXN-2026-04546,909.74,pos,FUEL,CUST-0174,2026-07-28T18:42:09Z,EG,pos_terminal,1
TXN-2026-04547,348.63,ecom,UTILITIES,CUST-0359,2026-06-30T11:25:40Z,SA,pos_terminal,0
TXN-2026-04548,294.88,pos,HOME_GOODS,CUST-0632,2026-06-23T07:18:35Z,SA,mobile,0
TXN-2026-04549,423.98,ecom,TRAVEL,CUST-0452,2026-07-21T06:18:03Z,GB,web,0
TXN-2026-04550,66.68,pos,JEWELRY,CUST-0514,2026-06-01T07:18:02Z,SA,mobile,0
TXN-2026-04551,20.21,ecom,PHARMACY,CUST-0068,2026-06-05T16:17:40Z,SA,mobile,0
TXN-2026-04552,329.29,atm,TELECOM,CUST-0029,2026-06-04T21:40:10Z,SA,pos_terminal,0
TXN-2026-04553,164.78,pos,HEALTHCARE,CUST-0009,2026-07-21T20:36:10Z,SA,pos_terminal,0
TXN-2026-04554,82.5,atm,TELECOM,CUST-0572,2026-06-29T22:26:18Z,EG,atm,0
TXN-2026-04555,238.13,pos,ONLINE_SERVICES,CUST-0318,2026-07-15T20:34:47Z,SA,web,0
TXN-2026-04556,6.71,ecom,ENTERTAINMENT,CUST-0337,2026-07-30T20:37:06Z,AE,atm,0
TXN-2026-04557,98.96,ecom,EDUCATION,CUST-0715,2026-07-07T15:34:40Z,US,mobile,0
TXN-2026-04558,94.28,pos,ONLINE_SERVICES,CUST-0413,2026-07-25T18:54:36Z,SA,atm,0
TXN-2026-04559,268.71,atm,FUEL,CUST-0515,2026-06-30T09:59:34Z,US,pos_terminal,0
TXN-2026-04560,600.78,pos,PHARMACY,CUST-0461,2026-07-02T13:30:13Z,SA,mobile,0
TXN-2026-04561,219.36,ecom,RESTAURANT,CUST-0422,2026-07-01T07:53:57Z,SA,web,0
TXN-2026-04562,55.45,pos,ELECTRONICS,CUST-0791,2026-06-26T10:28:03Z,GB,web,0
TXN-2026-04563,973.15,atm,GROCERY,CUST-0268,2026-06-10T02:29:56Z,SA,web,1
TXN-2026-04564,77.24,pos,PHARMACY,CUST-0224,2026-07-06T18:10:51Z,SA,web,0
TXN-2026-04565,41.9,ecom,PHARMACY,CUST-0603,2026-07-23T15:25:39Z,SA,mobile,0
TXN-2026-04566,136.65,pos,HOME_GOODS,CUST-0551,2026-07-17T18:46:04Z,SA,atm,0
TXN-2026-04567,307.69,ecom,RESTAURANT,CUST-0355,2026-06-06T18:52:31Z,AE,atm,1
TXN-2026-04568,83.85,transfer,FASHION,CUST-0560,2026-06-08T03:45:28Z,SA,pos_terminal,0
TXN-2026-04569,31.12,pos,RESTAURANT,CUST-0387,2026-07-17T01:39:16Z,SA,atm,0
TXN-2026-04570,188.89,ecom,HEALTHCARE,CUST-0647,2026-07-13T15:03:05Z,SA,web,0
TXN-2026-04571,177.3,pos,ELECTRONICS,CUST-0435,2026-07-03T14:07:29Z,SA,mobile,0
TXN-2026-04572,292.26,ecom,ONLINE_SERVICES,CUST-0342,2026-07-27T01:30:51Z,SA,mobile,1
TXN-2026-04573,536.32,ecom,FUEL,CUST-0569,2026-07-26T20:05:30Z,SA,pos_terminal,0
TXN-2026-04574,435.38,atm,FASHION,CUST-0495,2026-07-24T11:23:19Z,EG,mobile,0
TXN-2026-04575,55.86,transfer,PHARMACY,CUST-0212,2026-07-21T09:47:39Z,SA,pos_terminal,0
TXN-2026-04576,36.02,pos,HEALTHCARE,CUST-0416,2026-07-03T13:45:19Z,US,pos_terminal,0
TXN-2026-04577,21.6,pos,TELECOM,CUST-0214,2026-06-26T08:29:01Z,US,atm,0
TXN-2026-04578,137.93,atm,ENTERTAINMENT,CUST-0641,2026-07-23T06:16:04Z,AE,pos_terminal,0
TXN-2026-04579,110.26,pos,ONLINE_SERVICES,CUST-0444,2026-06-13T11:47:48Z,SA,pos_terminal,0
TXN-2026-04580,7.66,transfer,ONLINE_SERVICES,CUST-0388,2026-07-11T23:25:23Z,SA,web,0
TXN-2026-04581,60.08,ecom,ONLINE_SERVICES,CUST-0307,2026-07-20T08:48:15Z,AE,atm,0
TXN-2026-04582,175.93,ecom,ELECTRONICS,CUST-0751,2026-06-02T11:03:59Z,SA,atm,0
TXN-2026-04583,599.11,ecom,HOME_GOODS,CUST-0156,2026-06-21T18:14:08Z,US,pos_terminal,0
TXN-2026-04584,421.79,pos,HEALTHCARE,CUST-0123,2026-07-16T09:36:47Z,SA,web,0
TXN-2026-04585,66.0,atm,FUEL,CUST-0003,2026-07-05T03:32:13Z,SA,pos_terminal,0
TXN-2026-04586,145.44,ecom,ELECTRONICS,CUST-0425,2026-07-14T22:36:27Z,SA,atm,0
TXN-2026-04587,31.26,transfer,HOME_GOODS,CUST-0628,2026-07-16T10:36:07Z,SA,web,0
TXN-2026-04588,52.72,transfer,RESTAURANT,CUST-0085,2026-07-19T17:54:29Z,SA,pos_terminal,0
TXN-2026-04589,86.22,pos,TELECOM,CUST-0790,2026-07-21T14:42:31Z,SA,atm,0
TXN-2026-04590,39.27,ecom,JEWELRY,CUST-0545,2026-06-09T09:18:24Z,SA,mobile,0
TXN-2026-04591,187.2,pos,FUEL,CUST-0005,2026-07-26T22:57:42Z,GB,web,0
TXN-2026-04592,33.44,pos,TELECOM,CUST-0734,2026-06-11T13:12:28Z,SA,atm,0
TXN-2026-04593,453.36,pos,TRAVEL,CUST-0107,2026-07-01T11:39:00Z,AE,pos_terminal,0
TXN-2026-04594,45.26,pos,FUEL,CUST-0714,2026-06-05T00:22:29Z,AE,mobile,0
TXN-2026-04595,103.59,pos,RESTAURANT,CUST-0223,2026-07-24T08:42:34Z,SA,pos_terminal,0
TXN-2026-04596,7.01,ecom,ONLINE_SERVICES,CUST-0122,2026-07-19T17:41:44Z,GB,atm,0
TXN-2026-04597,595.64,ecom,ELECTRONICS,CUST-0735,2026-06-02T13:27:11Z,EG,mobile,1
TXN-2026-04598,227.79,transfer,TRAVEL,CUST-0440,2026-06-08T08:39:55Z,AE,atm,0
TXN-2026-04599,20.35,pos,PHARMACY,CUST-0133,2026-07-19T21:43:15Z,SA,pos_terminal,0
TXN-2026-04600,344.84,pos,GROCERY,CUST-0563,2026-06-04T16:11:01Z,GB,mobile,0
TXN-2026-04601,71.9,ecom,TRAVEL,CUST-0037,2026-06-01T20:45:51Z,AE,web,0
TXN-2026-04602,173.36,ecom,ENTERTAINMENT,CUST-0354,2026-07-17T05:31:55Z,SA,mobile,1
TXN-2026-04603,67.39,transfer,TRAVEL,CUST-0689,2026-07-22T04:54:23Z,GB,web,0
TXN-2026-04604,63.95,ecom,HEALTHCARE,CUST-0628,2026-07-25T20:29:30Z,SA,mobile,0
TXN-2026-04605,759.7,atm,GROCERY,CUST-0109,2026-06-10T09:24:00Z,EG,web,0
TXN-2026-04606,27.93,ecom,ELECTRONICS,CUST-0052,2026-07-03T13:58:24Z,SA,mobile,0
TXN-2026-04607,61.9,pos,FASHION,CUST-0707,2026-07-08T01:15:25Z,AE,atm,0
TXN-2026-04608,391.39,ecom,ONLINE_SERVICES,CUST-0129,2026-06-02T03:09:20Z,US,pos_terminal,0
TXN-2026-04609,92.54,pos,ONLINE_SERVICES,CUST-0716,2026-07-11T15:04:21Z,AE,web,0
TXN-2026-04610,314.41,atm,HEALTHCARE,CUST-0750,2026-07-10T19:48:57Z,EG,atm,0
TXN-2026-04611,138.82,ecom,GROCERY,CUST-0671,2026-07-22T02:47:41Z,SA,web,0
TXN-2026-04612,556.49,pos,RESTAURANT,CUST-0225,2026-06-08T20:59:30Z,SA,web,0
TXN-2026-04613,119.79,pos,JEWELRY,CUST-0089,2026-06-16T03:42:41Z,AE,web,0
TXN-2026-04614,52.08,pos,ELECTRONICS,CUST-0058,2026-07-28T03:07:54Z,EG,pos_terminal,0
TXN-2026-04615,241.53,ecom,PHARMACY,CUST-0743,2026-07-01T06:14:25Z,US,atm,0
TXN-2026-04616,27.98,pos,ELECTRONICS,CUST-0123,2026-06-17T00:48:47Z,SA,mobile,0
TXN-2026-04617,41.71,pos,FUEL,CUST-0111,2026-06-18T08:15:10Z,US,pos_terminal,0
TXN-2026-04618,29.1,atm,PHARMACY,CUST-0583,2026-07-11T21:32:07Z,GB,pos_terminal,0
TXN-2026-04619,22.81,pos,HOME_GOODS,CUST-0116,2026-07-28T01:57:41Z,SA,pos_terminal,0
TXN-2026-04620,42.04,pos,ONLINE_SERVICES,CUST-0731,2026-07-04T01:38:56Z,SA,mobile,0
TXN-2026-04621,161.76,ecom,ONLINE_SERVICES,CUST-0628,2026-07-30T06:05:25Z,GB,web,0
TXN-2026-04622,149.67,pos,EDUCATION,CUST-0395,2026-06-01T10:36:52Z,SA,atm,0
TXN-2026-04623,10.14,pos,ONLINE_SERVICES,CUST-0459,2026-06-24T03:01:51Z,EG,web,0
TXN-2026-04624,50.78,ecom,PHARMACY,CUST-0027,2026-07-08T08:22:44Z,EG,web,0
TXN-2026-04625,127.74,pos,HEALTHCARE,CUST-0749,2026-07-07T07:16:58Z,GB,mobile,0
TXN-2026-04626,103.57,transfer,JEWELRY,CUST-0788,2026-06-01T15:40:59Z,US,web,0
TXN-2026-04627,137.01,atm,GROCERY,CUST-0644,2026-06-08T14:47:27Z,SA,web,0
TXN-2026-04628,78.74,pos,TELECOM,CUST-0177,2026-07-12T23:45:53Z,SA,web,0
TXN-2026-04629,397.48,atm,JEWELRY,CUST-0372,2026-06-17T12:29:27Z,SA,mobile,0
TXN-2026-04630,211.11,transfer,EDUCATION,CUST-0675,2026-06-06T05:21:16Z,AE,pos_terminal,0
TXN-2026-04631,20.54,transfer,PHARMACY,CUST-0681,2026-06-17T18:54:57Z,SA,mobile,0
TXN-2026-04632,358.36,ecom,GROCERY,CUST-0676,2026-06-02T10:19:59Z,AE,pos_terminal,0
TXN-2026-04633,60.48,pos,ELECTRONICS,CUST-0384,2026-07-28T19:29:52Z,SA,mobile,0
TXN-2026-04634,67.48,pos,FUEL,CUST-0414,2026-07-25T08:41:19Z,SA,mobile,0
TXN-2026-04635,88.1,pos,ONLINE_SERVICES,CUST-0785,2026-07-29T11:50:35Z,SA,mobile,0
TXN-2026-04636,198.8,pos,GROCERY,CUST-0285,2026-06-15T13:14:20Z,SA,atm,0
TXN-2026-04637,60.23,transfer,ENTERTAINMENT,CUST-0143,2026-07-29T19:41:14Z,EG,web,0
TXN-2026-04638,58.16,pos,UTILITIES,CUST-0002,2026-06-05T06:08:50Z,US,mobile,0
TXN-2026-04639,310.88,atm,TELECOM,CUST-0140,2026-06-13T20:49:54Z,SA,mobile,1
TXN-2026-04640,72.09,atm,UTILITIES,CUST-0333,2026-07-26T23:25:30Z,AE,mobile,0
TXN-2026-04641,18.08,atm,RESTAURANT,CUST-0736,2026-06-22T12:18:44Z,SA,pos_terminal,0
TXN-2026-04642,89.51,transfer,HEALTHCARE,CUST-0182,2026-06-13T21:06:49Z,AE,web,0
TXN-2026-04643,400.42,pos,HEALTHCARE,CUST-0353,2026-06-17T11:33:29Z,SA,atm,0
TXN-2026-04644,47.92,ecom,HEALTHCARE,CUST-0666,2026-07-06T22:50:32Z,SA,atm,0
TXN-2026-04645,97.58,atm,HOME_GOODS,CUST-0086,2026-07-22T21:05:57Z,SA,pos_terminal,0
TXN-2026-04646,9.72,ecom,RESTAURANT,CUST-0107,2026-06-05T15:36:45Z,SA,pos_terminal,0
TXN-2026-04647,122.19,atm,TELECOM,CUST-0375,2026-07-08T22:24:09Z,EG,web,0
TXN-2026-04648,41.23,pos,ELECTRONICS,CUST-0106,2026-07-01T22:17:07Z,GB,pos_terminal,0
TXN-2026-04649,27.5,transfer,RESTAURANT,CUST-0739,2026-06-12T04:14:28Z,SA,atm,0
TXN-2026-04650,107.64,pos,RESTAURANT,CUST-0319,2026-07-22T22:22:58Z,SA,atm,0
TXN-2026-04651,5.62,pos,ONLINE_SERVICES,CUST-0071,2026-06-01T19:59:43Z,SA,mobile,0
TXN-2026-04652,10.68,pos,FASHION,CUST-0483,2026-07-16T22:50:07Z,SA,atm,0
TXN-2026-04653,155.01,pos,ELECTRONICS,CUST-0252,2026-07-30T01:19:37Z,EG,atm,0
TXN-2026-04654,110.38,atm,HEALTHCARE,CUST-0548,2026-07-06T19:22:13Z,GB,web,0
TXN-2026-04655,33.16,atm,TELECOM,CUST-0236,2026-06-11T10:50:13Z,SA,pos_terminal,0
TXN-2026-04656,58.17,ecom,TELECOM,CUST-0557,2026-07-16T13:22:29Z,GB,atm,0
TXN-2026-04657,87.32,transfer,JEWELRY,CUST-0611,2026-06-16T02:10:55Z,AE,pos_terminal,0
TXN-2026-04658,77.6,ecom,ONLINE_SERVICES,CUST-0266,2026-06-17T21:51:29Z,SA,web,0
TXN-2026-04659,160.8,pos,ONLINE_SERVICES,CUST-0696,2026-07-21T21:50:19Z,AE,pos_terminal,0
TXN-2026-04660,410.79,atm,EDUCATION,CUST-0405,2026-06-22T02:44:16Z,SA,mobile,0
TXN-2026-04661,57.92,pos,TRAVEL,CUST-0601,2026-06-05T07:12:50Z,SA,pos_terminal,0
TXN-2026-04662,365.33,pos,FUEL,CUST-0548,2026-06-08T04:13:46Z,EG,pos_terminal,0
TXN-2026-04663,172.61,atm,HEALTHCARE,CUST-0151,2026-06-14T14:11:53Z,SA,atm,0
TXN-2026-04664,749.17,ecom,UTILITIES,CUST-0452,2026-06-02T07:54:39Z,SA,pos_terminal,1
TXN-2026-04665,141.23,pos,RESTAURANT,CUST-0491,2026-06-06T21:50:40Z,SA,web,0
TXN-2026-04666,158.9,ecom,ELECTRONICS,CUST-0701,2026-07-27T23:20:00Z,GB,web,0
TXN-2026-04667,12.41,pos,PHARMACY,CUST-0330,2026-06-23T03:43:05Z,AE,atm,0
TXN-2026-04668,339.79,pos,EDUCATION,CUST-0515,2026-06-05T15:59:45Z,US,web,0
TXN-2026-04669,74.93,atm,HOME_GOODS,CUST-0236,2026-07-26T11:05:45Z,AE,atm,0
TXN-2026-04670,12.04,pos,FASHION,CUST-0666,2026-06-16T17:16:20Z,EG,pos_terminal,0
TXN-2026-04671,149.19,pos,TELECOM,CUST-0146,2026-07-04T20:32:19Z,SA,web,0
TXN-2026-04672,91.21,transfer,TELECOM,CUST-0055,2026-07-07T16:39:45Z,SA,mobile,0
TXN-2026-04673,50.02,pos,GROCERY,CUST-0190,2026-07-02T13:26:58Z,GB,mobile,0
TXN-2026-04674,21.21,pos,JEWELRY,CUST-0697,2026-07-06T05:24:45Z,US,atm,1
TXN-2026-04675,141.68,ecom,UTILITIES,CUST-0008,2026-07-15T09:37:42Z,US,web,0
TXN-2026-04676,122.36,pos,GROCERY,CUST-0613,2026-06-14T11:21:58Z,SA,mobile,0
TXN-2026-04677,44.65,pos,FASHION,CUST-0204,2026-06-30T01:27:30Z,EG,atm,0
TXN-2026-04678,43.33,pos,ELECTRONICS,CUST-0024,2026-06-08T02:39:46Z,AE,pos_terminal,0
TXN-2026-04679,51.68,atm,PHARMACY,CUST-0020,2026-07-30T23:47:41Z,EG,pos_terminal,0
TXN-2026-04680,180.72,pos,TELECOM,CUST-0158,2026-06-01T11:33:52Z,SA,atm,0
TXN-2026-04681,2959.33,pos,ONLINE_SERVICES,CUST-0515,2026-07-08T04:50:46Z,US,atm,0
TXN-2026-04682,40.96,pos,GROCERY,CUST-0542,2026-07-20T23:11:33Z,EG,pos_terminal,0
TXN-2026-04683,430.78,ecom,HEALTHCARE,CUST-0179,2026-06-29T00:29:40Z,SA,atm,0
TXN-2026-04684,550.63,pos,GROCERY,CUST-0723,2026-06-23T01:11:41Z,AE,mobile,0
TXN-2026-04685,132.54,ecom,ENTERTAINMENT,CUST-0233,2026-07-25T02:03:59Z,AE,pos_terminal,0
TXN-2026-04686,179.75,atm,GROCERY,CUST-0357,2026-06-19T20:02:19Z,SA,pos_terminal,1
TXN-2026-04687,402.29,atm,TELECOM,CUST-0525,2026-07-23T18:48:22Z,SA,pos_terminal,0
TXN-2026-04688,30.94,ecom,HOME_GOODS,CUST-0411,2026-07-30T20:12:29Z,SA,mobile,0
TXN-2026-04689,117.04,ecom,HOME_GOODS,CUST-0316,2026-06-01T19:44:59Z,AE,atm,0
TXN-2026-04690,668.62,pos,ELECTRONICS,CUST-0611,2026-07-22T18:11:49Z,AE,web,0
TXN-2026-04691,18.23,pos,FUEL,CUST-0468,2026-06-18T13:47:24Z,GB,pos_terminal,0
TXN-2026-04692,109.75,ecom,ELECTRONICS,CUST-0211,2026-06-05T20:45:07Z,SA,atm,0
TXN-2026-04693,72.3,pos,TELECOM,CUST-0142,2026-07-02T09:31:35Z,SA,pos_terminal,0
TXN-2026-04694,32.23,pos,HEALTHCARE,CUST-0254,2026-06-01T03:54:05Z,SA,web,0
TXN-2026-04695,39.85,ecom,EDUCATION,CUST-0208,2026-06-05T08:04:03Z,SA,mobile,0
TXN-2026-04696,130.75,atm,UTILITIES,CUST-0047,2026-06-17T22:35:05Z,EG,atm,0
TXN-2026-04697,255.97,atm,RESTAURANT,CUST-0281,2026-06-21T22:34:09Z,AE,atm,0
TXN-2026-04698,73.05,transfer,HEALTHCARE,CUST-0522,2026-06-30T16:41:50Z,EG,atm,0
TXN-2026-04699,208.4,pos,TRAVEL,CUST-0168,2026-06-04T05:24:39Z,SA,pos_terminal,0
TXN-2026-04700,53.47,pos,FUEL,CUST-0678,2026-07-29T00:30:49Z,SA,atm,0
TXN-2026-04701,79.68,pos,TELECOM,CUST-0718,2026-06-02T16:56:26Z,SA,web,0
TXN-2026-04702,75.52,atm,FASHION,CUST-0310,2026-06-24T01:35:11Z,SA,web,0
TXN-2026-04703,635.06,atm,JEWELRY,CUST-0718,2026-06-13T13:44:08Z,US,pos_terminal,0
TXN-2026-04704,118.71,pos,TELECOM,CUST-0304,2026-06-30T19:03:16Z,AE,atm,0
TXN-2026-04705,215.97,ecom,FUEL,CUST-0649,2026-06-09T07:43:33Z,SA,mobile,0
TXN-2026-04706,22.82,pos,UTILITIES,CUST-0017,2026-06-01T13:40:30Z,SA,pos_terminal,0
TXN-2026-04707,75.91,pos,TRAVEL,CUST-0625,2026-07-10T00:13:50Z,EG,web,0
TXN-2026-04708,53.65,ecom,TRAVEL,CUST-0179,2026-06-15T09:16:08Z,AE,mobile,0
TXN-2026-04709,26.7,pos,JEWELRY,CUST-0529,2026-07-12T19:17:34Z,SA,web,0
TXN-2026-04710,241.41,pos,JEWELRY,CUST-0197,2026-07-19T12:07:38Z,GB,mobile,0
TXN-2026-04711,120.03,pos,TELECOM,CUST-0410,2026-07-19T22:20:45Z,SA,mobile,0
TXN-2026-04712,75.53,ecom,HOME_GOODS,CUST-0354,2026-06-10T15:01:45Z,SA,pos_terminal,0
TXN-2026-04713,1814.73,ecom,ENTERTAINMENT,CUST-0653,2026-06-11T05:42:21Z,GB,web,1
TXN-2026-04714,379.33,pos,HOME_GOODS,CUST-0504,2026-07-04T06:50:28Z,AE,web,0
TXN-2026-04715,19.58,pos,GROCERY,CUST-0054,2026-06-30T15:15:27Z,US,atm,0
TXN-2026-04716,59.5,pos,JEWELRY,CUST-0520,2026-06-06T23:46:58Z,EG,atm,0
TXN-2026-04717,504.29,ecom,ENTERTAINMENT,CUST-0228,2026-06-03T05:15:34Z,AE,mobile,1
TXN-2026-04718,407.02,ecom,UTILITIES,CUST-0609,2026-06-07T19:10:29Z,SA,web,0
TXN-2026-04719,139.83,pos,FASHION,CUST-0648,2026-07-22T19:22:10Z,SA,pos_terminal,0
TXN-2026-04720,39.74,ecom,FUEL,CUST-0773,2026-06-16T14:09:03Z,SA,atm,0
TXN-2026-04721,108.92,pos,PHARMACY,CUST-0066,2026-06-26T14:29:55Z,AE,atm,0
TXN-2026-04722,64.94,pos,FUEL,CUST-0115,2026-06-20T08:44:38Z,SA,atm,0
TXN-2026-04723,375.64,ecom,HOME_GOODS,CUST-0504,2026-06-16T00:51:10Z,AE,web,1
TXN-2026-04724,35.06,ecom,TELECOM,CUST-0693,2026-07-20T10:45:20Z,SA,web,0
TXN-2026-04725,108.76,ecom,HOME_GOODS,CUST-0236,2026-07-23T07:28:47Z,SA,mobile,0
TXN-2026-04726,886.15,ecom,EDUCATION,CUST-0729,2026-06-18T17:57:32Z,SA,atm,0
TXN-2026-04727,17.1,pos,HEALTHCARE,CUST-0474,2026-07-26T15:33:02Z,SA,web,0
TXN-2026-04728,163.11,ecom,HOME_GOODS,CUST-0718,2026-07-07T03:40:02Z,US,web,0
TXN-2026-04729,127.08,pos,RESTAURANT,CUST-0576,2026-07-08T02:58:36Z,AE,atm,0
TXN-2026-04730,234.77,ecom,HEALTHCARE,CUST-0479,2026-06-27T08:17:52Z,AE,mobile,1
TXN-2026-04731,5.0,pos,TRAVEL,CUST-0352,2026-06-21T10:56:29Z,SA,mobile,0
TXN-2026-04732,146.04,ecom,JEWELRY,CUST-0517,2026-06-20T05:54:14Z,SA,web,0
TXN-2026-04733,311.98,ecom,TELECOM,CUST-0185,2026-07-14T11:53:10Z,GB,web,0
TXN-2026-04734,33.86,ecom,RESTAURANT,CUST-0124,2026-06-25T07:34:10Z,US,atm,0
TXN-2026-04735,26.56,ecom,ENTERTAINMENT,CUST-0136,2026-07-15T08:26:01Z,EG,web,0
TXN-2026-04736,245.76,transfer,TELECOM,CUST-0309,2026-06-29T09:57:48Z,SA,atm,0
TXN-2026-04737,118.89,transfer,EDUCATION,CUST-0547,2026-06-07T13:44:18Z,US,web,0
TXN-2026-04738,70.38,pos,ENTERTAINMENT,CUST-0579,2026-07-20T00:20:15Z,SA,mobile,1
TXN-2026-04739,49.59,ecom,RESTAURANT,CUST-0720,2026-07-01T20:16:04Z,GB,mobile,0
TXN-2026-04740,119.42,pos,GROCERY,CUST-0188,2026-06-13T07:39:43Z,SA,web,0
TXN-2026-04741,335.95,pos,HEALTHCARE,CUST-0379,2026-07-29T15:45:38Z,SA,pos_terminal,0
TXN-2026-04742,46.38,atm,HEALTHCARE,CUST-0449,2026-06-27T12:35:24Z,GB,pos_terminal,0
TXN-2026-04743,114.49,pos,FUEL,CUST-0124,2026-06-11T06:28:24Z,SA,web,0
TXN-2026-04744,332.12,ecom,TELECOM,CUST-0738,2026-06-02T17:31:33Z,GB,mobile,0
TXN-2026-04745,192.52,transfer,TRAVEL,CUST-0181,2026-07-22T22:50:35Z,SA,pos_terminal,0
TXN-2026-04746,57.22,pos,TELECOM,CUST-0077,2026-06-21T23:06:38Z,SA,web,0
TXN-2026-04747,31.29,atm,FASHION,CUST-0520,2026-07-22T17:11:56Z,AE,mobile,0
TXN-2026-04748,47.33,atm,PHARMACY,CUST-0102,2026-06-03T18:04:34Z,SA,mobile,0
TXN-2026-04749,211.95,pos,TELECOM,CUST-0675,2026-06-14T00:12:06Z,GB,web,0
TXN-2026-04750,51.47,pos,ONLINE_SERVICES,CUST-0273,2026-06-27T21:34:51Z,AE,mobile,0
TXN-2026-04751,25.41,pos,ONLINE_SERVICES,CUST-0754,2026-06-21T02:39:09Z,SA,pos_terminal,0
TXN-2026-04752,167.72,pos,RESTAURANT,CUST-0768,2026-07-29T18:16:02Z,EG,atm,0
TXN-2026-04753,108.65,atm,HEALTHCARE,CUST-0596,2026-06-29T22:52:38Z,GB,web,0
TXN-2026-04754,230.55,ecom,HEALTHCARE,CUST-0348,2026-06-09T05:21:39Z,SA,mobile,0
TXN-2026-04755,681.74,pos,FASHION,CUST-0487,2026-07-07T11:59:20Z,SA,web,0
TXN-2026-04756,58.77,ecom,JEWELRY,CUST-0464,2026-06-28T15:28:09Z,SA,atm,0
TXN-2026-04757,258.23,transfer,PHARMACY,CUST-0012,2026-07-05T00:25:27Z,SA,atm,0
TXN-2026-04758,119.98,transfer,GROCERY,CUST-0637,2026-07-25T01:29:13Z,GB,web,1
TXN-2026-04759,41.57,pos,GROCERY,CUST-0400,2026-07-11T21:49:22Z,AE,pos_terminal,0
TXN-2026-04760,547.38,pos,ELECTRONICS,CUST-0736,2026-06-25T10:01:42Z,EG,pos_terminal,0
TXN-2026-04761,114.11,pos,TRAVEL,CUST-0585,2026-07-16T12:02:45Z,SA,web,0
TXN-2026-04762,15.65,transfer,TELECOM,CUST-0240,2026-07-30T17:47:02Z,EG,pos_terminal,0
TXN-2026-04763,152.67,pos,UTILITIES,CUST-0270,2026-07-09T06:05:28Z,SA,atm,0
TXN-2026-04764,230.6,atm,GROCERY,CUST-0068,2026-06-21T12:12:59Z,SA,pos_terminal,0
TXN-2026-04765,11.85,pos,PHARMACY,CUST-0785,2026-07-09T19:31:23Z,EG,pos_terminal,0
TXN-2026-04766,135.01,ecom,UTILITIES,CUST-0485,2026-07-03T02:27:45Z,US,mobile,1
TXN-2026-04767,75.57,transfer,TELECOM,CUST-0563,2026-07-12T09:45:30Z,SA,web,0
TXN-2026-04768,300.94,ecom,JEWELRY,CUST-0656,2026-06-30T09:57:30Z,GB,mobile,0
TXN-2026-04769,526.77,ecom,JEWELRY,CUST-0351,2026-06-20T17:50:23Z,US,pos_terminal,0
TXN-2026-04770,712.98,pos,TRAVEL,CUST-0737,2026-06-20T02:04:46Z,EG,atm,1
TXN-2026-04771,25.4,transfer,PHARMACY,CUST-0087,2026-07-19T19:36:34Z,SA,mobile,0
TXN-2026-04772,175.98,ecom,EDUCATION,CUST-0129,2026-07-06T10:16:25Z,SA,mobile,0
TXN-2026-04773,40.32,transfer,GROCERY,CUST-0731,2026-07-11T09:36:49Z,SA,web,0
TXN-2026-04774,85.69,pos,HOME_GOODS,CUST-0343,2026-06-13T23:51:14Z,SA,mobile,0
TXN-2026-04775,176.99,ecom,TELECOM,CUST-0293,2026-07-22T20:11:47Z,SA,atm,0
TXN-2026-04776,886.1,pos,ENTERTAINMENT,CUST-0330,2026-07-20T02:02:36Z,SA,mobile,1
TXN-2026-04777,25.09,pos,TELECOM,CUST-0041,2026-06-27T02:29:35Z,SA,atm,0
TXN-2026-04778,331.04,ecom,TELECOM,CUST-0316,2026-06-10T23:38:48Z,AE,web,0
TXN-2026-04779,46.67,pos,RESTAURANT,CUST-0588,2026-07-08T05:30:04Z,GB,atm,0
TXN-2026-04780,21.19,pos,FASHION,CUST-0120,2026-06-08T21:03:48Z,GB,mobile,0
TXN-2026-04781,81.87,pos,GROCERY,CUST-0301,2026-07-06T12:16:36Z,SA,atm,0
TXN-2026-04782,344.79,ecom,EDUCATION,CUST-0010,2026-07-30T04:13:14Z,SA,pos_terminal,0
TXN-2026-04783,72.22,pos,HOME_GOODS,CUST-0387,2026-06-02T20:14:28Z,EG,mobile,0
TXN-2026-04784,318.43,pos,HEALTHCARE,CUST-0389,2026-07-04T21:36:35Z,SA,web,0
TXN-2026-04785,62.16,transfer,TRAVEL,CUST-0198,2026-06-11T16:18:44Z,US,web,0
TXN-2026-04786,10.19,transfer,UTILITIES,CUST-0376,2026-07-13T18:51:05Z,AE,pos_terminal,0
TXN-2026-04787,11.75,pos,GROCERY,CUST-0591,2026-06-24T08:36:46Z,GB,mobile,0
TXN-2026-04788,68.15,atm,FASHION,CUST-0639,2026-07-07T03:16:20Z,SA,mobile,0
TXN-2026-04789,22.68,ecom,ENTERTAINMENT,CUST-0517,2026-06-28T00:54:18Z,SA,mobile,0
TXN-2026-04790,33.65,atm,GROCERY,CUST-0102,2026-07-02T19:30:22Z,SA,mobile,0
TXN-2026-04791,87.66,pos,TRAVEL,CUST-0442,2026-06-12T05:39:03Z,EG,pos_terminal,0
TXN-2026-04792,18.33,ecom,GROCERY,CUST-0097,2026-07-02T06:38:46Z,SA,web,0
TXN-2026-04793,56.22,atm,ENTERTAINMENT,CUST-0588,2026-07-02T04:45:15Z,EG,web,0
TXN-2026-04794,96.62,transfer,UTILITIES,CUST-0648,2026-06-30T15:01:02Z,AE,web,0
TXN-2026-04795,453.48,ecom,RESTAURANT,CUST-0133,2026-06-14T17:10:29Z,AE,web,0
TXN-2026-04796,267.96,ecom,FUEL,CUST-0160,2026-06-09T10:03:27Z,SA,pos_terminal,0
TXN-2026-04797,110.82,ecom,TELECOM,CUST-0697,2026-06-24T00:15:33Z,SA,pos_terminal,0
TXN-2026-04798,66.6,ecom,HEALTHCARE,CUST-0088,2026-07-02T03:54:02Z,SA,mobile,0
TXN-2026-04799,223.12,atm,ONLINE_SERVICES,CUST-0373,2026-07-08T07:52:16Z,SA,atm,0
TXN-2026-04800,63.97,ecom,TELECOM,CUST-0057,2026-07-03T09:42:33Z,US,pos_terminal,0
TXN-2026-04801,58.1,pos,ENTERTAINMENT,CUST-0360,2026-06-30T10:23:44Z,US,pos_terminal,0
TXN-2026-04802,146.62,ecom,ENTERTAINMENT,CUST-0145,2026-07-09T06:09:51Z,EG,web,0
TXN-2026-04803,134.32,pos,TRAVEL,CUST-0287,2026-06-28T12:03:39Z,EG,web,0
TXN-2026-04804,81.21,transfer,ONLINE_SERVICES,CUST-0105,2026-06-19T05:47:01Z,SA,pos_terminal,0
TXN-2026-04805,43.58,pos,GROCERY,CUST-0124,2026-06-25T22:13:24Z,SA,web,0
TXN-2026-04806,9.22,pos,PHARMACY,CUST-0503,2026-06-13T20:19:58Z,GB,atm,0
TXN-2026-04807,297.76,transfer,PHARMACY,CUST-0735,2026-06-10T14:56:51Z,US,pos_terminal,0
TXN-2026-04808,605.25,atm,HOME_GOODS,CUST-0645,2026-07-11T17:36:31Z,SA,mobile,0
TXN-2026-04809,26.46,transfer,TELECOM,CUST-0329,2026-07-20T21:44:56Z,AE,web,0
TXN-2026-04810,107.21,atm,RESTAURANT,CUST-0537,2026-06-08T19:01:29Z,EG,mobile,0
TXN-2026-04811,55.45,transfer,PHARMACY,CUST-0356,2026-07-02T09:51:38Z,SA,atm,0
TXN-2026-04812,45.19,atm,TELECOM,CUST-0621,2026-07-04T19:01:04Z,GB,mobile,0
TXN-2026-04813,27.78,transfer,HOME_GOODS,CUST-0468,2026-06-27T16:13:41Z,SA,pos_terminal,0
TXN-2026-04814,56.17,ecom,FASHION,CUST-0173,2026-06-24T20:56:04Z,SA,atm,0
TXN-2026-04815,50.9,pos,RESTAURANT,CUST-0011,2026-06-26T17:50:08Z,SA,pos_terminal,0
TXN-2026-04816,440.41,ecom,GROCERY,CUST-0086,2026-06-12T15:45:06Z,SA,atm,0
TXN-2026-04817,61.9,ecom,TRAVEL,CUST-0375,2026-07-22T01:51:12Z,AE,mobile,0
TXN-2026-04818,108.06,pos,EDUCATION,CUST-0730,2026-06-26T06:49:52Z,SA,mobile,0
TXN-2026-04819,25.34,atm,UTILITIES,CUST-0466,2026-07-05T06:22:01Z,EG,pos_terminal,0
TXN-2026-04820,166.43,ecom,ELECTRONICS,CUST-0371,2026-06-07T04:22:18Z,GB,mobile,0
TXN-2026-04821,25.85,atm,RESTAURANT,CUST-0263,2026-06-02T10:17:44Z,SA,atm,0
TXN-2026-04822,67.17,pos,TELECOM,CUST-0422,2026-07-24T21:24:44Z,SA,pos_terminal,0
TXN-2026-04823,143.49,pos,PHARMACY,CUST-0091,2026-07-12T00:49:29Z,SA,mobile,0
TXN-2026-04824,284.77,atm,HOME_GOODS,CUST-0452,2026-06-22T17:19:03Z,SA,web,0
TXN-2026-04825,82.09,pos,ELECTRONICS,CUST-0703,2026-07-19T13:55:31Z,SA,pos_terminal,0
TXN-2026-04826,135.12,pos,HEALTHCARE,CUST-0605,2026-07-28T08:22:56Z,SA,mobile,0
TXN-2026-04827,54.92,ecom,GROCERY,CUST-0067,2026-07-17T08:18:12Z,GB,mobile,1
TXN-2026-04828,11.6,ecom,TRAVEL,CUST-0687,2026-06-23T08:11:51Z,SA,atm,0
TXN-2026-04829,99.59,atm,TRAVEL,CUST-0580,2026-07-03T20:41:47Z,SA,web,0
TXN-2026-04830,330.24,atm,HOME_GOODS,CUST-0341,2026-06-12T05:28:59Z,GB,pos_terminal,1
TXN-2026-04831,366.99,ecom,ENTERTAINMENT,CUST-0236,2026-07-01T00:21:33Z,GB,atm,0
TXN-2026-04832,97.95,pos,EDUCATION,CUST-0144,2026-07-17T01:02:46Z,AE,mobile,0
TXN-2026-04833,11.83,transfer,GROCERY,CUST-0137,2026-07-05T15:40:13Z,AE,pos_terminal,0
TXN-2026-04834,138.92,pos,GROCERY,CUST-0216,2026-06-21T21:46:26Z,SA,web,0
TXN-2026-04835,45.29,pos,HOME_GOODS,CUST-0774,2026-07-10T09:39:04Z,GB,pos_terminal,0
TXN-2026-04836,219.56,atm,HEALTHCARE,CUST-0117,2026-07-22T10:46:20Z,SA,web,0
TXN-2026-04837,733.92,ecom,HOME_GOODS,CUST-0323,2026-06-06T16:41:34Z,US,mobile,0
TXN-2026-04838,152.28,pos,RESTAURANT,CUST-0429,2026-07-03T01:38:05Z,SA,pos_terminal,0
TXN-2026-04839,105.83,ecom,ENTERTAINMENT,CUST-0303,2026-07-14T08:42:36Z,SA,mobile,0
TXN-2026-04840,318.96,pos,GROCERY,CUST-0692,2026-07-12T08:31:25Z,EG,mobile,0
TXN-2026-04841,579.57,ecom,UTILITIES,CUST-0701,2026-07-22T07:22:06Z,SA,web,0
TXN-2026-04842,86.32,pos,HOME_GOODS,CUST-0375,2026-07-13T19:20:27Z,EG,mobile,0
TXN-2026-04843,353.69,atm,ONLINE_SERVICES,CUST-0219,2026-06-26T01:21:36Z,US,atm,1
TXN-2026-04844,254.99,atm,UTILITIES,CUST-0758,2026-06-18T18:58:35Z,SA,web,0
TXN-2026-04845,697.78,ecom,ONLINE_SERVICES,CUST-0392,2026-07-18T06:32:37Z,SA,pos_terminal,0
TXN-2026-04846,104.24,pos,FASHION,CUST-0630,2026-07-01T06:48:21Z,SA,mobile,0
TXN-2026-04847,249.62,ecom,HEALTHCARE,CUST-0083,2026-07-15T08:56:52Z,AE,atm,0
TXN-2026-04848,133.26,atm,TELECOM,CUST-0448,2026-06-30T02:34:05Z,SA,atm,1
TXN-2026-04849,190.74,transfer,FUEL,CUST-0562,2026-07-13T02:32:45Z,GB,mobile,0
TXN-2026-04850,89.74,pos,ONLINE_SERVICES,CUST-0352,2026-07-23T00:22:48Z,AE,mobile,0
TXN-2026-04851,930.8,ecom,HEALTHCARE,CUST-0600,2026-07-11T10:42:50Z,SA,mobile,0
TXN-2026-04852,48.69,pos,ELECTRONICS,CUST-0296,2026-06-29T09:01:18Z,EG,mobile,0
TXN-2026-04853,551.16,atm,HOME_GOODS,CUST-0337,2026-07-20T06:41:29Z,SA,mobile,1
TXN-2026-04854,20.72,pos,UTILITIES,CUST-0242,2026-07-26T18:59:11Z,AE,atm,0
TXN-2026-04855,39.87,ecom,PHARMACY,CUST-0155,2026-07-07T23:51:40Z,GB,web,0
TXN-2026-04856,88.22,pos,PHARMACY,CUST-0234,2026-07-24T01:17:59Z,SA,pos_terminal,1
TXN-2026-04857,13.47,pos,UTILITIES,CUST-0219,2026-07-04T05:14:54Z,EG,pos_terminal,0
TXN-2026-04858,105.21,transfer,FUEL,CUST-0515,2026-06-19T16:44:59Z,AE,mobile,0
TXN-2026-04859,126.57,pos,PHARMACY,CUST-0584,2026-07-19T15:02:45Z,US,web,0
TXN-2026-04860,40.39,pos,FUEL,CUST-0232,2026-06-16T16:50:56Z,GB,mobile,0
TXN-2026-04861,75.64,pos,ONLINE_SERVICES,CUST-0443,2026-06-24T09:32:31Z,SA,mobile,0
TXN-2026-04862,40.33,pos,FASHION,CUST-0262,2026-07-03T07:51:50Z,EG,atm,0
TXN-2026-04863,181.76,pos,TELECOM,CUST-0516,2026-07-21T14:33:38Z,EG,web,0
TXN-2026-04864,100.06,ecom,EDUCATION,CUST-0315,2026-06-14T01:14:41Z,US,mobile,1
TXN-2026-04865,267.22,ecom,RESTAURANT,CUST-0388,2026-06-08T20:23:46Z,GB,pos_terminal,0
TXN-2026-04866,83.11,pos,FUEL,CUST-0758,2026-07-04T00:43:13Z,GB,mobile,0
TXN-2026-04867,107.1,pos,FASHION,CUST-0558,2026-07-24T13:21:19Z,EG,atm,0
TXN-2026-04868,133.63,pos,FUEL,CUST-0400,2026-06-13T22:35:42Z,SA,web,0
TXN-2026-04869,28.58,atm,RESTAURANT,CUST-0144,2026-07-18T18:35:52Z,SA,mobile,0
TXN-2026-04870,179.87,pos,HEALTHCARE,CUST-0551,2026-06-03T02:11:14Z,SA,pos_terminal,0
TXN-2026-04871,170.68,pos,ENTERTAINMENT,CUST-0763,2026-06-23T19:00:05Z,SA,web,0
TXN-2026-04872,60.25,ecom,ONLINE_SERVICES,CUST-0697,2026-07-18T09:20:56Z,GB,pos_terminal,0
TXN-2026-04873,68.46,transfer,TELECOM,CUST-0051,2026-07-11T02:59:05Z,SA,web,0
TXN-2026-04874,270.23,atm,FUEL,CUST-0202,2026-07-10T07:34:53Z,SA,atm,0
TXN-2026-04875,36.27,pos,UTILITIES,CUST-0705,2026-06-13T07:58:27Z,GB,web,0
TXN-2026-04876,236.27,pos,HEALTHCARE,CUST-0415,2026-07-14T13:04:38Z,AE,pos_terminal,0
TXN-2026-04877,75.74,pos,ELECTRONICS,CUST-0738,2026-06-01T12:44:39Z,AE,web,0
TXN-2026-04878,10.65,pos,TELECOM,CUST-0593,2026-07-02T23:32:37Z,EG,web,0
TXN-2026-04879,108.66,transfer,JEWELRY,CUST-0040,2026-06-05T00:30:10Z,SA,web,0
TXN-2026-04880,42.81,ecom,TELECOM,CUST-0146,2026-06-29T16:15:51Z,SA,mobile,0
TXN-2026-04881,14.18,ecom,JEWELRY,CUST-0007,2026-06-18T08:09:21Z,SA,atm,0
TXN-2026-04882,32.23,ecom,FASHION,CUST-0274,2026-06-22T17:16:30Z,GB,mobile,0
TXN-2026-04883,100.54,pos,GROCERY,CUST-0656,2026-07-29T02:38:55Z,SA,mobile,0
TXN-2026-04884,826.04,ecom,ENTERTAINMENT,CUST-0246,2026-06-12T07:19:57Z,SA,mobile,0
TXN-2026-04885,25.22,pos,GROCERY,CUST-0309,2026-06-14T03:03:58Z,US,web,0
TXN-2026-04886,12.04,pos,TELECOM,CUST-0574,2026-07-21T14:50:27Z,US,mobile,0
TXN-2026-04887,401.87,ecom,ONLINE_SERVICES,CUST-0449,2026-07-20T18:31:23Z,SA,mobile,0
TXN-2026-04888,196.73,transfer,FASHION,CUST-0706,2026-06-23T18:40:11Z,SA,mobile,0
TXN-2026-04889,50.66,pos,HOME_GOODS,CUST-0571,2026-07-27T04:57:50Z,SA,mobile,0
TXN-2026-04890,47.49,transfer,HOME_GOODS,CUST-0427,2026-06-02T11:53:02Z,AE,pos_terminal,0
TXN-2026-04891,823.18,transfer,TRAVEL,CUST-0015,2026-07-01T06:53:01Z,GB,atm,0
TXN-2026-04892,5.99,pos,TRAVEL,CUST-0130,2026-07-26T08:18:07Z,SA,web,0
TXN-2026-04893,29.99,ecom,ELECTRONICS,CUST-0180,2026-07-01T00:01:09Z,SA,web,0
TXN-2026-04894,30.2,pos,EDUCATION,CUST-0143,2026-06-06T23:51:53Z,EG,atm,0
TXN-2026-04895,35.9,pos,JEWELRY,CUST-0544,2026-06-20T07:21:53Z,AE,web,0
TXN-2026-04896,470.16,ecom,ELECTRONICS,CUST-0312,2026-07-03T18:09:53Z,AE,pos_terminal,0
TXN-2026-04897,1088.83,ecom,HEALTHCARE,CUST-0431,2026-07-15T10:35:49Z,SA,mobile,0
TXN-2026-04898,9.63,transfer,RESTAURANT,CUST-0526,2026-06-28T04:38:09Z,EG,mobile,0
TXN-2026-04899,256.9,pos,ONLINE_SERVICES,CUST-0627,2026-07-20T07:28:59Z,SA,web,0
TXN-2026-04900,194.93,atm,HOME_GOODS,CUST-0181,2026-07-04T12:47:55Z,EG,pos_terminal,0
TXN-2026-04901,22.29,atm,TELECOM,CUST-0061,2026-06-02T11:12:34Z,AE,atm,0
TXN-2026-04902,290.72,ecom,TELECOM,CUST-0691,2026-06-24T02:13:54Z,SA,pos_terminal,1
TXN-2026-04903,38.96,atm,ONLINE_SERVICES,CUST-0379,2026-07-11T05:02:07Z,AE,mobile,0
TXN-2026-04904,62.12,transfer,TELECOM,CUST-0604,2026-06-05T21:41:26Z,SA,mobile,0
TXN-2026-04905,59.33,atm,HOME_GOODS,CUST-0226,2026-07-07T13:12:11Z,SA,pos_terminal,0
TXN-2026-04906,223.82,atm,HOME_GOODS,CUST-0667,2026-07-30T10:12:06Z,GB,pos_terminal,0
TXN-2026-04907,97.45,pos,TRAVEL,CUST-0385,2026-06-09T10:36:12Z,GB,pos_terminal,0
TXN-2026-04908,41.69,ecom,PHARMACY,CUST-0086,2026-07-18T08:00:42Z,GB,pos_terminal,0
TXN-2026-04909,244.45,pos,TRAVEL,CUST-0740,2026-07-11T17:59:43Z,SA,web,0
TXN-2026-04910,47.7,pos,UTILITIES,CUST-0319,2026-07-05T22:32:19Z,SA,atm,0
TXN-2026-04911,183.51,ecom,UTILITIES,CUST-0293,2026-07-12T19:26:39Z,SA,web,1
TXN-2026-04912,611.51,atm,HOME_GOODS,CUST-0378,2026-07-12T14:00:50Z,AE,pos_terminal,0
TXN-2026-04913,124.47,pos,FASHION,CUST-0012,2026-06-24T18:35:58Z,SA,atm,0
TXN-2026-04914,96.26,pos,RESTAURANT,CUST-0300,2026-06-02T01:34:06Z,SA,web,0
TXN-2026-04915,798.84,ecom,PHARMACY,CUST-0013,2026-07-21T13:10:04Z,US,web,0
TXN-2026-04916,87.09,ecom,FASHION,CUST-0313,2026-06-14T09:59:16Z,GB,pos_terminal,0
TXN-2026-04917,264.46,ecom,JEWELRY,CUST-0235,2026-07-30T12:05:14Z,GB,mobile,0
TXN-2026-04918,40.24,ecom,JEWELRY,CUST-0335,2026-06-20T12:14:22Z,EG,pos_terminal,0
TXN-2026-04919,1121.92,pos,TELECOM,CUST-0425,2026-07-23T17:28:11Z,SA,web,0
TXN-2026-04920,551.16,pos,RESTAURANT,CUST-0171,2026-07-01T01:19:39Z,AE,web,0
TXN-2026-04921,39.74,pos,FUEL,CUST-0300,2026-07-10T05:16:23Z,SA,web,0
TXN-2026-04922,75.9,pos,GROCERY,CUST-0745,2026-07-12T08:46:34Z,SA,pos_terminal,0
TXN-2026-04923,67.37,ecom,HEALTHCARE,CUST-0676,2026-07-11T08:57:37Z,SA,pos_terminal,0
TXN-2026-04924,26.41,transfer,JEWELRY,CUST-0510,2026-07-26T04:18:48Z,SA,atm,0
TXN-2026-04925,44.71,pos,RESTAURANT,CUST-0419,2026-07-21T23:15:30Z,SA,web,0
TXN-2026-04926,521.8,pos,EDUCATION,CUST-0330,2026-06-13T09:40:35Z,SA,pos_terminal,0
TXN-2026-04927,32.4,ecom,JEWELRY,CUST-0466,2026-06-17T18:08:09Z,SA,atm,0
TXN-2026-04928,428.1,ecom,PHARMACY,CUST-0140,2026-06-07T18:00:32Z,SA,atm,0
TXN-2026-04929,137.59,pos,TELECOM,CUST-0422,2026-06-10T11:01:31Z,US,web,0
TXN-2026-04930,72.63,atm,EDUCATION,CUST-0487,2026-07-20T06:23:48Z,SA,atm,0
TXN-2026-04931,854.97,ecom,UTILITIES,CUST-0055,2026-06-22T16:13:51Z,SA,pos_terminal,0
TXN-2026-04932,379.28,atm,TELECOM,CUST-0770,2026-06-16T02:03:11Z,US,pos_terminal,0
TXN-2026-04933,101.73,pos,FASHION,CUST-0489,2026-07-02T07:20:09Z,SA,atm,0
TXN-2026-04934,356.89,pos,TRAVEL,CUST-0254,2026-06-30T08:49:00Z,SA,web,0
TXN-2026-04935,310.27,pos,ENTERTAINMENT,CUST-0705,2026-06-13T11:14:39Z,EG,atm,0
TXN-2026-04936,45.63,ecom,FASHION,CUST-0108,2026-07-25T02:33:34Z,SA,atm,0
TXN-2026-04937,113.08,ecom,FUEL,CUST-0067,2026-07-21T04:07:44Z,GB,atm,0
TXN-2026-04938,35.14,pos,ELECTRONICS,CUST-0604,2026-07-18T05:01:49Z,AE,pos_terminal,0
TXN-2026-04939,398.79,atm,ONLINE_SERVICES,CUST-0749,2026-06-07T22:27:08Z,GB,atm,1
TXN-2026-04940,100.98,pos,FUEL,CUST-0280,2026-06-26T07:02:02Z,GB,web,0
TXN-2026-04941,29.97,ecom,TELECOM,CUST-0745,2026-07-19T06:42:40Z,EG,atm,0
TXN-2026-04942,493.8,pos,JEWELRY,CUST-0190,2026-07-19T03:47:24Z,SA,atm,0
TXN-2026-04943,30.55,pos,HEALTHCARE,CUST-0449,2026-07-22T20:39:29Z,SA,pos_terminal,0
TXN-2026-04944,53.88,ecom,EDUCATION,CUST-0422,2026-06-17T14:48:42Z,SA,web,0
TXN-2026-04945,60.51,pos,HOME_GOODS,CUST-0667,2026-07-17T22:39:02Z,GB,web,0
TXN-2026-04946,5.41,transfer,FUEL,CUST-0553,2026-06-28T23:47:31Z,GB,atm,0
TXN-2026-04947,61.16,pos,RESTAURANT,CUST-0382,2026-07-22T14:23:23Z,SA,pos_terminal,0
TXN-2026-04948,22.81,pos,HEALTHCARE,CUST-0573,2026-07-20T16:36:03Z,SA,mobile,0
TXN-2026-04949,67.52,pos,EDUCATION,CUST-0662,2026-07-08T21:32:46Z,US,mobile,0
TXN-2026-04950,17.83,pos,HEALTHCARE,CUST-0179,2026-06-03T05:35:41Z,SA,web,0
TXN-2026-04951,461.74,ecom,FASHION,CUST-0184,2026-07-15T13:20:05Z,GB,pos_terminal,0
TXN-2026-04952,204.74,pos,TRAVEL,CUST-0408,2026-07-02T01:19:58Z,SA,web,0
TXN-2026-04953,116.74,ecom,FASHION,CUST-0690,2026-07-06T11:28:28Z,AE,web,0
TXN-2026-04954,2443.72,ecom,FASHION,CUST-0323,2026-06-02T23:52:59Z,EG,pos_terminal,0
TXN-2026-04955,53.89,pos,HOME_GOODS,CUST-0444,2026-06-10T18:26:29Z,AE,atm,0
TXN-2026-04956,282.81,atm,ELECTRONICS,CUST-0619,2026-06-03T15:14:56Z,SA,mobile,0
TXN-2026-04957,215.56,ecom,FUEL,CUST-0483,2026-07-15T13:19:49Z,SA,web,0
TXN-2026-04958,48.05,pos,PHARMACY,CUST-0140,2026-06-17T10:41:45Z,US,web,0
TXN-2026-04959,27.71,pos,FASHION,CUST-0024,2026-07-21T12:21:16Z,EG,web,0
TXN-2026-04960,51.58,pos,EDUCATION,CUST-0321,2026-07-10T17:14:26Z,AE,pos_terminal,0
TXN-2026-04961,112.44,pos,TELECOM,CUST-0418,2026-07-14T15:09:03Z,SA,mobile,0
TXN-2026-04962,55.39,atm,FUEL,CUST-0202,2026-06-12T16:32:23Z,AE,atm,0
TXN-2026-04963,191.49,pos,ONLINE_SERVICES,CUST-0022,2026-07-06T18:08:14Z,GB,mobile,0
TXN-2026-04964,222.21,ecom,ENTERTAINMENT,CUST-0311,2026-07-05T19:03:56Z,US,atm,1
TXN-2026-04965,63.9,pos,UTILITIES,CUST-0614,2026-06-22T06:42:34Z,GB,pos_terminal,0
TXN-2026-04966,199.52,ecom,HOME_GOODS,CUST-0710,2026-07-19T08:11:53Z,GB,mobile,0
TXN-2026-04967,52.45,atm,RESTAURANT,CUST-0780,2026-07-26T00:16:57Z,SA,pos_terminal,0
TXN-2026-04968,248.76,pos,TELECOM,CUST-0199,2026-07-10T09:40:19Z,SA,mobile,0
TXN-2026-04969,48.92,transfer,GROCERY,CUST-0145,2026-07-15T22:12:14Z,AE,atm,0
TXN-2026-04970,281.53,pos,HOME_GOODS,CUST-0631,2026-06-19T12:29:20Z,GB,web,0
TXN-2026-04971,55.78,pos,TELECOM,CUST-0257,2026-06-13T02:11:17Z,SA,web,0
TXN-2026-04972,61.14,ecom,TRAVEL,CUST-0596,2026-07-15T22:25:07Z,GB,pos_terminal,0
TXN-2026-04973,44.09,pos,EDUCATION,CUST-0725,2026-06-18T03:54:28Z,SA,atm,0
TXN-2026-04974,41.29,pos,HOME_GOODS,CUST-0058,2026-07-20T05:24:12Z,SA,mobile,0
TXN-2026-04975,87.44,transfer,EDUCATION,CUST-0565,2026-07-03T06:02:37Z,SA,web,0
TXN-2026-04976,131.13,pos,ENTERTAINMENT,CUST-0230,2026-06-02T15:10:39Z,AE,web,0
TXN-2026-04977,24.97,pos,ELECTRONICS,CUST-0791,2026-06-08T19:28:43Z,SA,pos_terminal,0
TXN-2026-04978,67.73,ecom,HEALTHCARE,CUST-0393,2026-07-26T01:41:09Z,GB,atm,0
TXN-2026-04979,974.78,atm,EDUCATION,CUST-0452,2026-07-30T10:50:49Z,SA,mobile,1
TXN-2026-04980,104.99,atm,EDUCATION,CUST-0714,2026-07-25T03:21:24Z,US,atm,0
TXN-2026-04981,359.08,pos,FASHION,CUST-0773,2026-07-11T17:43:53Z,SA,mobile,0
TXN-2026-04982,99.05,ecom,UTILITIES,CUST-0218,2026-06-29T19:25:20Z,EG,pos_terminal,0
TXN-2026-04983,455.84,pos,JEWELRY,CUST-0331,2026-07-25T20:49:44Z,SA,atm,0
TXN-2026-04984,89.06,pos,EDUCATION,CUST-0314,2026-07-05T19:37:36Z,AE,pos_terminal,0
TXN-2026-04985,279.84,atm,ONLINE_SERVICES,CUST-0150,2026-06-04T11:43:41Z,SA,mobile,0
TXN-2026-04986,386.49,ecom,GROCERY,CUST-0540,2026-06-13T01:34:57Z,SA,pos_terminal,0
TXN-2026-04987,210.47,pos,FUEL,CUST-0212,2026-06-04T11:09:36Z,GB,web,0
TXN-2026-04988,180.97,pos,HEALTHCARE,CUST-0554,2026-06-07T07:09:23Z,SA,web,0
TXN-2026-04989,111.62,atm,EDUCATION,CUST-0522,2026-06-12T04:06:08Z,SA,mobile,0
TXN-2026-04990,88.65,atm,PHARMACY,CUST-0782,2026-07-12T16:48:22Z,SA,web,0
TXN-2026-04991,94.63,ecom,ELECTRONICS,CUST-0019,2026-07-27T00:31:06Z,SA,atm,0
TXN-2026-04992,217.16,atm,ENTERTAINMENT,CUST-0595,2026-06-07T22:19:40Z,US,mobile,0
TXN-2026-04993,11.37,pos,UTILITIES,CUST-0316,2026-06-20T00:18:19Z,SA,mobile,0
TXN-2026-04994,369.61,ecom,FUEL,CUST-0456,2026-07-12T09:12:25Z,SA,pos_terminal,0
TXN-2026-04995,56.75,pos,RESTAURANT,CUST-0615,2026-06-23T12:18:25Z,SA,atm,0
TXN-2026-04996,96.68,transfer,GROCERY,CUST-0782,2026-06-07T13:32:53Z,EG,web,0
TXN-2026-04997,5.0,pos,JEWELRY,CUST-0611,2026-07-01T01:50:40Z,SA,atm,0
TXN-2026-04998,72.09,atm,TRAVEL,CUST-0234,2026-07-05T07:05:19Z,US,pos_terminal,0
TXN-2026-04999,59.11,ecom,RESTAURANT,CUST-0530,2026-06-13T19:26:53Z,US,pos_terminal,0
